-- MySQL dump 10.13  Distrib 5.5.53, for debian-linux-gnu (x86_64)
--
-- Host: localhost    Database: cacti
-- ------------------------------------------------------
-- Server version	5.5.53-0ubuntu0.14.04.1

/*!40101 SET @OLD_CHARACTER_SET_CLIENT=@@CHARACTER_SET_CLIENT */;
/*!40101 SET @OLD_CHARACTER_SET_RESULTS=@@CHARACTER_SET_RESULTS */;
/*!40101 SET @OLD_COLLATION_CONNECTION=@@COLLATION_CONNECTION */;
/*!40101 SET NAMES utf8 */;
/*!40103 SET @OLD_TIME_ZONE=@@TIME_ZONE */;
/*!40103 SET TIME_ZONE='+00:00' */;
/*!40014 SET @OLD_UNIQUE_CHECKS=@@UNIQUE_CHECKS, UNIQUE_CHECKS=0 */;
/*!40014 SET @OLD_FOREIGN_KEY_CHECKS=@@FOREIGN_KEY_CHECKS, FOREIGN_KEY_CHECKS=0 */;
/*!40101 SET @OLD_SQL_MODE=@@SQL_MODE, SQL_MODE='NO_AUTO_VALUE_ON_ZERO' */;
/*!40111 SET @OLD_SQL_NOTES=@@SQL_NOTES, SQL_NOTES=0 */;

--
-- Table structure for table `cdef`
--

create database cacti;
grant all on cacti.* to cacti@localhost identified by 'cacti';
USE cacti;


DROP TABLE IF EXISTS `cdef`;
/*!40101 SET @saved_cs_client     = @@character_set_client */;
/*!40101 SET character_set_client = utf8 */;
CREATE TABLE `cdef` (
  `id` mediumint(8) unsigned NOT NULL AUTO_INCREMENT,
  `hash` varchar(32) NOT NULL DEFAULT '',
  `name` varchar(255) NOT NULL DEFAULT '',
  PRIMARY KEY (`id`)
) ENGINE=MyISAM AUTO_INCREMENT=21 DEFAULT CHARSET=latin1;
/*!40101 SET character_set_client = @saved_cs_client */;

--
-- Dumping data for table `cdef`
--

LOCK TABLES `cdef` WRITE;
/*!40000 ALTER TABLE `cdef` DISABLE KEYS */;
INSERT INTO `cdef` VALUES (3,'3d352eed9fa8f7b2791205b3273708c7','Make Stack Negative'),(4,'e961cc8ec04fda6ed4981cf5ad501aa5','Make Per 5 Minutes'),(12,'f1ac79f05f255c02f914c920f1038c54','Total All Data Sources'),(2,'73f95f8b77b5508157d64047342c421e','Turn Bytes into Bits'),(14,'634a23af5e78af0964e8d33b1a4ed26b','Multiply by 1024'),(15,'068984b5ccdfd2048869efae5166f722','Total All Data Sources, Multiply by 1024'),(16,'41d094c95b3ae8f0d3a67f9c3ddb6a75','Percona Turn Into Bits CDEF'),(17,'4281cf63dfde6f44b46a59f022cf82b2','Percona Negate CDEF'),(18,'6a969baff7cde4be968660438223c1f6','Percona Disk Write Time per IO Request CDEF'),(19,'203513d20d99be3de7e604a85d2738ed','Percona Disk Write Time per IO Request Negate CDEF'),(20,'07b3417536863436f1003ecb27cd44c8','Percona Disk Read Time per IO Request CDEF');
/*!40000 ALTER TABLE `cdef` ENABLE KEYS */;
UNLOCK TABLES;

--
-- Table structure for table `cdef_items`
--

DROP TABLE IF EXISTS `cdef_items`;
/*!40101 SET @saved_cs_client     = @@character_set_client */;
/*!40101 SET character_set_client = utf8 */;
CREATE TABLE `cdef_items` (
  `id` mediumint(8) unsigned NOT NULL AUTO_INCREMENT,
  `hash` varchar(32) NOT NULL DEFAULT '',
  `cdef_id` mediumint(8) unsigned NOT NULL DEFAULT '0',
  `sequence` mediumint(8) unsigned NOT NULL DEFAULT '0',
  `type` tinyint(2) NOT NULL DEFAULT '0',
  `value` varchar(150) NOT NULL DEFAULT '',
  PRIMARY KEY (`id`),
  KEY `cdef_id` (`cdef_id`)
) ENGINE=MyISAM AUTO_INCREMENT=41 DEFAULT CHARSET=latin1;
/*!40101 SET character_set_client = @saved_cs_client */;

--
-- Dumping data for table `cdef_items`
--

LOCK TABLES `cdef_items` WRITE;
/*!40000 ALTER TABLE `cdef_items` DISABLE KEYS */;
INSERT INTO `cdef_items` VALUES (7,'9bbf6b792507bb9bb17d2af0970f9be9',2,1,4,'CURRENT_DATA_SOURCE'),(9,'a4b8eb2c3bf4920a3ef571a7a004be53',2,2,6,'8'),(8,'caa4e023ac2d7b1c4b4c8c4adfd55dfe',2,3,2,'3'),(10,'c888c9fe6b62c26c4bfe23e18991731d',3,1,4,'CURRENT_DATA_SOURCE'),(11,'1e1d0b29a94e08b648c8f053715442a0',3,3,2,'3'),(12,'4355c197998c7f8b285be7821ddc6da4',3,2,6,'-1'),(13,'40bb7a1143b0f2e2efca14eb356236de',4,1,4,'CURRENT_DATA_SOURCE'),(14,'42686ea0925c0220924b7d333599cd67',4,3,2,'3'),(15,'faf1b148b2c0e0527362ed5b8ca1d351',4,2,6,'300'),(16,'0ef6b8a42dc83b4e43e437960fccd2ea',12,1,4,'ALL_DATA_SOURCES_NODUPS'),(18,'86370cfa0008fe8c56b28be80ee39a40',14,1,4,'CURRENT_DATA_SOURCE'),(19,'9a35cc60d47691af37f6fddf02064e20',14,2,6,'1024'),(20,'5d7a7941ec0440b257e5598a27dd1688',14,3,2,'3'),(21,'44fd595c60539ff0f5817731d9f43a85',15,1,4,'ALL_DATA_SOURCES_NODUPS'),(22,'aa38be265e5ac31783e57ce6f9314e9a',15,2,6,'1024'),(23,'204423d4b2598f1f7252eea19458345c',15,3,2,'3'),(24,'568aa74185b3c1653c397f54e81b9126',16,1,4,'CURRENT_DATA_SOURCE'),(25,'43a4ea400b2069920aa957b0289cd48f',16,2,6,'8'),(26,'48008a1db45bbb1f11f2deccd31a2bdf',16,3,2,'3'),(27,'39d460ccabbb1f19bfebf71e84b15070',17,1,4,'CURRENT_DATA_SOURCE'),(28,'390f3e01ab124c1e22ed522de3221183',17,2,6,'-1'),(29,'fe6ddc8f638831cd799b3b19f964a3f8',17,3,2,'3'),(30,'fe8c46c25d5cd686e2169f4fb44a0174',18,1,6,'d'),(31,'347cb78f5f40fe95aeba491851748f54',18,2,6,'b'),(32,'a30369d7a17a93fe5b3657bbc66ce4cb',18,3,2,'4'),(33,'28a3daa5c2e9851757d334fdf27b52ee',19,1,6,'d'),(34,'3c92d82334cec1940c806564e1e0cba6',19,2,6,'b'),(35,'5558cedb72897a4c5ba8f5530aa1fa44',19,3,2,'4'),(36,'b38befd7c39659ad863e9e3f072c260c',19,4,6,'-1'),(37,'6f97ee810410b1a97ef6a0656f26ffae',19,5,2,'3'),(38,'e0aecbc6f1e7617d534561aa107a5ce0',20,1,6,'c'),(39,'518cf90ff9d0ab3ef093e5b7430d97e5',20,2,6,'a'),(40,'9c6bd2d7b3a7128d3c44ba85dba669cc',20,3,2,'4');
/*!40000 ALTER TABLE `cdef_items` ENABLE KEYS */;
UNLOCK TABLES;

--
-- Table structure for table `colors`
--

DROP TABLE IF EXISTS `colors`;
/*!40101 SET @saved_cs_client     = @@character_set_client */;
/*!40101 SET character_set_client = utf8 */;
CREATE TABLE `colors` (
  `id` mediumint(8) unsigned NOT NULL AUTO_INCREMENT,
  `hex` varchar(6) NOT NULL DEFAULT '',
  PRIMARY KEY (`id`)
) ENGINE=MyISAM AUTO_INCREMENT=246 DEFAULT CHARSET=latin1;
/*!40101 SET character_set_client = @saved_cs_client */;

--
-- Dumping data for table `colors`
--

LOCK TABLES `colors` WRITE;
/*!40000 ALTER TABLE `colors` DISABLE KEYS */;
INSERT INTO `colors` VALUES (1,'000000'),(2,'FFFFFF'),(4,'FAFD9E'),(5,'C0C0C0'),(6,'74C366'),(7,'6DC8FE'),(8,'EA8F00'),(9,'FF0000'),(10,'4444FF'),(11,'FF00FF'),(12,'00FF00'),(13,'8D85F3'),(14,'AD3B6E'),(15,'EACC00'),(16,'12B3B5'),(17,'157419'),(18,'C4FD3D'),(19,'817C4E'),(20,'002A97'),(21,'0000FF'),(22,'00CF00'),(24,'F9FD5F'),(25,'FFF200'),(26,'CCBB00'),(27,'837C04'),(28,'EAAF00'),(29,'FFD660'),(30,'FFC73B'),(31,'FFAB00'),(33,'FF7D00'),(34,'ED7600'),(35,'FF5700'),(36,'EE5019'),(37,'B1441E'),(38,'FFC3C0'),(39,'FF897C'),(40,'FF6044'),(41,'FF4105'),(42,'DA4725'),(43,'942D0C'),(44,'FF3932'),(45,'862F2F'),(46,'FF5576'),(47,'562B29'),(48,'F51D30'),(49,'DE0056'),(50,'ED5394'),(51,'B90054'),(52,'8F005C'),(53,'F24AC8'),(54,'E8CDEF'),(55,'D8ACE0'),(56,'A150AA'),(57,'750F7D'),(58,'8D00BA'),(59,'623465'),(60,'55009D'),(61,'3D168B'),(62,'311F4E'),(63,'D2D8F9'),(64,'9FA4EE'),(65,'6557D0'),(66,'4123A1'),(67,'4668E4'),(68,'0D006A'),(69,'00004D'),(70,'001D61'),(71,'00234B'),(72,'002A8F'),(73,'2175D9'),(74,'7CB3F1'),(75,'005199'),(76,'004359'),(77,'00A0C1'),(78,'007283'),(79,'00BED9'),(80,'AFECED'),(81,'55D6D3'),(82,'00BBB4'),(83,'009485'),(84,'005D57'),(85,'008A77'),(86,'008A6D'),(87,'00B99B'),(88,'009F67'),(89,'00694A'),(90,'00A348'),(91,'00BF47'),(92,'96E78A'),(93,'00BD27'),(94,'35962B'),(95,'7EE600'),(96,'6EA100'),(97,'CAF100'),(98,'F5F800'),(99,'CDCFC4'),(100,'BCBEB3'),(101,'AAABA1'),(102,'8F9286'),(103,'797C6E'),(104,'2E3127'),(105,'803405'),(106,'5D868C'),(107,'700004'),(108,'EEB78E'),(109,'47748B'),(110,'784890'),(111,'D1642E'),(112,'487860'),(113,'907890'),(114,'1693A7'),(115,'B83A04'),(116,'540202'),(117,'6E645A'),(118,'BF4E15'),(119,'91204D'),(120,'9E8655'),(121,'941342'),(122,'435247'),(123,'00CBF6'),(124,'BFBD82'),(125,'C5031A'),(126,'F39034'),(127,'3D282A'),(128,'33369E'),(129,'08A000'),(130,'850707'),(131,'FFDB87'),(132,'25345C'),(133,'88008A'),(134,'4F7774'),(135,'2A2829'),(136,'668284'),(137,'493736'),(138,'7B3B3B'),(139,'542437'),(140,'53777A'),(141,'755E5E'),(142,'C02942'),(143,'75637E'),(144,'81BFE0'),(145,'4E3F30'),(146,'2C5043'),(147,'3B7AD9'),(148,'0E4E5A'),(149,'62BECB'),(150,'6A4A3C'),(151,'CC333F'),(152,'EB6841'),(153,'EDC951'),(154,'00A0B0'),(155,'4AC3B2'),(156,'8C2318'),(157,'5E8C6A'),(158,'88A65E'),(159,'BFB35A'),(160,'F2C45A'),(161,'7A6A53'),(162,'D5DED9'),(163,'948C75'),(164,'ECD078'),(165,'D95B43'),(166,'E4844A'),(167,'3D2610'),(168,'324D88'),(169,'A03333'),(170,'3C5E53'),(171,'06998F'),(172,'105B3D'),(173,'F8BE7D'),(174,'CC1306'),(175,'A38A64'),(176,'183030'),(177,'9B2B1B'),(178,'6FD1BF'),(179,'0E6E5C'),(180,'FF7200'),(181,'503001'),(182,'EDAC00'),(183,'506101'),(184,'0CCCCC'),(185,'53CA05'),(186,'71FF06'),(187,'FF2400'),(188,'E83089'),(189,'17D2E1'),(190,'3F00B8'),(191,'99B898'),(192,'2A363B'),(193,'FECEA8'),(194,'3D1500'),(195,'EDAA41'),(196,'AA3B27'),(197,'13343B'),(198,'402204'),(199,'B3092B'),(200,'FFBF00'),(201,'0ABFCC'),(202,'793A57'),(203,'8C873E'),(204,'A38A5F'),(205,'306078'),(206,'686240'),(207,'4B2744'),(208,'E4C576'),(209,'D6883A'),(210,'E6D883'),(211,'55AD84'),(212,'6E3803'),(213,'5B8257'),(214,'AB4253'),(215,'D09887'),(216,'4A6959'),(217,'1D1159'),(218,'0C4E5D'),(219,'D9C7A3'),(220,'D1C5A5'),(221,'4D3339'),(222,'E97F02'),(223,'23B0BA'),(224,'D99362'),(225,'663344'),(226,'201A33'),(227,'661100'),(228,'B11D03'),(229,'E84A5F'),(230,'7020AF'),(231,'708226'),(232,'783030'),(233,'FF7F00'),(234,'54382A'),(235,'B56414'),(236,'521808'),(237,'194240'),(238,'4D4A47'),(239,'C79F71'),(240,'BDB8B3'),(241,'8C286E'),(242,'BAB27F'),(243,'FA6900'),(244,'5A3D31'),(245,'69D2E7');
/*!40000 ALTER TABLE `colors` ENABLE KEYS */;
UNLOCK TABLES;

--
-- Table structure for table `data_input`
--

DROP TABLE IF EXISTS `data_input`;
/*!40101 SET @saved_cs_client     = @@character_set_client */;
/*!40101 SET character_set_client = utf8 */;
CREATE TABLE `data_input` (
  `id` mediumint(8) unsigned NOT NULL AUTO_INCREMENT,
  `hash` varchar(32) NOT NULL DEFAULT '',
  `name` varchar(200) NOT NULL DEFAULT '',
  `input_string` varchar(255) DEFAULT NULL,
  `type_id` tinyint(2) NOT NULL DEFAULT '0',
  PRIMARY KEY (`id`),
  KEY `name` (`name`)
) ENGINE=MyISAM AUTO_INCREMENT=95 DEFAULT CHARSET=latin1;
/*!40101 SET character_set_client = @saved_cs_client */;

--
-- Dumping data for table `data_input`
--

LOCK TABLES `data_input` WRITE;
/*!40000 ALTER TABLE `data_input` DISABLE KEYS */;
INSERT INTO `data_input` VALUES (1,'3eb92bb845b9660a7445cf9740726522','Get SNMP Data','',2),(2,'bf566c869ac6443b0c75d1c32b5a350e','Get SNMP Data (Indexed)','',3),(3,'274f4685461170b9eb1b98d22567ab5e','Unix - Get Free Disk Space','<path_cacti>/scripts/diskfree.sh <partition>',1),(4,'95ed0993eb3095f9920d431ac80f4231','Unix - Get Load Average','perl <path_cacti>/scripts/loadavg_multi.pl',1),(5,'79a284e136bb6b061c6f96ec219ac448','Unix - Get Logged In Users','perl <path_cacti>/scripts/unix_users.pl <username>',1),(6,'362e6d4768937c4f899dd21b91ef0ff8','Linux - Get Memory Usage','perl <path_cacti>/scripts/linux_memory.pl <grepstr>',1),(7,'a637359e0a4287ba43048a5fdf202066','Unix - Get System Processes','perl <path_cacti>/scripts/unix_processes.pl',1),(8,'47d6bfe8be57a45171afd678920bd399','Unix - Get TCP Connections','perl <path_cacti>/scripts/unix_tcp_connections.pl <grepstr>',1),(9,'cc948e4de13f32b6aea45abaadd287a3','Unix - Get Web Hits','perl <path_cacti>/scripts/webhits.pl <log_path>',1),(10,'8bd153aeb06e3ff89efc73f35849a7a0','Unix - Ping Host','perl <path_cacti>/scripts/ping.pl <ip>',1),(11,'80e9e4c4191a5da189ae26d0e237f015','Get Script Data (Indexed)','',4),(12,'332111d8b54ac8ce939af87a7eac0c06','Get Script Server Data (Indexed)','',6),(13,'3a1138260100a8ad7491f01cd320eafe','Percona Get Apache Stats/Apache Requests IM','<path_php_binary> -q <path_cacti>/scripts/ss_get_by_ssh.php --host <hostname> --type apache --items gg',1),(14,'e7c3bd09981bae0e500d91d4ed65b033','Percona Get Apache Stats/Apache Bytes IM','<path_php_binary> -q <path_cacti>/scripts/ss_get_by_ssh.php --host <hostname> --type apache --items gh',1),(15,'841efa5ccfdb22733a2bfdf131f7a6af','Percona Get Apache Stats/Apache CPU Load IM','<path_php_binary> -q <path_cacti>/scripts/ss_get_by_ssh.php --host <hostname> --type apache --items gk',1),(16,'93916a025f8888af6ae3c9bab9e6be16','Percona Get Apache Stats/Apache Workers IM','<path_php_binary> -q <path_cacti>/scripts/ss_get_by_ssh.php --host <hostname> --type apache --items gi,gj',1),(17,'493e4674df99947c33e1a85d37551e51','Percona Get Apache Stats/Apache Scoreboard IM','<path_php_binary> -q <path_cacti>/scripts/ss_get_by_ssh.php --host <hostname> --type apache --items gl,gm,gn,go,gp,gq,gr,gs,gt,gu,gv',1),(18,'567ca3f6e345bb1328e79b714821d280','Percona Get Proc Stats/Interrupts IM','<path_php_binary> -q <path_cacti>/scripts/ss_get_by_ssh.php --host <hostname> --type proc_stat --items hl',1),(19,'1d3462c3aa7ed41835f51f68244e515d','Percona Get Proc Stats/Context Switches IM','<path_php_binary> -q <path_cacti>/scripts/ss_get_by_ssh.php --host <hostname> --type proc_stat --items hm',1),(20,'cf9a4947d51c8968a391d5649cc7b11c','Percona Get Proc Stats/Forks IM','<path_php_binary> -q <path_cacti>/scripts/ss_get_by_ssh.php --host <hostname> --type proc_stat --items hn',1),(21,'0db0db4b20e1d7adf46fd6f499b44dde','Percona Get Proc Stats/CPU Usage IM','<path_php_binary> -q <path_cacti>/scripts/ss_get_by_ssh.php --host <hostname> --type proc_stat --items gw,gx,gy,gz,hg,hh,hi,hj,hk',1),(22,'fe67435c9ec934bcb10cc04902dca33a','Percona Get W/Load Average IM','<path_php_binary> -q <path_cacti>/scripts/ss_get_by_ssh.php --host <hostname> --type w --items ho',1),(23,'d0324eda975ef51e8341d51cf65b0b38','Percona Get W/Number of Users IM','<path_php_binary> -q <path_cacti>/scripts/ss_get_by_ssh.php --host <hostname> --type w --items hp',1),(24,'38ee2a1a11fb6048276a34ca9c9f5e07','Percona Get Memory/Memory IM','<path_php_binary> -q <path_cacti>/scripts/ss_get_by_ssh.php --host <hostname> --type memory --items hq,hr,hs,ht,hu,hv',1),(25,'b39e9d92971b97c0a840edf77f522b88','Percona Get Disk Stats/Disk Operations IM','<path_php_binary> -q <path_cacti>/scripts/ss_get_by_ssh.php --host <hostname> --type diskstats --items iw,ix,jg,jh --device <device>',1),(26,'34a21857719e87d43e7d598254780086','Percona Get Disk Stats/Disk Sectors Read/Written IM','<path_php_binary> -q <path_cacti>/scripts/ss_get_by_ssh.php --host <hostname> --type diskstats --items iy,ji --device <device>',1),(27,'7957932af949ded5530778b5679722fc','Percona Get Disk Stats/Disk Read/Write Time (ms) IM','<path_php_binary> -q <path_cacti>/scripts/ss_get_by_ssh.php --host <hostname> --type diskstats --items iz,jj --device <device>',1),(28,'882fbc254e1a3f00fec300171b407a50','Percona Get Disk Stats/Disk Read/Write Time per IO Request (ms) IM','<path_php_binary> -q <path_cacti>/scripts/ss_get_by_ssh.php --host <hostname> --type diskstats --items iw,iz,jg,jj --device <device>',1),(29,'1517ce3f8e26d88dc5a6f41c03b290b6','Percona Get Disk Stats/Disk Elapsed IO Time (ms) IM','<path_php_binary> -q <path_cacti>/scripts/ss_get_by_ssh.php --host <hostname> --type diskstats --items jl,jm --device <device>',1),(30,'d4aba6c125256554536c2c0f621e76e4','Percona Get Disk Stats/Disk IOPS IM','<path_php_binary> -q <path_cacti>/scripts/ss_get_by_ssh.php --host <hostname> --type diskstats --items jk --device <device>',1),(31,'e56ea22ff237444ed332940cc85809cb','Percona Get Disk Space/Disk Space IM','<path_php_binary> -q <path_cacti>/scripts/ss_get_by_ssh.php --host <hostname> --type df --items nj,nk --volume <volume>',1),(32,'af305ec6086fae682791c767ee0276b5','Percona Get Network Traffic/Network Traffic IM','<path_php_binary> -q <path_cacti>/scripts/ss_get_by_ssh.php --host <hostname> --type netdev --items nl,nq --device <device>',1),(33,'02227c8a9e55450f70873364dc17dbf4','Percona Get Network Errors/Network Errors IM','<path_php_binary> -q <path_cacti>/scripts/ss_get_by_ssh.php --host <hostname> --type netdev --items nm,nn,no,np,nr,ns,nt,nu,nv --device <device>',1),(34,'1b45647c4bf8791ed4b768f01be322e9','Percona Get Network Connection States/Network Connection States IM','<path_php_binary> -q <path_cacti>/scripts/ss_get_by_ssh.php --host <hostname> --type netstat --items nw,nx,ny,nz,og,oh,oi,oj,ok,ol,om,on ',1),(35,'c4a6a2ce453b0d218580135d5f1e6379','Percona Get Swap Usage/Swap Usage IM','<path_php_binary> -q <path_cacti>/scripts/ss_get_by_ssh.php --host <hostname> --type vmstat --items oo,op ',1),(36,'d28c51c1dd664347a9108cd249db4a3e','Percona Get Memcached Stats/Memcached Rusage IM','<path_php_binary> -q <path_cacti>/scripts/ss_get_by_ssh.php --host <hostname> --type memcached --items ij,ik --server <server>',1),(37,'d989e1cf619bb3601bfac80bcac4f098','Percona Get Memcached Stats/Memcached Current Items IM','<path_php_binary> -q <path_cacti>/scripts/ss_get_by_ssh.php --host <hostname> --type memcached --items il --server <server>',1),(38,'a0b7070c1adc3d82531f32becb6d0c17','Percona Get Memcached Stats/Memcached Additions and Evictions IM','<path_php_binary> -q <path_cacti>/scripts/ss_get_by_ssh.php --host <hostname> --type memcached --items im,it --server <server>',1),(39,'94b9a847d7ae444c24955914af8f26b0','Percona Get Memcached Stats/Memcached Memory IM','<path_php_binary> -q <path_cacti>/scripts/ss_get_by_ssh.php --host <hostname> --type memcached --items in --server <server>',1),(40,'3499b6ed0a7130ac2999aba2569b6f27','Percona Get Memcached Stats/Memcached Connections IM','<path_php_binary> -q <path_cacti>/scripts/ss_get_by_ssh.php --host <hostname> --type memcached --items io,ip --server <server>',1),(41,'3b40bc7a8e98627ddd49cfcdba9745eb','Percona Get Memcached Stats/Memcached Requests IM','<path_php_binary> -q <path_cacti>/scripts/ss_get_by_ssh.php --host <hostname> --type memcached --items iq,ir,is --server <server>',1),(42,'30dfecdd791249222fbaf9c908e6e83d','Percona Get Memcached Stats/Memcached Traffic IM','<path_php_binary> -q <path_cacti>/scripts/ss_get_by_ssh.php --host <hostname> --type memcached --items iu,iv --server <server>',1),(43,'29dc412bc342847364b5fabb771ef709','Percona Get MongoDB Stats/MongoDB Connections IM','<path_php_binary> -q <path_cacti>/scripts/ss_get_by_ssh.php --host <hostname> --type mongodb --items mk --server <server>',1),(44,'406d25b1163100c2ffbacc417031a1af','Percona Get MongoDB Stats/MongoDB Memory IM','<path_php_binary> -q <path_cacti>/scripts/ss_get_by_ssh.php --host <hostname> --type mongodb --items ml,mm,mn --server <server>',1),(45,'e1d703a3cbece3c4b3f4180593b34df5','Percona Get MongoDB Stats/MongoDB Commands IM','<path_php_binary> -q <path_cacti>/scripts/ss_get_by_ssh.php --host <hostname> --type mongodb --items mw,mx,my,mz,ng,nh --server <server>',1),(46,'5a29b881d47c7d4e125dcddf96bc0260','Percona Get MongoDB Stats/MongoDB Index Ops IM','<path_php_binary> -q <path_cacti>/scripts/ss_get_by_ssh.php --host <hostname> --type mongodb --items mo,mp,mq,mr --server <server>',1),(47,'7b5204d314bb043dfaac7fd3340bad3d','Percona Get MongoDB Stats/MongoDB Background Flushes IM','<path_php_binary> -q <path_cacti>/scripts/ss_get_by_ssh.php --host <hostname> --type mongodb --items ms,mt,mu,mv --server <server>',1),(48,'643e4f789f42a84631b7b340874cec4d','Percona Get MongoDB Stats/MongoDB Slave Lag IM','<path_php_binary> -q <path_cacti>/scripts/ss_get_by_ssh.php --host <hostname> --type mongodb --items ni --server <server>',1),(49,'6320f60a36204553a3f3eb5a0cbe3cf0','Percona Get MySQL Stats/MyISAM Indexes IM','<path_php_binary> -q <path_cacti>/scripts/ss_get_mysql_stats.php --host <hostname> --items gg,gh,gi,gj --user <username> --pass <password> --port <port> --server-id <serverid>',1),(50,'b3beeeac34ff6f5bb8fb016dc2823f12','Percona Get MySQL Stats/MyISAM Key Cache IM','<path_php_binary> -q <path_cacti>/scripts/ss_get_mysql_stats.php --host <hostname> --items og,oh,oi --user <username> --pass <password> --port <port> --server-id <serverid>',1),(51,'5e5197697ae02f2a202687ebb97f2e97','Percona Get MySQL Stats/InnoDB Buffer Pool IM','<path_php_binary> -q <path_cacti>/scripts/ss_get_mysql_stats.php --host <hostname> --items gq,gr,gs,gt --user <username> --pass <password> --port <port> --server-id <serverid>',1),(52,'7d353b85917b1971e0520a40f9dd1f1e','Percona Get MySQL Stats/InnoDB I/O IM','<path_php_binary> -q <path_cacti>/scripts/ss_get_mysql_stats.php --host <hostname> --items gx,gy,gz,hg --user <username> --pass <password> --port <port> --server-id <serverid>',1),(53,'2645dedd2ea931cbaf5bf47e3db63763','Percona Get MySQL Stats/InnoDB Insert Buffer IM','<path_php_binary> -q <path_cacti>/scripts/ss_get_mysql_stats.php --host <hostname> --items hq,hr,hs --user <username> --pass <password> --port <port> --server-id <serverid>',1),(54,'c81cfb6fa66a3ff71c94a7ed55eae2ec','Percona Get MySQL Stats/InnoDB Insert Buffer Usage IM','<path_php_binary> -q <path_cacti>/scripts/ss_get_mysql_stats.php --host <hostname> --items no,np,nq --user <username> --pass <password> --port <port> --server-id <serverid>',1),(55,'cf16a609e4bf368aa9722c354a672d73','Percona Get MySQL Stats/InnoDB Semaphores IM','<path_php_binary> -q <path_cacti>/scripts/ss_get_mysql_stats.php --host <hostname> --items ht,hu,hv --user <username> --pass <password> --port <port> --server-id <serverid>',1),(56,'4cd4a1b51de43e349587ac1191e2493a','Percona Get MySQL Stats/InnoDB Row Operations IM','<path_php_binary> -q <path_cacti>/scripts/ss_get_mysql_stats.php --host <hostname> --items hw,hx,hy,hz --user <username> --pass <password> --port <port> --server-id <serverid>',1),(57,'1152442f3f9cdf378632b8e0a7381f71','Percona Get MySQL Stats/MySQL Table Locks IM','<path_php_binary> -q <path_cacti>/scripts/ss_get_mysql_stats.php --host <hostname> --items ig,ih,ii --user <username> --pass <password> --port <port> --server-id <serverid>',1),(58,'6e1114c09420a4a3911e549f3bab790e','Percona Get MySQL Stats/MySQL Connections IM','<path_php_binary> -q <path_cacti>/scripts/ss_get_mysql_stats.php --host <hostname> --items ip,iq,ir,iu,ix,iz --user <username> --pass <password> --port <port> --server-id <serverid>',1),(59,'e9c0ac7839f867fff41b6bb31a0197ac','Percona Get MySQL Stats/MySQL Replication IM','<path_php_binary> -q <path_cacti>/scripts/ss_get_mysql_stats.php --host <hostname> --items jg,jh,ji,jj,jk --user <username> --pass <password> --port <port> --server-id <serverid>',1),(60,'8df187756a87c00434aa900062649301','Percona Get MySQL Stats/MySQL Query Cache IM','<path_php_binary> -q <path_cacti>/scripts/ss_get_mysql_stats.php --host <hostname> --items jn,jo,jp,jq,jr --user <username> --pass <password> --port <port> --server-id <serverid>',1),(61,'351ff9fcc681ed9b6158b300c46b0442','Percona Get MySQL Stats/MySQL Query Cache Memory IM','<path_php_binary> -q <path_cacti>/scripts/ss_get_mysql_stats.php --host <hostname> --items jl,jm,js,jt --user <username> --pass <password> --port <port> --server-id <serverid>',1),(62,'f432443f4222c3e87a89a3ae0d89bbfc','Percona Get MySQL Stats/MySQL Command Counters IM','<path_php_binary> -q <path_cacti>/scripts/ss_get_mysql_stats.php --host <hostname> --items ju,jv,jw,jx,jy,jz,kg,kh,ki,kj,kk --user <username> --pass <password> --port <port> --server-id <serverid>',1),(63,'8867049d5b38d19ffeaca629ff9dc1f6','Percona Get MySQL Stats/MySQL Select Types IM','<path_php_binary> -q <path_cacti>/scripts/ss_get_mysql_stats.php --host <hostname> --items kl,km,kn,ko,kp --user <username> --pass <password> --port <port> --server-id <serverid>',1),(64,'7f039b51462f5f9eb7a20b3377152b44','Percona Get MySQL Stats/MySQL Sorts IM','<path_php_binary> -q <path_cacti>/scripts/ss_get_mysql_stats.php --host <hostname> --items kq,kr,ks,kt --user <username> --pass <password> --port <port> --server-id <serverid>',1),(65,'523e081a07d958e7b642bdaab1ab5e37','Percona Get MySQL Stats/MySQL Temporary Objects IM','<path_php_binary> -q <path_cacti>/scripts/ss_get_mysql_stats.php --host <hostname> --items ku,kv,kw --user <username> --pass <password> --port <port> --server-id <serverid>',1),(66,'0dabeece58fb8b6deacbed3bc9076279','Percona Get MySQL Stats/MySQL Network Traffic IM','<path_php_binary> -q <path_cacti>/scripts/ss_get_mysql_stats.php --host <hostname> --items kx,ky --user <username> --pass <password> --port <port> --server-id <serverid>',1),(67,'34b7fe57a875f7508ef08f5f26908192','Percona Get MySQL Stats/InnoDB Buffer Pool Activity IM','<path_php_binary> -q <path_cacti>/scripts/ss_get_mysql_stats.php --host <hostname> --items gu,gv,gw --user <username> --pass <password> --port <port> --server-id <serverid>',1),(68,'eb9e9b0210dfd3e8d04ca5e4f2fa99c0','Percona Get MySQL Stats/InnoDB I/O Pending IM','<path_php_binary> -q <path_cacti>/scripts/ss_get_mysql_stats.php --host <hostname> --items hh,hi,hj,hk,hl,hm,hn,ho,hp --user <username> --pass <password> --port <port> --server-id <serverid>',1),(69,'54fd9a8b8b6a60ed8d66f5f4a71e49d1','Percona Get MySQL Stats/InnoDB Log IM','<path_php_binary> -q <path_cacti>/scripts/ss_get_mysql_stats.php --host <hostname> --items kz,lg,lh,li --user <username> --pass <password> --port <port> --server-id <serverid>',1),(70,'2205d3c2ac1d8f4cdcf5f6f51f510f5e','Percona Get MySQL Stats/MySQL Binary/Relay Logs IM','<path_php_binary> -q <path_cacti>/scripts/ss_get_mysql_stats.php --host <hostname> --items lj,ll,lm,ln --user <username> --pass <password> --port <port> --server-id <serverid>',1),(71,'4eaa3d6ccca5894624923d3e49cdb859','Percona Get MySQL Stats/InnoDB Transactions IM','<path_php_binary> -q <path_cacti>/scripts/ss_get_mysql_stats.php --host <hostname> --items gk,gl --user <username> --pass <password> --port <port> --server-id <serverid>',1),(72,'b87a5d417101e815ee8ad896e2ac66bb','Percona Get MySQL Stats/InnoDB Transactions Active/Locked IM','<path_php_binary> -q <path_cacti>/scripts/ss_get_mysql_stats.php --host <hostname> --items gm,gn,go,gp --user <username> --pass <password> --port <port> --server-id <serverid>',1),(73,'ba52c7a68e8c3ca86370472569d141b5','Percona Get MySQL Stats/MySQL Files and Tables IM','<path_php_binary> -q <path_cacti>/scripts/ss_get_mysql_stats.php --host <hostname> --items ij,ik,il,io --user <username> --pass <password> --port <port> --server-id <serverid>',1),(74,'f3060ab3a7e67f43617f145b959f0bfd','Percona Get MySQL Stats/MySQL Threads IM','<path_php_binary> -q <path_cacti>/scripts/ss_get_mysql_stats.php --host <hostname> --items it,iu,iv,iw,iy --user <username> --pass <password> --port <port> --server-id <serverid>',1),(75,'183248368488396581316becd0d7e3d0','Percona Get MySQL Stats/InnoDB Memory Allocation IM','<path_php_binary> -q <path_cacti>/scripts/ss_get_mysql_stats.php --host <hostname> --items nl,nm --user <username> --pass <password> --port <port> --server-id <serverid>',1),(76,'609fee6e584ebf0494849e520dfe7113','Percona Get MySQL Stats/InnoDB Adaptive Hash Index IM','<path_php_binary> -q <path_cacti>/scripts/ss_get_mysql_stats.php --host <hostname> --items nj,nk --user <username> --pass <password> --port <port> --server-id <serverid>',1),(77,'9bdc8ceb6aa4362f7367ad425b3fb91f','Percona Get MySQL Stats/InnoDB Internal Hash Memory Usage IM','<path_php_binary> -q <path_cacti>/scripts/ss_get_mysql_stats.php --host <hostname> --items nr,ns,nt,nu,nv,nw,nx --user <username> --pass <password> --port <port> --server-id <serverid>',1),(78,'6f3e1d8018935708aa53dd47b41117ff','Percona Get MySQL Stats/InnoDB Tables In Use IM','<path_php_binary> -q <path_cacti>/scripts/ss_get_mysql_stats.php --host <hostname> --items lo,nh --user <username> --pass <password> --port <port> --server-id <serverid>',1),(79,'d9050900f7c66bd270702f10d3b65f1f','Percona Get MySQL Stats/InnoDB Current Lock Waits IM','<path_php_binary> -q <path_cacti>/scripts/ss_get_mysql_stats.php --host <hostname> --items ni --user <username> --pass <password> --port <port> --server-id <serverid>',1),(80,'9956a9f92530dd2783d7af01bf009372','Percona Get MySQL Stats/InnoDB Lock Structures IM','<path_php_binary> -q <path_cacti>/scripts/ss_get_mysql_stats.php --host <hostname> --items lp --user <username> --pass <password> --port <port> --server-id <serverid>',1),(81,'dd79a9fc94eadde02a0a88867929b27c','Percona Get MySQL Stats/InnoDB Checkpoint Age IM','<path_php_binary> -q <path_cacti>/scripts/ss_get_mysql_stats.php --host <hostname> --items nn --user <username> --pass <password> --port <port> --server-id <serverid>',1),(82,'9a4bce05445d5525d812bb4a0228fff9','Percona Get MySQL Stats/InnoDB Row Lock Time IM','<path_php_binary> -q <path_cacti>/scripts/ss_get_mysql_stats.php --host <hostname> --items oj --user <username> --pass <password> --port <port> --server-id <serverid>',1),(83,'d7b63e62949e69cd3d7183e1257d7214','Percona Get MySQL Stats/InnoDB Row Lock Waits IM','<path_php_binary> -q <path_cacti>/scripts/ss_get_mysql_stats.php --host <hostname> --items ok --user <username> --pass <password> --port <port> --server-id <serverid>',1),(84,'ed8edb819a12225d370e91503ca31e0b','Percona Get MySQL Stats/InnoDB Semaphore Waits IM','<path_php_binary> -q <path_cacti>/scripts/ss_get_mysql_stats.php --host <hostname> --items ny --user <username> --pass <password> --port <port> --server-id <serverid>',1),(85,'2a4eb423ea00daa984e873c866756499','Percona Get MySQL Stats/InnoDB Semaphore Wait Time IM','<path_php_binary> -q <path_cacti>/scripts/ss_get_mysql_stats.php --host <hostname> --items nz --user <username> --pass <password> --port <port> --server-id <serverid>',1),(86,'72b047fd9e1573caf94f00a872835b6a','Percona Get MySQL Stats/MySQL Processlist IM','<path_php_binary> -q <path_cacti>/scripts/ss_get_mysql_stats.php --host <hostname> --items lq,lr,ls,lt,lu,lv,lw,lx,ly,lz,mg,mh,mi,mj,mk,ml --user <username> --pass <password> --port <port> --server-id <serverid>',1),(87,'b3c2892eaa4a1c3c4f03d176e4dc04b0','Percona Get MySQL Stats/MySQL Transaction Handler IM','<path_php_binary> -q <path_cacti>/scripts/ss_get_mysql_stats.php --host <hostname> --items mm,mw,mx,my --user <username> --pass <password> --port <port> --server-id <serverid>',1),(88,'c245e15cc8f12b9c21eb0a2d6790e11a','Percona Get MySQL Stats/MySQL Handlers IM','<path_php_binary> -q <path_cacti>/scripts/ss_get_mysql_stats.php --host <hostname> --items mn,mq,mr,ms,mt,mu,mv,mz,ng --user <username> --pass <password> --port <port> --server-id <serverid>',1),(89,'380e0845ae1e8577bb10877f6acccc7d','Percona Get MySQL Stats/MySQL Query Time Histogram (Count) IM','<path_php_binary> -q <path_cacti>/scripts/ss_get_mysql_stats.php --host <hostname> --items ol,om,on,oo,op,oq,or,os,ot,ou,ov,ow,ox,oy --user <username> --pass <password> --port <port> --server-id <serverid>',1),(90,'cb1b17eebe006186fc0c0dc733e099a6','Percona Get MySQL Stats/MySQL Query Response Time (Microseconds) IM','<path_php_binary> -q <path_cacti>/scripts/ss_get_mysql_stats.php --host <hostname> --items oz,pg,ph,pi,pj,pk,pl,pm,pn,po,pp,pq,pr,ps --user <username> --pass <password> --port <port> --server-id <serverid>',1),(91,'81e23a94026e7252453f4b45aac75644','Percona Get MySQL Stats/InnoDB Buffer Pool Efficiency IM','<path_php_binary> -q <path_cacti>/scripts/ss_get_mysql_stats.php --host <hostname> --items qo,qp --user <username> --pass <password> --port <port> --server-id <serverid>',1),(92,'875058abbea7a1adc8feac07e6710da2','Percona Get Nginx Stats/Nginx Requests IM','<path_php_binary> -q <path_cacti>/scripts/ss_get_by_ssh.php --host <hostname> --type nginx --items hz --server <server> --url <url> --http-user <http-user> --http-password <password>',1),(93,'81dcb725a9df5e1e819c67ed3e291421','Percona Get Nginx Stats/Nginx Accepts/Handled IM','<path_php_binary> -q <path_cacti>/scripts/ss_get_by_ssh.php --host <hostname> --type nginx --items hx,hy --server <server> --url <url> --http-user <http-user> --http-password <password>',1),(94,'61c1c837b2cbcab0ee7262f093b6e62f','Percona Get Nginx Stats/Nginx Scoreboard IM','<path_php_binary> -q <path_cacti>/scripts/ss_get_by_ssh.php --host <hostname> --type nginx --items hw,ig,ih,ii --server <server> --url <url> --http-user <http-user> --http-password <password>',1);
/*!40000 ALTER TABLE `data_input` ENABLE KEYS */;
UNLOCK TABLES;

--
-- Table structure for table `data_input_data`
--

DROP TABLE IF EXISTS `data_input_data`;
/*!40101 SET @saved_cs_client     = @@character_set_client */;
/*!40101 SET character_set_client = utf8 */;
CREATE TABLE `data_input_data` (
  `data_input_field_id` mediumint(8) unsigned NOT NULL DEFAULT '0',
  `data_template_data_id` mediumint(8) unsigned NOT NULL DEFAULT '0',
  `t_value` char(2) DEFAULT NULL,
  `value` text,
  PRIMARY KEY (`data_input_field_id`,`data_template_data_id`),
  KEY `t_value` (`t_value`)
) ENGINE=MyISAM DEFAULT CHARSET=latin1;
/*!40101 SET character_set_client = @saved_cs_client */;

--
-- Dumping data for table `data_input_data`
--

LOCK TABLES `data_input_data` WRITE;
/*!40000 ALTER TABLE `data_input_data` DISABLE KEYS */;
INSERT INTO `data_input_data` VALUES (14,1,'on',''),(13,1,'on',''),(12,1,'on',''),(14,2,'on',''),(13,2,'on',''),(12,2,'on',''),(14,3,'on',''),(13,3,'on',''),(12,3,'on',''),(1,4,'',''),(1,5,'',''),(1,6,'',''),(14,7,'on',''),(13,7,'on',''),(12,7,'on',''),(14,8,'on',''),(13,8,'on',''),(12,8,'on',''),(14,9,'on',''),(13,9,'on',''),(12,9,'on',''),(14,10,'on',''),(13,10,'on',''),(12,10,'on',''),(22,12,'','Buffers:'),(22,13,'','MemFree:'),(22,14,'','^Cached:'),(22,15,'','SwapFree:'),(29,18,'',''),(1,19,'',''),(2,19,'',''),(6,21,'','.1.3.6.1.2.1.25.3.3.1.2.1'),(1,27,'',''),(6,28,'','.1.3.6.1.4.1.9.9.109.1.1.1.1.3.1'),(6,29,'','.1.3.6.1.4.1.9.9.109.1.1.1.1.4.1'),(1,30,'',''),(1,31,'',''),(1,32,'',''),(1,33,'',''),(1,34,'',''),(14,35,'on',''),(13,35,'on',''),(12,35,'on',''),(14,36,'on',''),(13,36,'on',''),(12,36,'on',''),(1,22,'',''),(1,23,'',''),(1,24,'',''),(1,25,'',''),(1,26,'',''),(33,37,'on',''),(32,37,'on',''),(31,37,'on',''),(9,38,'',''),(8,38,'',''),(7,38,'',''),(9,39,'',''),(8,39,'',''),(7,39,'',''),(9,40,'',''),(8,40,'',''),(7,40,'',''),(9,41,'',''),(8,41,'',''),(7,41,'',''),(14,55,'on',''),(13,55,'on',''),(12,55,'on',''),(37,56,'on',''),(36,56,'on',''),(35,56,'on',''),(37,57,'on',''),(36,57,'on',''),(35,57,'on',''),(6,58,'','.1.3.6.1.2.1.25.1.6.0'),(6,59,'','.1.3.6.1.2.1.25.1.5.0'),(1,20,'',''),(5,6,'',''),(22,62,NULL,'MemFree:'),(22,63,NULL,'SwapFree:'),(4,6,'',''),(3,6,'',''),(2,6,'',''),(6,69,'on',''),(1,68,'',''),(2,68,'',''),(6,6,'','.1.3.6.1.4.1.2021.11.51.0'),(2,27,'',''),(3,27,'',''),(4,27,'',''),(5,27,'',''),(6,27,'','.1.3.6.1.4.1.9.2.1.58.0'),(5,59,'',''),(4,59,'',''),(3,59,'',''),(2,59,'',''),(1,59,'',''),(5,58,'',''),(4,58,'',''),(3,58,'',''),(2,58,'',''),(1,58,'',''),(2,24,'',''),(3,24,'',''),(4,24,'',''),(5,24,'',''),(6,24,'','.1.3.6.1.4.1.23.2.28.2.5.0'),(2,25,'',''),(3,25,'',''),(4,25,'',''),(5,25,'',''),(6,25,'','.1.3.6.1.4.1.23.2.28.2.6.0'),(2,22,'',''),(3,22,'',''),(4,22,'',''),(5,22,'',''),(6,22,'','.1.3.6.1.4.1.23.2.28.2.1.0'),(2,23,'',''),(3,23,'',''),(4,23,'',''),(5,23,'',''),(6,23,'','.1.3.6.1.4.1.23.2.28.2.2.0'),(2,26,'',''),(3,26,'',''),(4,26,'',''),(5,26,'',''),(6,26,'','.1.3.6.1.4.1.23.2.28.2.7.0'),(2,20,'',''),(3,20,'',''),(4,20,'',''),(5,20,'',''),(6,20,'','.1.3.6.1.4.1.23.2.28.3.2.0'),(3,19,'',''),(4,19,'',''),(5,19,'',''),(6,19,'','.1.3.6.1.4.1.23.2.28.3.1'),(2,4,'',''),(3,4,'',''),(4,4,'',''),(5,4,'',''),(6,4,'','.1.3.6.1.4.1.2021.11.52.0'),(2,5,'',''),(3,5,'',''),(4,5,'',''),(5,5,'',''),(6,5,'','.1.3.6.1.4.1.2021.11.50.0'),(2,30,'',''),(3,30,'',''),(4,30,'',''),(5,30,'',''),(6,30,'','.1.3.6.1.4.1.2021.10.1.3.1'),(2,32,'',''),(3,32,'',''),(4,32,'',''),(5,32,'',''),(6,32,'','.1.3.6.1.4.1.2021.10.1.3.3'),(2,31,'',''),(3,31,'',''),(4,31,'',''),(5,31,'',''),(6,31,'','.1.3.6.1.4.1.2021.10.1.3.2'),(2,33,'',''),(3,33,'',''),(4,33,'',''),(5,33,'',''),(6,33,'','.1.3.6.1.4.1.2021.4.14.0'),(3,68,'',''),(4,68,'',''),(5,68,'',''),(6,68,'','.1.3.6.1.4.1.2021.4.15.0'),(2,34,'',''),(3,34,'',''),(4,34,'',''),(5,34,'',''),(6,34,'','.1.3.6.1.4.1.2021.4.6.0'),(20,17,'',''),(20,65,NULL,''),(10,41,'',''),(11,41,'',''),(12,41,'on',''),(13,41,'on',''),(14,41,'on',''),(39,41,'',''),(44,41,'',''),(45,41,'',''),(46,41,'',''),(47,70,'',''),(49,71,'',''),(51,72,'',''),(53,73,'',''),(56,74,'',''),(68,75,'',''),(70,76,'',''),(72,77,'',''),(74,78,'',''),(84,79,'',''),(86,80,'',''),(88,81,'',''),(95,82,'',''),(96,82,'on',''),(101,83,'',''),(102,83,'on',''),(105,84,'',''),(106,84,'on',''),(109,85,'',''),(110,85,'on',''),(115,86,'',''),(116,86,'on',''),(119,87,'',''),(120,87,'on',''),(122,88,'',''),(123,88,'on',''),(126,89,'',''),(127,89,'on',''),(130,90,'',''),(131,90,'on',''),(141,91,'',''),(154,92,'',''),(157,93,'',''),(158,93,'',''),(159,93,'',''),(162,94,'',''),(163,94,'',''),(164,94,'',''),(166,95,'',''),(167,95,'',''),(168,95,'',''),(171,96,'',''),(172,96,'',''),(173,96,'',''),(175,97,'',''),(176,97,'',''),(177,97,'',''),(180,98,'',''),(181,98,'',''),(182,98,'',''),(186,99,'',''),(187,99,'',''),(188,99,'',''),(191,100,'',''),(192,100,'',''),(193,100,'',''),(195,101,'',''),(196,101,'',''),(197,101,'',''),(201,102,'',''),(202,102,'',''),(203,102,'',''),(210,103,'',''),(211,103,'',''),(212,103,'',''),(217,104,'',''),(218,104,'',''),(219,104,'',''),(224,105,'',''),(225,105,'',''),(226,105,'',''),(228,106,'',''),(229,106,'',''),(230,106,'',''),(231,106,'',''),(232,106,'',''),(237,107,'',''),(238,107,'',''),(239,107,'',''),(240,107,'',''),(241,107,'',''),(245,108,'',''),(246,108,'',''),(247,108,'',''),(248,108,'',''),(249,108,'',''),(254,109,'',''),(255,109,'',''),(256,109,'',''),(257,109,'',''),(258,109,'',''),(263,110,'',''),(264,110,'',''),(265,110,'',''),(266,110,'',''),(267,110,'',''),(271,111,'',''),(272,111,'',''),(273,111,'',''),(274,111,'',''),(275,111,'',''),(279,112,'',''),(280,112,'',''),(281,112,'',''),(282,112,'',''),(283,112,'',''),(287,113,'',''),(288,113,'',''),(289,113,'',''),(290,113,'',''),(291,113,'',''),(296,114,'',''),(297,114,'',''),(298,114,'',''),(299,114,'',''),(300,114,'',''),(304,115,'',''),(305,115,'',''),(306,115,'',''),(307,115,'',''),(308,115,'',''),(315,116,'',''),(316,116,'',''),(317,116,'',''),(318,116,'',''),(319,116,'',''),(325,117,'',''),(326,117,'',''),(327,117,'',''),(328,117,'',''),(329,117,'',''),(335,118,'',''),(336,118,'',''),(337,118,'',''),(338,118,'',''),(339,118,'',''),(344,119,'',''),(345,119,'',''),(346,119,'',''),(347,119,'',''),(348,119,'',''),(360,120,'',''),(361,120,'',''),(362,120,'',''),(363,120,'',''),(364,120,'',''),(370,121,'',''),(371,121,'',''),(372,121,'',''),(373,121,'',''),(374,121,'',''),(379,122,'',''),(380,122,'',''),(381,122,'',''),(382,122,'',''),(383,122,'',''),(387,123,'',''),(388,123,'',''),(389,123,'',''),(390,123,'',''),(391,123,'',''),(394,124,'',''),(395,124,'',''),(396,124,'',''),(397,124,'',''),(398,124,'',''),(402,125,'',''),(403,125,'',''),(404,125,'',''),(405,125,'',''),(406,125,'',''),(416,126,'',''),(417,126,'',''),(418,126,'',''),(419,126,'',''),(420,126,'',''),(425,127,'',''),(426,127,'',''),(427,127,'',''),(428,127,'',''),(429,127,'',''),(434,128,'',''),(435,128,'',''),(436,128,'',''),(437,128,'',''),(438,128,'',''),(441,129,'',''),(442,129,'',''),(443,129,'',''),(444,129,'',''),(445,129,'',''),(450,130,'',''),(451,130,'',''),(452,130,'',''),(453,130,'',''),(454,130,'',''),(459,131,'',''),(460,131,'',''),(461,131,'',''),(462,131,'',''),(463,131,'',''),(469,132,'',''),(470,132,'',''),(471,132,'',''),(472,132,'',''),(473,132,'',''),(476,133,'',''),(477,133,'',''),(478,133,'',''),(479,133,'',''),(480,133,'',''),(483,134,'',''),(484,134,'',''),(485,134,'',''),(486,134,'',''),(487,134,'',''),(495,135,'',''),(496,135,'',''),(497,135,'',''),(498,135,'',''),(499,135,'',''),(502,136,'',''),(503,136,'',''),(504,136,'',''),(505,136,'',''),(506,136,'',''),(508,137,'',''),(509,137,'',''),(510,137,'',''),(511,137,'',''),(512,137,'',''),(514,138,'',''),(515,138,'',''),(516,138,'',''),(517,138,'',''),(518,138,'',''),(520,139,'',''),(521,139,'',''),(522,139,'',''),(523,139,'',''),(524,139,'',''),(526,140,'',''),(527,140,'',''),(528,140,'',''),(529,140,'',''),(530,140,'',''),(532,141,'',''),(533,141,'',''),(534,141,'',''),(535,141,'',''),(536,141,'',''),(538,142,'',''),(539,142,'',''),(540,142,'',''),(541,142,'',''),(542,142,'',''),(544,143,'',''),(545,143,'',''),(546,143,'',''),(547,143,'',''),(548,143,'',''),(565,144,'',''),(566,144,'',''),(567,144,'',''),(568,144,'',''),(569,144,'',''),(574,145,'',''),(575,145,'',''),(576,145,'',''),(577,145,'',''),(578,145,'',''),(588,146,'',''),(589,146,'',''),(590,146,'',''),(591,146,'',''),(592,146,'',''),(607,147,'',''),(608,147,'',''),(609,147,'',''),(610,147,'',''),(611,147,'',''),(626,148,'',''),(627,148,'',''),(628,148,'',''),(629,148,'',''),(630,148,'',''),(633,149,'',''),(634,149,'',''),(635,149,'on',''),(636,149,'',''),(637,149,'',''),(639,150,'',''),(640,150,'',''),(641,150,'on',''),(642,150,'',''),(643,150,'',''),(646,151,'',''),(647,151,'',''),(648,151,'on',''),(649,151,'',''),(650,151,'',''),(40,59,'',''),(41,59,'',''),(42,59,'',''),(43,59,'',''),(40,58,'',''),(41,58,'',''),(42,58,'',''),(43,58,'',''),(10,38,'',''),(11,38,'',''),(12,38,'on',''),(13,38,'on',''),(14,38,'on',''),(39,38,'',''),(44,38,'',''),(45,38,'',''),(46,38,'',''),(10,40,'',''),(11,40,'',''),(12,40,'on',''),(13,40,'on',''),(14,40,'on',''),(39,40,'',''),(44,40,'',''),(45,40,'',''),(46,40,'',''),(10,39,'',''),(11,39,'',''),(12,39,'on',''),(13,39,'on',''),(14,39,'on',''),(39,39,'',''),(44,39,'',''),(45,39,'',''),(46,39,'',''),(6,152,'','.1.3.6.1.2.1.25.1.6.0'),(5,152,NULL,'1'),(4,152,NULL,''),(3,152,NULL,''),(2,152,NULL,'EVN8PkaDS'),(1,152,NULL,'5.9.25.34'),(40,152,NULL,'161'),(41,152,NULL,''),(42,152,NULL,''),(43,152,NULL,'');
/*!40000 ALTER TABLE `data_input_data` ENABLE KEYS */;
UNLOCK TABLES;

--
-- Table structure for table `data_input_fields`
--

DROP TABLE IF EXISTS `data_input_fields`;
/*!40101 SET @saved_cs_client     = @@character_set_client */;
/*!40101 SET character_set_client = utf8 */;
CREATE TABLE `data_input_fields` (
  `id` mediumint(8) unsigned NOT NULL AUTO_INCREMENT,
  `hash` varchar(32) NOT NULL DEFAULT '',
  `data_input_id` mediumint(8) unsigned NOT NULL DEFAULT '0',
  `name` varchar(200) NOT NULL DEFAULT '',
  `data_name` varchar(50) NOT NULL DEFAULT '',
  `input_output` char(3) NOT NULL DEFAULT '',
  `update_rra` char(2) DEFAULT '0',
  `sequence` smallint(5) NOT NULL DEFAULT '0',
  `type_code` varchar(40) DEFAULT NULL,
  `regexp_match` varchar(200) DEFAULT NULL,
  `allow_nulls` char(2) DEFAULT NULL,
  PRIMARY KEY (`id`),
  KEY `data_input_id` (`data_input_id`),
  KEY `type_code` (`type_code`)
) ENGINE=MyISAM AUTO_INCREMENT=655 DEFAULT CHARSET=latin1;
/*!40101 SET character_set_client = @saved_cs_client */;

--
-- Dumping data for table `data_input_fields`
--

LOCK TABLES `data_input_fields` WRITE;
/*!40000 ALTER TABLE `data_input_fields` DISABLE KEYS */;
INSERT INTO `data_input_fields` VALUES (1,'92f5906c8dc0f964b41f4253df582c38',1,'SNMP IP Address','management_ip','in','',0,'hostname','',''),(2,'32285d5bf16e56c478f5e83f32cda9ef',1,'SNMP Community','snmp_community','in','',0,'snmp_community','',''),(3,'ad14ac90641aed388139f6ba86a2e48b',1,'SNMP Username','snmp_username','in','',0,'snmp_username','','on'),(4,'9c55a74bd571b4f00a96fd4b793278c6',1,'SNMP Password','snmp_password','in','',0,'snmp_password','','on'),(5,'012ccb1d3687d3edb29c002ea66e72da',1,'SNMP Version (1, 2, or 3)','snmp_version','in','',0,'snmp_version','','on'),(6,'4276a5ec6e3fe33995129041b1909762',1,'OID','oid','in','',0,'snmp_oid','',''),(7,'617cdc8a230615e59f06f361ef6e7728',2,'SNMP IP Address','management_ip','in','',0,'hostname','',''),(8,'acb449d1451e8a2a655c2c99d31142c7',2,'SNMP Community','snmp_community','in','',0,'snmp_community','',''),(9,'f4facc5e2ca7ebee621f09bc6d9fc792',2,'SNMP Username (v3)','snmp_username','in','',0,'snmp_username','','on'),(10,'1cc1493a6781af2c478fa4de971531cf',2,'SNMP Password (v3)','snmp_password','in','',0,'snmp_password','','on'),(11,'b5c23f246559df38662c255f4aa21d6b',2,'SNMP Version (1, 2, or 3)','snmp_version','in','',0,'snmp_version','',''),(12,'6027a919c7c7731fbe095b6f53ab127b',2,'Index Type','index_type','in','',0,'index_type','',''),(13,'cbbe5c1ddfb264a6e5d509ce1c78c95f',2,'Index Value','index_value','in','',0,'index_value','',''),(14,'e6deda7be0f391399c5130e7c4a48b28',2,'Output Type ID','output_type','in','',0,'output_type','',''),(15,'edfd72783ad02df128ff82fc9324b4b9',3,'Disk Partition','partition','in','',1,'','',''),(16,'8b75fb61d288f0b5fc0bd3056af3689b',3,'Kilobytes Free','kilobytes','out','on',0,'','',''),(17,'363588d49b263d30aecb683c52774f39',4,'1 Minute Average','1min','out','on',0,'','',''),(18,'ad139a9e1d69881da36fca07889abf58',4,'5 Minute Average','5min','out','on',0,'','',''),(19,'5db9fee64824c08258c7ff6f8bc53337',4,'10 Minute Average','10min','out','on',0,'','',''),(20,'c0cfd0beae5e79927c5a360076706820',5,'Username (Optional)','username','in','',1,'','','on'),(21,'52c58ad414d9a2a83b00a7a51be75a53',5,'Logged In Users','users','out','on',0,'','',''),(22,'05eb5d710f0814871b8515845521f8d7',6,'Grep String','grepstr','in','',1,'','',''),(23,'86cb1cbfde66279dbc7f1144f43a3219',6,'Result (in Kilobytes)','kilobytes','out','on',0,'','',''),(24,'d5a8dd5fbe6a5af11667c0039af41386',7,'Number of Processes','proc','out','on',0,'','',''),(25,'8848cdcae831595951a3f6af04eec93b',8,'Grep String','grepstr','in','',1,'','','on'),(26,'3d1288d33008430ce354e8b9c162f7ff',8,'Connections','connections','out','on',0,'','',''),(27,'c6af570bb2ed9c84abf32033702e2860',9,'(Optional) Log Path','log_path','in','',1,'','','on'),(28,'f9389860f5c5340c9b27fca0b4ee5e71',9,'Web Hits','webhits','out','on',0,'','',''),(29,'5fbadb91ad66f203463c1187fe7bd9d5',10,'IP Address','ip','in','',1,'hostname','',''),(30,'6ac4330d123c69067d36a933d105e89a',10,'Milliseconds','out_ms','out','on',0,'','',''),(31,'d39556ecad6166701bfb0e28c5a11108',11,'Index Type','index_type','in','',0,'index_type','',''),(32,'3b7caa46eb809fc238de6ef18b6e10d5',11,'Index Value','index_value','in','',0,'index_value','',''),(33,'74af2e42dc12956c4817c2ef5d9983f9',11,'Output Type ID','output_type','in','',0,'output_type','',''),(34,'8ae57f09f787656bf4ac541e8bd12537',11,'Output Value','output','out','on',0,'','',''),(35,'172b4b0eacee4948c6479f587b62e512',12,'Index Type','index_type','in','',0,'index_type','',''),(36,'30fb5d5bcf3d66bb5abe88596f357c26',12,'Index Value','index_value','in','',0,'index_value','',''),(37,'31112c85ae4ff821d3b288336288818c',12,'Output Type ID','output_type','in','',0,'output_type','',''),(38,'5be8fa85472d89c621790b43510b5043',12,'Output Value','output','out','on',0,'','',''),(39,'c1f36ee60c3dc98945556d57f26e475b',2,'SNMP Port','snmp_port','in','',0,'snmp_port','',''),(40,'fc64b99742ec417cc424dbf8c7692d36',1,'SNMP Port','snmp_port','in','',0,'snmp_port','',''),(41,'20832ce12f099c8e54140793a091af90',1,'SNMP Authenticaion Protocol (v3)','snmp_auth_protocol','in','',0,'snmp_auth_protocol','',''),(42,'c60c9aac1e1b3555ea0620b8bbfd82cb',1,'SNMP Privacy Passphrase (v3)','snmp_priv_passphrase','in','',0,'snmp_priv_passphrase','',''),(43,'feda162701240101bc74148415ef415a',1,'SNMP Privacy Protocol (v3)','snmp_priv_protocol','in','',0,'snmp_priv_protocol','',''),(44,'2cf7129ad3ff819a7a7ac189bee48ce8',2,'SNMP Authenticaion Protocol (v3)','snmp_auth_protocol','in','',0,'snmp_auth_protocol','',''),(45,'6b13ac0a0194e171d241d4b06f913158',2,'SNMP Privacy Passphrase (v3)','snmp_priv_passphrase','in','',0,'snmp_priv_passphrase','',''),(46,'3a33d4fc65b8329ab2ac46a36da26b72',2,'SNMP Privacy Protocol (v3)','snmp_priv_protocol','in','',0,'snmp_priv_protocol','',''),(47,'bc9c3b4f85d8ad066859f9dfa6f3b5a5',13,'Hostname','hostname','in','',2,'hostname','',''),(48,'2dd3706fda20c335021e01ba89ad46ca',13,'APACHE Requests','gg','out','on',0,'','',''),(49,'0fb33825e9879cb2e5f58b8d56c03574',14,'Hostname','hostname','in','',2,'hostname','',''),(50,'176792b65f67b89314c2d0fdfc990f14',14,'APACHE Bytes Sent','gh','out','on',0,'','',''),(51,'d4c02b871ecd1a5f1e6ac1c678a65ab7',15,'Hostname','hostname','in','',2,'hostname','',''),(52,'8902bb51439e3d1e04e67deb8d3771bd',15,'APACHE CPU Load','gk','out','on',0,'','',''),(53,'65d0c34c42f30e9830773c89994a06a2',16,'Hostname','hostname','in','',2,'hostname','',''),(54,'e43724ec3b8d65747338f762279eb279',16,'APACHE Idle Workers','gi','out','on',0,'','',''),(55,'9e96f24e26b87ef28d27166613cdcd8d',16,'APACHE Busy Workers','gj','out','on',0,'','',''),(56,'30f1b39dc97d1eeaf408f6cd3ee35120',17,'Hostname','hostname','in','',2,'hostname','',''),(57,'fd0d8b2e6ab119d070bd370da9a25591',17,'APACHE Starting Up','gm','out','on',0,'','',''),(58,'6b4c99c5731ce8a4e379f0ae748a130d',17,'APACHE Open Slot','gv','out','on',0,'','',''),(59,'bd600fdd9df21e99c4b94f7f77d2917b',17,'APACHE Gracefully Finishing','gt','out','on',0,'','',''),(60,'3d3305fa52c23ebaa1961201f9af6ddb',17,'APACHE Reading Request','gn','out','on',0,'','',''),(61,'71558c1bf3f967a6383b0350808eb1bb',17,'APACHE Closing Connection','gr','out','on',0,'','',''),(62,'33763ca0a2d71ea0eda166f3889106d2',17,'APACHE Keepalive','gp','out','on',0,'','',''),(63,'8d4698c6ffd74722796f765cbd83be87',17,'APACHE Idle Cleanup','gu','out','on',0,'','',''),(64,'1d3e4c6b5882f10e3ada52c9353a7997',17,'APACHE Logging','gs','out','on',0,'','',''),(65,'0bdb150fa2458bfb6910ab5ab4782ec0',17,'APACHE Sending Reply','go','out','on',0,'','',''),(66,'5380cc7f6d855b8b03df2b7529d56fcd',17,'APACHE Waiting For Connection','gl','out','on',0,'','',''),(67,'1d5f6ca0a5d998ddd445cdecca4c70b0',17,'APACHE DNS Lookup','gq','out','on',0,'','',''),(68,'d8b63d5ae3b86219b28aae739b65c4bc',18,'Hostname','hostname','in','',2,'hostname','',''),(69,'1a5f2b13a0291cec22b5fcc620e56447',18,'STAT Interrupts','hl','out','on',0,'','',''),(70,'2f777972bf81d1b72f23807d2da06a64',19,'Hostname','hostname','in','',2,'hostname','',''),(71,'02651b1fcddc75660fb32915d5246ce3',19,'STAT Context Switches','hm','out','on',0,'','',''),(72,'64e140cbf16ba41cd7254edb364058dd',20,'Hostname','hostname','in','',2,'hostname','',''),(73,'32576de73d3639b897ae918f3fc52cc4',20,'STAT Forks','hn','out','on',0,'','',''),(74,'661e1dfc72d309157daa45466d3cb0b9',21,'Hostname','hostname','in','',2,'hostname','',''),(75,'ecced5c0263215827eab1d9f2362dc7d',21,'STAT CPU Nice','gx','out','on',0,'','',''),(76,'d170ca8cc76807836332148d31874a6f',21,'STAT CPU Steal','hj','out','on',0,'','',''),(77,'51ca1a64b1c5be49a843e1fae90929ef',21,'STAT CPU Idle','gz','out','on',0,'','',''),(78,'f22dab487f69954f00388de5cb0176b8',21,'STAT CPU Irq','hh','out','on',0,'','',''),(79,'a664ae7820ace8f54cdabc829106a3ce',21,'STAT CPU Iowait','hg','out','on',0,'','',''),(80,'d5481c3cdca37447f3d6d8c6f9ffb045',21,'STAT CPU System','gy','out','on',0,'','',''),(81,'c3c27afa67e40c693fafcd9dba6881c1',21,'STAT CPU Guest','hk','out','on',0,'','',''),(82,'9aa8b91ee63bea6ac3e3725a7fbab81d',21,'STAT CPU Softirq','hi','out','on',0,'','',''),(83,'69d45716470e8825b3febbcbe077b3dd',21,'STAT CPU User','gw','out','on',0,'','',''),(84,'aec7b5f4c5dcc22b5570c908167b0bd0',22,'Hostname','hostname','in','',2,'hostname','',''),(85,'296421d3011e3765f14b8074e29f796a',22,'STAT Loadavg','ho','out','on',0,'','',''),(86,'5670f093e95592deae95dea6306f3b33',23,'Hostname','hostname','in','',2,'hostname','',''),(87,'d62c802855dcf6ccca0a57a60ee384bd',23,'STAT Numusers','hp','out','on',0,'','',''),(88,'80bd2d6eb220e57ca89f4767e8741c25',24,'Hostname','hostname','in','',2,'hostname','',''),(89,'0059dbbdc04e79a6996ed9a45d2ccfcd',24,'STAT Memused','hu','out','on',0,'','',''),(90,'04dcdbd02ea2ad587e8101158e0b94d9',24,'STAT Membuffer','hr','out','on',0,'','',''),(91,'412136717ee6a6b2afcb55f5f1df882f',24,'STAT Memcached','hq','out','on',0,'','',''),(92,'24994f161be152fbd728a969be026894',24,'STAT Memfree','ht','out','on',0,'','',''),(93,'fa7dec2fb5edc6313ec5a46ba5b66dc0',24,'STAT Memshared','hs','out','on',0,'','',''),(94,'c32b28e40f2df6d3bd24d5792574a230',24,'STAT Memtotal','hv','out','on',0,'','',''),(95,'103daa29bee612daf248ffc3f6c847d6',25,'Hostname','hostname','in','',2,'hostname','',''),(96,'fedf0c995515ddf58109db2fdd3489a5',25,'Device','device','in','',3,'','',''),(97,'1d9e6a350fa2ed02296b24e99864c51e',25,'DISK Writes Merged','jh','out','on',0,'','',''),(98,'2319ee4a21c1195d076a34c8ad94763a',25,'DISK Reads','iw','out','on',0,'','',''),(99,'8d110680fc974618103d58dbe1275269',25,'DISK Writes','jg','out','on',0,'','',''),(100,'f445fc5828a637b1606db2714a8488e4',25,'DISK Reads Merged','ix','out','on',0,'','',''),(101,'9747bb9ca6a689c2cff5352911c06aee',26,'Hostname','hostname','in','',2,'hostname','',''),(102,'bbd8bee244677f48a4e9ffa747766757',26,'Device','device','in','',3,'','',''),(103,'781876011aa0b192cb2dcf2ac623925d',26,'DISK Sectors Written','ji','out','on',0,'','',''),(104,'1990fdf7bb67f11abfe538244b6bf36a',26,'DISK Sectors Read','iy','out','on',0,'','',''),(105,'0a3ae0d580f836feedbfe8a3f9c55d42',27,'Hostname','hostname','in','',2,'hostname','',''),(106,'bc1174aec4605442ebaf0b563fb38894',27,'Device','device','in','',3,'','',''),(107,'9aa60584a8cf5b117d87221ed076d970',27,'DISK Time Spent Writing','jj','out','on',0,'','',''),(108,'523af9be26fa1a6379a32c25d1b21a3d',27,'DISK Time Spent Reading','iz','out','on',0,'','',''),(109,'0605ed18be332efe1f3be11635de37b2',28,'Hostname','hostname','in','',2,'hostname','',''),(110,'4669cd8233c0942fe8d082f43045a82d',28,'Device','device','in','',3,'','',''),(111,'2319ee4a21c1195d076a34c8ad94763a',28,'DISK Reads','iw','out','on',0,'','',''),(112,'9aa60584a8cf5b117d87221ed076d970',28,'DISK Time Spent Writing','jj','out','on',0,'','',''),(113,'523af9be26fa1a6379a32c25d1b21a3d',28,'DISK Time Spent Reading','iz','out','on',0,'','',''),(114,'8d110680fc974618103d58dbe1275269',28,'DISK Writes','jg','out','on',0,'','',''),(115,'c45540fbc81b77e7b422421a2af2e52a',29,'Hostname','hostname','in','',2,'hostname','',''),(116,'0743dfebfc6e06ba68804f65c0b5cdd2',29,'Device','device','in','',3,'','',''),(117,'15cd8a0d97071982acc3b0ce8771c0cc',29,'DISK Io Time Weighted','jm','out','on',0,'','',''),(118,'502e54254e2a4c4f93a968da81a28e26',29,'DISK Io Time','jl','out','on',0,'','',''),(119,'0676380d93b67ded1a1dfd1ace60d104',30,'Hostname','hostname','in','',2,'hostname','',''),(120,'484b4fd8a00e6e9e555bb8bab0644141',30,'Device','device','in','',3,'','',''),(121,'18f8cf2180f688c4efccbb93ce367fbc',30,'DISK Io Ops','jk','out','on',0,'','',''),(122,'c7dad0644c80ca8cafdb6706ca4e80b3',31,'Hostname','hostname','in','',2,'hostname','',''),(123,'8c15ae5acdce2a780e6c02cc05e68160',31,'Volume','volume','in','',3,'','',''),(124,'f2ec16bb5bca48f9d4f3f704fe7a9eaf',31,'DISKFREE Used','nj','out','on',0,'','',''),(125,'86f039e40b8f2615b7e849d1d709f13d',31,'DISKFREE Available','nk','out','on',0,'','',''),(126,'12f4019e3fa20d01df868ee18a8f0ae4',32,'Hostname','hostname','in','',2,'hostname','',''),(127,'fa7f47702d5620b0bfe6395d25810b77',32,'Device','device','in','',3,'','',''),(128,'47a906734a9bb011623c0edac9ced050',32,'NETDEV Outbound','nq','out','on',0,'','',''),(129,'34603bc78ebab0444b48df5cd75d2eb0',32,'NETDEV Inbound','nl','out','on',0,'','',''),(130,'f0345428c4b86263793b60d14a9f57e0',33,'Hostname','hostname','in','',2,'hostname','',''),(131,'8a2cb049821e45a47e432685a7b1a685',33,'Device','device','in','',3,'','',''),(132,'6877319fae49f61b766499f56cd2f05f',33,'NETDEV Txcarrier','nv','out','on',0,'','',''),(133,'7e3b47ce389bc70f6c92759aa9c29d05',33,'NETDEV Txerrs','nr','out','on',0,'','',''),(134,'9187075324ae7e73b12b77b0527ca1a2',33,'NETDEV Txcolls','nu','out','on',0,'','',''),(135,'cb07a6f85d6bf04e360a34fd7174d763',33,'NETDEV Txfifo','nt','out','on',0,'','',''),(136,'e8c0e814429f432b85d685aaddde96a2',33,'NETDEV Rxerrs','nm','out','on',0,'','',''),(137,'2ea0f0838f90313b861671f7c7cf5a90',33,'NETDEV Rxdrop','nn','out','on',0,'','',''),(138,'5479c55cece7be998166749e51210d07',33,'NETDEV Rxframe','np','out','on',0,'','',''),(139,'4a3f4afee706402479e9ec4df34a2736',33,'NETDEV Rxfifo','no','out','on',0,'','',''),(140,'d7f470b13e364016ff314de7eb71e2b0',33,'NETDEV Txdrop','ns','out','on',0,'','',''),(141,'148d22ce4d67ae76927282259d66e0fa',34,'Hostname','hostname','in','',2,'hostname','',''),(142,'ebe3e0c149bf99ca3dfc2bce4148f163',34,'NETSTAT Established','nw','out','on',0,'','',''),(143,'850a2a1fa5e17d6f21f5361c5ddd239b',34,'NETSTAT Close','oi','out','on',0,'','',''),(144,'62496b7d61d0f98f99620f1cfad5eed5',34,'NETSTAT Fin Wait2','og','out','on',0,'','',''),(145,'1210872f58b4be1e3b10712f5be7d250',34,'NETSTAT Syn Sent','nx','out','on',0,'','',''),(146,'3bbd6e36bc06e22b16866f92a096fff6',34,'NETSTAT Listen','ol','out','on',0,'','',''),(147,'117fd6fc70b65fa7cdb309511e2294e6',34,'NETSTAT Time Wait','oh','out','on',0,'','',''),(148,'638c11d9981115d11298046a9ce5d70e',34,'NETSTAT Closing','om','out','on',0,'','',''),(149,'d9517eae2c5e2033a2118ce65232fb74',34,'NETSTAT Syn Recv','ny','out','on',0,'','',''),(150,'bc4ea56561b968c59e221d696dd3c6b9',34,'NETSTAT Last Ack','ok','out','on',0,'','',''),(151,'5d5183c3930b91896e8de318efb875be',34,'NETSTAT Unknown','on','out','on',0,'','',''),(152,'db703661788c0988602aacb7a4887c1b',34,'NETSTAT Close Wait','oj','out','on',0,'','',''),(153,'a537759c75193685b917f55bb974dee2',34,'NETSTAT Fin Wait1','nz','out','on',0,'','',''),(154,'8795d425309733519dd9e547dc63e30d',35,'Hostname','hostname','in','',2,'hostname','',''),(155,'c37cd12d284f402e4e6550f1c4c1c363',35,'VMSTAT Pswpin','oo','out','on',0,'','',''),(156,'ca2301a5593e49bc16df695452881a96',35,'VMSTAT Pswpout','op','out','on',0,'','',''),(157,'bf1e1bd649590b2ea2d04af459499fd7',36,'Hostname','hostname','in','',2,'hostname','',''),(158,'6ffc5b05277fb885deb4042635692d3f',36,'Server','server','in','',3,'','','on'),(159,'fe80609863e8ad450d54b841ace29836',36,'Port2','port2','in','',0,'','','on'),(160,'3776f6cca10b6e95091a79d288a77ea8',36,'MEMC Rusage User','ij','out','on',0,'','',''),(161,'a3ad215491e7827ba534cb3eba6506e0',36,'MEMC Rusage System','ik','out','on',0,'','',''),(162,'5df99e49f8e0ac0cf607288d93c8159e',37,'Hostname','hostname','in','',2,'hostname','',''),(163,'c77a8730206a89e1c2bff6b5af38dc8a',37,'Server','server','in','',3,'','','on'),(164,'08cbcca38641a7cbe196f44da9cc8909',37,'Port2','port2','in','',0,'','','on'),(165,'e86506a0d8cd2f0c8fb0a6f4dbf6457e',37,'MEMC Curr Items','il','out','on',0,'','',''),(166,'4f1ce9c43d7886adb9c2d8a51dbf5b50',38,'Hostname','hostname','in','',2,'hostname','',''),(167,'184b5712a78df625c2496e6e64578d20',38,'Server','server','in','',3,'','','on'),(168,'a6f63dabc11a37f0b01037858af026e2',38,'Port2','port2','in','',0,'','','on'),(169,'f8f0b856b687a5a82b965cfbb68b8009',38,'MEMC Evictions','it','out','on',0,'','',''),(170,'0f15539394ef9bd64349421d81549750',38,'MEMC Total Items','im','out','on',0,'','',''),(171,'6fffee7e3e90ef56d7b53f6b4a43b060',39,'Hostname','hostname','in','',2,'hostname','',''),(172,'fcdaa08649c4b098ca2a8d52768b0c8e',39,'Server','server','in','',3,'','','on'),(173,'e9712b06907749eecad698e768dae023',39,'Port2','port2','in','',0,'','','on'),(174,'babe31dc6c33ce123a9d8b69eac02736',39,'MEMC Bytes','in','out','on',0,'','',''),(175,'fb3fb6e5cc9d2b587a62f38b1471fe30',40,'Hostname','hostname','in','',2,'hostname','',''),(176,'946209c1d777f2d2cb7832c7b5ab239e',40,'Server','server','in','',3,'','','on'),(177,'1d8146b9f5fa76f92c7a949a1a34bf8a',40,'Port2','port2','in','',0,'','','on'),(178,'813e00dee62ad2ead22c28e5d7ad939e',40,'MEMC Curr Connections','io','out','on',0,'','',''),(179,'822e1ac2177e97137f46d778b51c22ff',40,'MEMC Total Connections','ip','out','on',0,'','',''),(180,'5d26183a57e82e4faaf28d2354d968db',41,'Hostname','hostname','in','',2,'hostname','',''),(181,'2f2223ca29b58f8a7c65ce59db263891',41,'Server','server','in','',3,'','','on'),(182,'57afb1e3c0548049ea07f96098c1d3d1',41,'Port2','port2','in','',0,'','','on'),(183,'79984a2265ce644906f9dd0830e52651',41,'MEMC Get Misses','is','out','on',0,'','',''),(184,'9acd8818bb1007b37148744bd3f5867e',41,'MEMC Cmd Set','ir','out','on',0,'','',''),(185,'7afcedfaaf58d5bbfa9f04450a677ebe',41,'MEMC Cmd Get','iq','out','on',0,'','',''),(186,'911ecfc637ee13621b1bb9063ed399ce',42,'Hostname','hostname','in','',2,'hostname','',''),(187,'cb4850f2501cbe9970bae55c5e615e7e',42,'Server','server','in','',3,'','','on'),(188,'c4b7a3024d749e99bbdfe4fb30e1c6d3',42,'Port2','port2','in','',0,'','','on'),(189,'1185029d94abc82927eb68e390e00753',42,'MEMC Bytes Written','iv','out','on',0,'','',''),(190,'302653ee84c3cc0741edf222c0161186',42,'MEMC Bytes Read','iu','out','on',0,'','',''),(191,'246504fce3ded430047cce9ceaf55047',43,'Hostname','hostname','in','',2,'hostname','',''),(192,'f0d450d16cf5947737aab16eeacb92da',43,'Port2','port2','in','',0,'','','on'),(193,'7cafb1e1b3c26406ea0d0dd718b495fc',43,'Server','server','in','',3,'','','on'),(194,'284b5a64b1e5e14c5d80a1d700bd7001',43,'MONGODB Connected Clients','mk','out','on',0,'','',''),(195,'055656209d3c784c9065587e44231fe4',44,'Hostname','hostname','in','',2,'hostname','',''),(196,'1595d21cd6b3dc945f76677f27f9af2b',44,'Port2','port2','in','',0,'','','on'),(197,'27f02b6d5c4b04df1e2f96d68e5fb8ee',44,'Server','server','in','',3,'','','on'),(198,'1745adc9d44b5c06742df430ef72b259',44,'MONGODB Used Resident Memory','ml','out','on',0,'','',''),(199,'2afa03e450aa34079b421f7c58b8657b',44,'MONGODB Used Mapped Memory','mm','out','on',0,'','',''),(200,'fe902ecbef31c1f3d88260ee57efff33',44,'MONGODB Used Virtual Memory','mn','out','on',0,'','',''),(201,'a607eb09647aa9be2ea995c132437833',45,'Hostname','hostname','in','',2,'hostname','',''),(202,'36a9775f938bec3b7e2aa4c5f112b05f',45,'Port2','port2','in','',0,'','','on'),(203,'96fffbb4d2d17a7223a00fc255ecca40',45,'Server','server','in','',3,'','','on'),(204,'34c9db7bf2d4efbec260063fa3338e14',45,'MONGODB Op Queries','mx','out','on',0,'','',''),(205,'14c15103c7921c48c7b4831d721b4d42',45,'MONGODB Op Inserts','mw','out','on',0,'','',''),(206,'f8ac47f20256dc45ac0465e76863c600',45,'MONGODB Op Deletes','mz','out','on',0,'','',''),(207,'b933cfc444d57db2b4a9f423b93d13a8',45,'MONGODB Op Commands','nh','out','on',0,'','',''),(208,'e5456bc422f5bf251b543a58000a3cb0',45,'MONGODB Op Getmores','ng','out','on',0,'','',''),(209,'9ed8d64157627bb3ef746fef7e535ad6',45,'MONGODB Op Updates','my','out','on',0,'','',''),(210,'dc35a003e30d6f382656ab5c6ec2e6cf',46,'Hostname','hostname','in','',2,'hostname','',''),(211,'f3f434c4e516c305f64a91d1419e93e8',46,'Port2','port2','in','',0,'','','on'),(212,'645b68766f5c85f81ac0edf57e6ea4bc',46,'Server','server','in','',3,'','','on'),(213,'21bb6986a0fb39f1c12094b726377c93',46,'MONGODB Index Hits','mp','out','on',0,'','',''),(214,'a82944b823ed21206be8b1072e11f9e7',46,'MONGODB Index Accesses','mo','out','on',0,'','',''),(215,'d809a7fc8cfb1138322915e05ee8e221',46,'MONGODB Index Resets','mr','out','on',0,'','',''),(216,'482cae2d0fd9b305d476e24a2b011dc2',46,'MONGODB Index Misses','mq','out','on',0,'','',''),(217,'fdcaca079e225049eca384bf6b259eac',47,'Hostname','hostname','in','',2,'hostname','',''),(218,'266744db9756faee44a21ca0d9f808ff',47,'Port2','port2','in','',0,'','','on'),(219,'cf71987d79a2ba3b61a505646b73b452',47,'Server','server','in','',3,'','','on'),(220,'41c390fe38814d7d9f38f6fe1ef4d7fa',47,'MONGODB Back Average Ms','mu','out','on',0,'','',''),(221,'3d794263eb6c96405fb470a421f7a53a',47,'MONGODB Back Total Ms','mt','out','on',0,'','',''),(222,'18a73661b425554281af5b693bc5c848',47,'MONGODB Back Last Ms','mv','out','on',0,'','',''),(223,'9894b68da31096a907b02169d60086cb',47,'MONGODB Back Flushes','ms','out','on',0,'','',''),(224,'e75a144b8c5a98647aa5a360a9dabad5',48,'Hostname','hostname','in','',2,'hostname','',''),(225,'964a722d92238aa5bb1258d6961b243b',48,'Port2','port2','in','',0,'','','on'),(226,'1de1f30720c6cf24cdc991e49cc8876b',48,'Server','server','in','',3,'','','on'),(227,'9e48f99539418329239a540c1d5736c0',48,'MONGODB Slave Lag','ni','out','on',0,'','',''),(228,'934cdf24b514089e80686e33c1991951',49,'Hostname','hostname','in','',2,'hostname','',''),(229,'d71dd24bccc9d29aef33e0a88cdbd2fa',49,'Port','port','in','',5,'','','on'),(230,'241826f304e0cb228a6325928a4b591e',49,'Username','username','in','',3,'','','on'),(231,'7d9932ea1f99f4e7b409937f562c2939',49,'Password','password','in','',4,'','','on'),(232,'2fd848c7bfd6f2074bfdaa171d6e09b9',49,'Serverid','serverid','in','',6,'','','on'),(233,'58b10d9d480fdf03da459b81cc5e75de',49,'Key Reads','gh','out','on',0,'','',''),(234,'10e6f697981d21381d35c7102b377b2e',49,'Key Write Requests','gi','out','on',0,'','',''),(235,'c873497a97aaae34af2a8f1fef0f534a',49,'Key Read Requests','gg','out','on',0,'','',''),(236,'cf294c9afda77038558a5dd2ac4a8845',49,'Key Writes','gj','out','on',0,'','',''),(237,'bc34bd6e24a311f053c88354a3af36e0',50,'Hostname','hostname','in','',2,'hostname','',''),(238,'8e6b5af920c23eb970035d9dd40cfa4a',50,'Port','port','in','',5,'','','on'),(239,'e61b1ddb4963349299943508b7353026',50,'Username','username','in','',3,'','','on'),(240,'31236d02b1ed480f8920c4566c1b7be1',50,'Password','password','in','',4,'','','on'),(241,'7dc75a03ec1a09476eda3e6984225f86',50,'Serverid','serverid','in','',6,'','','on'),(242,'6365cf19dcd3830e026e7821f4cb9ba2',50,'Key Buf Bytes Unflushed','og','out','on',0,'','',''),(243,'388c4258973c1304f14bbfb370ee564f',50,'Key Buffer Size','oi','out','on',0,'','',''),(244,'03b1786f4470870aa212970e8589564d',50,'Key Buf Bytes Used','oh','out','on',0,'','',''),(245,'fd86b8b9d8eb25f22b3ac683a5f3c9bf',51,'Hostname','hostname','in','',2,'hostname','',''),(246,'55802677f65564e1415bdc6c2dfa1b77',51,'Port','port','in','',5,'','','on'),(247,'f48a890f84d32fef549ba6ea20cd7464',51,'Username','username','in','',3,'','','on'),(248,'103699bc9523598d968628a364617a3d',51,'Password','password','in','',4,'','','on'),(249,'a72de83725531b5325e9a98bcce85a63',51,'Serverid','serverid','in','',6,'','','on'),(250,'370d924ad1c3c3f96c83364328880c3c',51,'Free Pages','gr','out','on',0,'','',''),(251,'3099761f439d0677d76c998e6db892d1',51,'Modified Pages','gt','out','on',0,'','',''),(252,'25f7437b8ad060e3d87da33e2dadb31f',51,'Database Pages','gs','out','on',0,'','',''),(253,'03d172bbfc0b859a2a06aae0d5ae190d',51,'Pool Size','gq','out','on',0,'','',''),(254,'8791cb2e26158b5d7b5b866411831904',52,'Hostname','hostname','in','',2,'hostname','',''),(255,'13c1ec57a51a2ede4d7c8331853a7031',52,'Port','port','in','',5,'','','on'),(256,'3c8ce85e55aac881e8c55a1f98713b59',52,'Username','username','in','',3,'','','on'),(257,'9b94f37c77c4ada8e12230fa1b73c212',52,'Password','password','in','',4,'','','on'),(258,'eca19057c8ae03c4c6a2bb640ce050bc',52,'Serverid','serverid','in','',6,'','','on'),(259,'65a2a583eb8e3d112595ed58501d9efa',52,'Log Writes','hg','out','on',0,'','',''),(260,'6ac708182319dda5f442d02b6fc5d3f0',52,'File Reads','gy','out','on',0,'','',''),(261,'2e33693897dc0e560a0f3d77683c0ad6',52,'File Writes','gz','out','on',0,'','',''),(262,'30f32be47cec617a2eb2a67caf2f1aa5',52,'File Fsyncs','gx','out','on',0,'','',''),(263,'c14695aa7e3e0abb7c496d09654957f3',53,'Hostname','hostname','in','',2,'hostname','',''),(264,'c3a602fb1b65786f7a0171bc91d1ea59',53,'Port','port','in','',5,'','','on'),(265,'3db62bda6bfad2f438784823ee467766',53,'Username','username','in','',3,'','','on'),(266,'c35c7529a6ce2f10eb8fffca73d95fea',53,'Password','password','in','',4,'','','on'),(267,'a315cb2ee9323e22ddd0d701a2e30d34',53,'Serverid','serverid','in','',6,'','','on'),(268,'33315d78b6a3a94afc7551789fc206d6',53,'Ibuf Merges','hs','out','on',0,'','',''),(269,'e1e4016ae780d3764b2959fb79cb26d4',53,'Ibuf Inserts','hq','out','on',0,'','',''),(270,'c48c4d0e1196a08fa1bffa6612132587',53,'Ibuf Merged','hr','out','on',0,'','',''),(271,'3f801ffd02bb44b40c0058abd19726ad',54,'Hostname','hostname','in','',2,'hostname','',''),(272,'7a323cad94abbad0ba68490dce11da94',54,'Port','port','in','',5,'','','on'),(273,'138a7212066b1b80522d3e17b01c985c',54,'Username','username','in','',3,'','','on'),(274,'c8b97b515c0c56b6a7a7749c73a2d59e',54,'Password','password','in','',4,'','','on'),(275,'afcfb8a478a106cfbaff6eeae6a6acd5',54,'Serverid','serverid','in','',6,'','','on'),(276,'6913c4bb2c47b73e16c7733c5073e59a',54,'Ibuf Cell Count','nq','out','on',0,'','',''),(277,'65ac17bbfb330d7ff7bf1010d3152f27',54,'Ibuf Used Cells','no','out','on',0,'','',''),(278,'185de6e6db39ec31d473d06a2fb704f3',54,'Ibuf Free Cells','np','out','on',0,'','',''),(279,'ca981294527cd8c10505e8e610f7b496',55,'Hostname','hostname','in','',2,'hostname','',''),(280,'4e0a8240b7bc8d3a6d6238889a31c827',55,'Port','port','in','',5,'','','on'),(281,'94596e0dcfd56507b9bfe5b5d53fcf9e',55,'Username','username','in','',3,'','','on'),(282,'ec7617ba97afe2b0325b6b0cc1dcf144',55,'Password','password','in','',4,'','','on'),(283,'45ac5f794c179e94ef535b9b0691842a',55,'Serverid','serverid','in','',6,'','','on'),(284,'134b7d8127ddb350af706b5cb3f9984d',55,'Os Waits','hv','out','on',0,'','',''),(285,'6262eb4ad726450c5dac2bf508fbab56',55,'Spin Waits','ht','out','on',0,'','',''),(286,'58887d197d97509d2b479e5f1dab95e4',55,'Spin Rounds','hu','out','on',0,'','',''),(287,'1115b10cd0b47a879e83258eab2be9c1',56,'Hostname','hostname','in','',2,'hostname','',''),(288,'30b6299350fd7ba4a3753474235afd40',56,'Port','port','in','',5,'','','on'),(289,'5ef14ed76900f9e2962b9a00945afc88',56,'Username','username','in','',3,'','','on'),(290,'7d7282947021e934b75a87567d2906c7',56,'Password','password','in','',4,'','','on'),(291,'d6f7dcdad9686f4a643a2aa552824958',56,'Serverid','serverid','in','',6,'','','on'),(292,'1f8a75e05f1e137785ae2d0b19f009dc',56,'Rows Deleted','hy','out','on',0,'','',''),(293,'bce4385051a564cae424333909594b1b',56,'Rows Inserted','hw','out','on',0,'','',''),(294,'9202020ea0b9e9a62b1ed1bba2429835',56,'Rows Updated','hx','out','on',0,'','',''),(295,'95e9540bb6b0f738b606aa0a2bb9700c',56,'Rows Read','hz','out','on',0,'','',''),(296,'246ffe6a70da833934ad58e470c05868',57,'Hostname','hostname','in','',2,'hostname','',''),(297,'a6b8575a36a4f9a859013bd6c9943b0b',57,'Port','port','in','',5,'','','on'),(298,'09db2ea59febfb9839a58a1b78837a16',57,'Username','username','in','',3,'','','on'),(299,'0ea98704c908a8bc41c44a8dcb96b324',57,'Password','password','in','',4,'','','on'),(300,'cd3fdffa5296ed9ee9709ed4666180e2',57,'Serverid','serverid','in','',6,'','','on'),(301,'b99a1709fa8b9f06246e29961815f07b',57,'Table Locks Immediate','ih','out','on',0,'','',''),(302,'ff37fac4f1f1815c6670aec8c01656a7',57,'Slow Queries','ii','out','on',0,'','',''),(303,'04ef1b2aa4f91816479df61913e7aea6',57,'Table Locks Waited','ig','out','on',0,'','',''),(304,'2352a983e585421f9a693578fb918064',58,'Hostname','hostname','in','',2,'hostname','',''),(305,'b70d926ff1d5ad893107a3d39d511b80',58,'Port','port','in','',5,'','','on'),(306,'778261a09638caf8897c0d024a07f23f',58,'Username','username','in','',3,'','','on'),(307,'e5bfe88be5455bdb47c6ad3ebe3c3f36',58,'Password','password','in','',4,'','','on'),(308,'2814cbca4d10555174f4392d6b205ba2',58,'Serverid','serverid','in','',6,'','','on'),(309,'dae83df175b99c3daf528becc132d3e8',58,'Threads Connected','iu','out','on',0,'','',''),(310,'c194150e0eabd33a2b7b8b3f3fbb6255',58,'Connections','iz','out','on',0,'','',''),(311,'0c413107d5d2b19429a5c3839a9005ab',58,'Max Connections','ix','out','on',0,'','',''),(312,'3fef877d94b440b7371634975dc62c14',58,'Max Used Connections','ir','out','on',0,'','',''),(313,'89a607a1bcd6416e464ad38245fecfd8',58,'Aborted Clients','ip','out','on',0,'','',''),(314,'7b2d2030e3ff45ff1b0706db49182176',58,'Aborted Connects','iq','out','on',0,'','',''),(315,'38e8e144895068156aafa00f1adbaee9',59,'Hostname','hostname','in','',2,'hostname','',''),(316,'723cbc2b4df46584fa31630f68bb573e',59,'Port','port','in','',5,'','','on'),(317,'122dc9df7af4637d0739d138f841e1bb',59,'Username','username','in','',3,'','','on'),(318,'52dfbb426d6d8e90fef3a9ad5c4adbee',59,'Password','password','in','',4,'','','on'),(319,'5c11d7546d6b861b73447592c2e5b733',59,'Serverid','serverid','in','',6,'','','on'),(320,'5baa98d743a677bd77628cde517cf391',59,'Slave Running','jg','out','on',0,'','',''),(321,'07afdb9bf7a4d02034059edab34805ba',59,'Slave Retried Transactions','ji','out','on',0,'','',''),(322,'d737b0246251bb075c937a82ed275826',59,'Slave Stopped','jh','out','on',0,'','',''),(323,'fc68fcf835e7d80a72b7cac3d3ce9d3c',59,'Slave Open Temp Tables','jk','out','on',0,'','',''),(324,'adda99ab98e4b5980fbb84116d959cfe',59,'Slave Lag','jj','out','on',0,'','',''),(325,'4a0c0ef4952e834015bb938e9d2fadde',60,'Hostname','hostname','in','',2,'hostname','',''),(326,'2465fd4ebe6fb192272425179988bdb4',60,'Port','port','in','',5,'','','on'),(327,'8f02ef1217dc9800a899ecf13f839034',60,'Username','username','in','',3,'','','on'),(328,'50deae83b840510e356c042424985303',60,'Password','password','in','',4,'','','on'),(329,'ce014aa7ea94c3be9420e6b55561991c',60,'Serverid','serverid','in','',6,'','','on'),(330,'73f0a1e82bbfaedaef8cd94b07f0ada7',60,'Qcache Inserts','jo','out','on',0,'','',''),(331,'5244b2a498581c2604fab9d91a28cc91',60,'Qcache Lowmem Prunes','jp','out','on',0,'','',''),(332,'dcea8beec989a4391ad56aa0189ac85c',60,'Qcache Queries In Cache','jr','out','on',0,'','',''),(333,'adf93e592ba7a48d8b58525bbe25578e',60,'Qcache Not Cached','jq','out','on',0,'','',''),(334,'e7a87afca2ab8c11c15be58df38e5d54',60,'Qcache Hits','jn','out','on',0,'','',''),(335,'623de342f970b6a7bb12b9bb7b78d3b3',61,'Hostname','hostname','in','',2,'hostname','',''),(336,'8e4c604cd0be9667aff73d8dfb0411b1',61,'Port','port','in','',5,'','','on'),(337,'bb14429ea48b0994a35c87ac46417255',61,'Username','username','in','',3,'','','on'),(338,'46280ba3feb66206e042f502cde00579',61,'Password','password','in','',4,'','','on'),(339,'530552a6e2b131518b85c3542bbf028a',61,'Serverid','serverid','in','',6,'','','on'),(340,'640eae511115af930e3e27d757d39179',61,'Query Cache Size','jt','out','on',0,'','',''),(341,'0eb392faca757e7cce18b5c65777c074',61,'Qcache Free Blocks','jl','out','on',0,'','',''),(342,'b3780c030d284171833971514b28e8f3',61,'Qcache Total Blocks','js','out','on',0,'','',''),(343,'c69d8c3272c02c53d8200157df4354ce',61,'Qcache Free Memory','jm','out','on',0,'','',''),(344,'fbe2b7a3aa88d34cf34f219fe89b01f3',62,'Hostname','hostname','in','',2,'hostname','',''),(345,'4414a658476b54a118d589a7e0476c8f',62,'Port','port','in','',5,'','','on'),(346,'179f459eb5435425126d671310a54e58',62,'Username','username','in','',3,'','','on'),(347,'e00602b9c0e7d13685d8f51e8ab3b558',62,'Password','password','in','',4,'','','on'),(348,'f0e0d497457435fe67e3dca59404fba4',62,'Serverid','serverid','in','',6,'','','on'),(349,'3181f9ca4263c3a97c7c2b59adb28c0a',62,'Com Select','jx','out','on',0,'','',''),(350,'05041639bb2909b16d8b33c9ca03e8a3',62,'Com Delete Multi','kj','out','on',0,'','',''),(351,'806554bfd63d1cc677261292aae36356',62,'Com Delete','jy','out','on',0,'','',''),(352,'50ead4dcd91a3a5cda313c02dee4e836',62,'Com Insert','jw','out','on',0,'','',''),(353,'8cd99da9bcd790d55368be2c8a311a0d',62,'Com Replace','jz','out','on',0,'','',''),(354,'5f86603f53f09c7422f4120f26be811f',62,'Com Update Multi','kh','out','on',0,'','',''),(355,'11b5fbd2a60694b091ca65f6719cf67f',62,'Com Replace Select','kk','out','on',0,'','',''),(356,'526cfe1b73b4d0c6a6d944de0e725e6e',62,'Com Insert Select','ki','out','on',0,'','',''),(357,'27f7cecacdf80987bd4874791eca98b7',62,'Com Update','jv','out','on',0,'','',''),(358,'3c8293dbc41f3acebcbc14630d0e292a',62,'Questions','ju','out','on',0,'','',''),(359,'c2122e47e509a2c9dbf347a4d8bb65f0',62,'Com Load','kg','out','on',0,'','',''),(360,'49f278096b8fed1b231578c8bd93780f',63,'Hostname','hostname','in','',2,'hostname','',''),(361,'1131de7d3df0c55f366c4e5e63aa4986',63,'Port','port','in','',5,'','','on'),(362,'1b0d05db69dfc24b6837825a8cad7ad7',63,'Username','username','in','',3,'','','on'),(363,'af79eaa27ecbf07b973dc309b564463e',63,'Password','password','in','',4,'','','on'),(364,'5730107a05d9bd78421b11ba8caab032',63,'Serverid','serverid','in','',6,'','','on'),(365,'3406c5e8831a63676cfb9cfa68e7bd63',63,'Select Range','kn','out','on',0,'','',''),(366,'3b35f87ec6fe979c96d7935fb47eeee0',63,'Select Full Join','kl','out','on',0,'','',''),(367,'7fac25a17f2792c76c0155493a34a533',63,'Select Scan','kp','out','on',0,'','',''),(368,'8a839218205921fd5204bc662dfcd3d6',63,'Select Full Range Join','km','out','on',0,'','',''),(369,'c45d99e36babd93d8494e64ae78ad2f4',63,'Select Range Check','ko','out','on',0,'','',''),(370,'7c730380a7f8d70eeb903eab317c57d2',64,'Hostname','hostname','in','',2,'hostname','',''),(371,'531e9136380ce260f544ba65082f7867',64,'Port','port','in','',5,'','','on'),(372,'f2cd7d8bb9c99c0dd5c541927012f046',64,'Username','username','in','',3,'','','on'),(373,'15427b2a5da2c30709252b150bc8efdc',64,'Password','password','in','',4,'','','on'),(374,'6db3fcb1c6e9177143a1e9f66eb741f6',64,'Serverid','serverid','in','',6,'','','on'),(375,'984d83ac3b9e4fac2fe1415c47949d5f',64,'Sort Rows','ks','out','on',0,'','',''),(376,'021d93dcf35ebad67fb37ceb2f783949',64,'Sort Merge Passes','kq','out','on',0,'','',''),(377,'712d0795b5b8eedc635c39a3b9477007',64,'Sort Scan','kt','out','on',0,'','',''),(378,'8f192fb3db156f6ca3bd6bf86849fa96',64,'Sort Range','kr','out','on',0,'','',''),(379,'d4b1fac5caa7ac08e230c37b96cd7abe',65,'Hostname','hostname','in','',2,'hostname','',''),(380,'7afb30d4bd8012642a20ffa22418a5ba',65,'Port','port','in','',5,'','','on'),(381,'bf9e9e491a9d41ed382508464614bf68',65,'Username','username','in','',3,'','','on'),(382,'7eb66a61ad7a7fdea484070925892af5',65,'Password','password','in','',4,'','','on'),(383,'ae2c82e1b16a00a69ec05bef6b82622b',65,'Serverid','serverid','in','',6,'','','on'),(384,'744a5188f81220bb3d3a4533866cf98d',65,'Created Tmp Tables','ku','out','on',0,'','',''),(385,'a6089850ca849b37ab32877039f883d0',65,'Created Tmp Files','kw','out','on',0,'','',''),(386,'e12d5f77152cc161961daee1bbb4c894',65,'Created Tmp Disk Tables','kv','out','on',0,'','',''),(387,'fbe53f14791e2b46cc4040f0b84fad5d',66,'Hostname','hostname','in','',2,'hostname','',''),(388,'6a994adbf34c974a840e59e096eb681b',66,'Port','port','in','',5,'','','on'),(389,'2355ad92f1d584255802f93c624ae00e',66,'Username','username','in','',3,'','','on'),(390,'845cccee5f90a325a9fe3fc64a512a71',66,'Password','password','in','',4,'','','on'),(391,'2ceb329c928a4e34a3c4ca01edacbcf3',66,'Serverid','serverid','in','',6,'','','on'),(392,'2c0580a7ad561ab3271b1051c1f633c1',66,'Bytes Received','ky','out','on',0,'','',''),(393,'30d625afb8a7af347051d7e1385b54ff',66,'Bytes Sent','kx','out','on',0,'','',''),(394,'13d07eee4573b5a0dc1f6bacd4e16853',67,'Hostname','hostname','in','',2,'hostname','',''),(395,'8872c0c856e3a22c2d3dda1fb940b181',67,'Port','port','in','',5,'','','on'),(396,'24231c85bd551db92b61112d5866b89f',67,'Username','username','in','',3,'','','on'),(397,'a4bb5deb9a957e70401a1b623ffeea63',67,'Password','password','in','',4,'','','on'),(398,'82f033b63e1a3ac22b17573ec20b070b',67,'Serverid','serverid','in','',6,'','','on'),(399,'58dd7a41df4d6398c90ade54ae42859e',67,'Pages Written','gw','out','on',0,'','',''),(400,'4a8b8f0018af79fdc39f92c7a9269f14',67,'Pages Read','gu','out','on',0,'','',''),(401,'96c727b75ad50fb912256959730d4a1f',67,'Pages Created','gv','out','on',0,'','',''),(402,'8f37467adf39bc8205c54ad8bdec0486',68,'Hostname','hostname','in','',2,'hostname','',''),(403,'a5746b12cda0c1e57b72b38ddce351ec',68,'Port','port','in','',5,'','','on'),(404,'e283f0f764bf384189b6340dbe89cf43',68,'Username','username','in','',3,'','','on'),(405,'29275f5a87bcca6ef98c4676bd77a6a3',68,'Password','password','in','',4,'','','on'),(406,'16a513bd9761fe0bf9de11718241e554',68,'Serverid','serverid','in','',6,'','','on'),(407,'0e7ca5fbc9fb133a39ace3e4ab22357a',68,'Pending Ibuf Aio Reads','hl','out','on',0,'','',''),(408,'aa8ec2f278428c8d2c2e60fbf7797f39',68,'Pending Aio Sync Ios','hi','out','on',0,'','',''),(409,'3c4467a68c8d44eea248bb2c82bfad25',68,'Pending Chkp Writes','hk','out','on',0,'','',''),(410,'cfaa0b83f53d9914ab86c26385e7c551',68,'Pending Normal Aio Reads','ho','out','on',0,'','',''),(411,'e3d909a3a85a3c4eafa58338d0f400f4',68,'Pending Buf Pool Flushes','hj','out','on',0,'','',''),(412,'5decc07514eb0a7692af2533838589aa',68,'Pending Aio Log Ios','hh','out','on',0,'','',''),(413,'1e24673c30fb16325314e20542389607',68,'Pending Log Writes','hn','out','on',0,'','',''),(414,'e24594f343a17c4050ee8d65bb4350f5',68,'Pending Normal Aio Writes','hp','out','on',0,'','',''),(415,'ab0de3f46c986ffd4582106e7f2e301c',68,'Pending Log Flushes','hm','out','on',0,'','',''),(416,'9a086a96ab9c7bd0cc82ad731d292a35',69,'Hostname','hostname','in','',2,'hostname','',''),(417,'3182eeda6dfe2b8a8df9cc91e8db70e9',69,'Port','port','in','',5,'','','on'),(418,'09db9eb2979b620b5971a63c7476ced1',69,'Username','username','in','',3,'','','on'),(419,'89ba7a86b9d77b17a025eee45b4f1f8d',69,'Password','password','in','',4,'','','on'),(420,'9ffa18ce5105f0cd7bdd84b3a68dc916',69,'Serverid','serverid','in','',6,'','','on'),(421,'d07042a0a0e23263de8c8cbe5559f75a',69,'Unflushed Log','lg','out','on',0,'','',''),(422,'f6848264f0e07457f87736061cb9c292',69,'Log Bytes Written','li','out','on',0,'','',''),(423,'531f7361b43e4caafd0946de82724379',69,'Log Bytes Flushed','lh','out','on',0,'','',''),(424,'f3566adfb1a203172ce396cd86110b99',69,'Innodb Log Buffer Size','kz','out','on',0,'','',''),(425,'ee624627bc965743a9d207f4dd32bd1b',70,'Hostname','hostname','in','',2,'hostname','',''),(426,'7dac1ec6385a3656e646cbd298395f56',70,'Port','port','in','',5,'','','on'),(427,'66d84808ae4e5ca551b65f5554b7d983',70,'Username','username','in','',3,'','','on'),(428,'e63ba3be9c8d2e254dbce243d91f2ab4',70,'Password','password','in','',4,'','','on'),(429,'ba5f88ca77f715faa5041ae4574ae294',70,'Serverid','serverid','in','',6,'','','on'),(430,'35398509ac7a7268e935dc0d37087846',70,'Binlog Cache Use','lm','out','on',0,'','',''),(431,'d3df1d9eca7bde2db3a0ecba08ded26c',70,'Binary Log Space','ln','out','on',0,'','',''),(432,'a2b35aedd4e4637d3d317e926417f5af',70,'Relay Log Space','lj','out','on',0,'','',''),(433,'6b4757e0eb867b042569d5c24018289e',70,'Binlog Cache Disk Use','ll','out','on',0,'','',''),(434,'bc2c8c35f40923041ab9d532770c46ae',71,'Hostname','hostname','in','',2,'hostname','',''),(435,'35673f162d6a47b2ca1762eafd338bea',71,'Port','port','in','',5,'','','on'),(436,'75f5e788713b7b13af575c7dd5ac4868',71,'Username','username','in','',3,'','','on'),(437,'d8af8068f4daa51f3ee55ad80bd46408',71,'Password','password','in','',4,'','','on'),(438,'9f52f29e23de5cc7200fb8f2c94a6fdc',71,'Serverid','serverid','in','',6,'','','on'),(439,'42522580401a653d5dd41a4687fd93f6',71,'Innodb Transactions','gl','out','on',0,'','',''),(440,'3d822c49393f838f3c5485a8a36b4cf0',71,'History List','gk','out','on',0,'','',''),(441,'a958b96b688f3c0c8ed7258f70de8b43',72,'Hostname','hostname','in','',2,'hostname','',''),(442,'8def5f376e6bef3b9e9125ff64d13ca0',72,'Port','port','in','',5,'','','on'),(443,'0e7e102d45155caefae56ee3ba51dc3e',72,'Username','username','in','',3,'','','on'),(444,'75ead77a5262a19717f0dc161c111824',72,'Password','password','in','',4,'','','on'),(445,'4459a67f35b235fdd3c7d81e239fa345',72,'Serverid','serverid','in','',6,'','','on'),(446,'753d51fad343b3995f3621bb7aee421b',72,'Current Transactions','gn','out','on',0,'','',''),(447,'f1934cf547d165f0d3912a2283ef9c65',72,'Locked Transactions','go','out','on',0,'','',''),(448,'b2b795b58cfb3af9966f4eb345dca08b',72,'Active Transactions','gp','out','on',0,'','',''),(449,'39346ac5a629c49f526d52fd1f4394d1',72,'Read Views','gm','out','on',0,'','',''),(450,'1f0f5fb3cc50f16f3cad159275589d31',73,'Hostname','hostname','in','',2,'hostname','',''),(451,'7afbf68a3c06fbfd2559d083e5ead5ab',73,'Port','port','in','',5,'','','on'),(452,'2d2f8b68b4f093eddc86ff805b19ac2c',73,'Username','username','in','',3,'','','on'),(453,'3f935edf0d12de863def59c02b17c8f7',73,'Password','password','in','',4,'','','on'),(454,'e042d706d74e5c913b547ec8bfc7cd9b',73,'Serverid','serverid','in','',6,'','','on'),(455,'7717d70bb60fccb0dd5e88c5fddbd351',73,'Opened Tables','il','out','on',0,'','',''),(456,'a6e09170873f1fb277a2b95f6a07459a',73,'Open Files','ij','out','on',0,'','',''),(457,'76e703944ff9dc5e10c61bdc95f0ac53',73,'Open Tables','ik','out','on',0,'','',''),(458,'1fb6119d3d61fc252907abe3fb784eaf',73,'Table Cache','io','out','on',0,'','',''),(459,'1e18bc2f121f2e62990bc9744f8093a7',74,'Hostname','hostname','in','',2,'hostname','',''),(460,'29c38cce1d4d07edc1fe34ecd4008028',74,'Port','port','in','',5,'','','on'),(461,'37dd7a807c0f629eb2255cb68e7ae22a',74,'Username','username','in','',3,'','','on'),(462,'32dea72c6da7321961c6890f57d443bf',74,'Password','password','in','',4,'','','on'),(463,'5d4e1ee1dd0f2ca49954596229a26f0d',74,'Serverid','serverid','in','',6,'','','on'),(464,'dae83df175b99c3daf528becc132d3e8',74,'Threads Connected','iu','out','on',0,'','',''),(465,'5e7972ec32f9500b1c3d097d2adf4e37',74,'Threads Created','iv','out','on',0,'','',''),(466,'9e3474c954018d0b39e2b4c5edf388a3',74,'Threads Running','iw','out','on',0,'','',''),(467,'ef7ee514647412cd25925cccec177baf',74,'Threads Cached','it','out','on',0,'','',''),(468,'5adbe9f13c7afd427ae0947fa5d87aae',74,'Thread Cache Size','iy','out','on',0,'','',''),(469,'4984a6cf23b43395f483400e1e892db3',75,'Hostname','hostname','in','',2,'hostname','',''),(470,'8c826c803f78c5f181b009ccd08477ed',75,'Port','port','in','',5,'','','on'),(471,'2f286104fb6267c2b0246523b6f7fd60',75,'Username','username','in','',3,'','','on'),(472,'5451ffa0358865d59e0030cd97bf8074',75,'Password','password','in','',4,'','','on'),(473,'141595bbcf1ab7f472e4dfbe8b60e2b2',75,'Serverid','serverid','in','',6,'','','on'),(474,'dc2833697bee772765b94e627e23544c',75,'Total Mem Alloc','nl','out','on',0,'','',''),(475,'c87536ebfdb9158aa224cfb004350d4b',75,'Additional Pool Alloc','nm','out','on',0,'','',''),(476,'6880e76515aaac6cb4cafdfd42d8175a',76,'Hostname','hostname','in','',2,'hostname','',''),(477,'13a4c7ae44bcf327897e78faef04257f',76,'Port','port','in','',5,'','','on'),(478,'e0298677adec81102795f46cfcfcedd0',76,'Username','username','in','',3,'','','on'),(479,'f61096928f145700619e7fb8a337b3bd',76,'Password','password','in','',4,'','','on'),(480,'30ea503556abea62d512c877ae4039ec',76,'Serverid','serverid','in','',6,'','','on'),(481,'0fafe0705b1478b932577da40c2bcef9',76,'Hash Index Cells Total','nj','out','on',0,'','',''),(482,'f37040307da168dde8970e4298e13a3f',76,'Hash Index Cells Used','nk','out','on',0,'','',''),(483,'fb81e85fa1ae5cb03938d486249aa536',77,'Hostname','hostname','in','',2,'hostname','',''),(484,'d79be4856ba5184c9f5c9f68f897216d',77,'Port','port','in','',5,'','','on'),(485,'33ad6164835e956da286eef8339fd1cc',77,'Username','username','in','',3,'','','on'),(486,'f1dd638e304b8e86b9044cec28c8a570',77,'Password','password','in','',4,'','','on'),(487,'e3360674a75dda421857a35d668229c3',77,'Serverid','serverid','in','',6,'','','on'),(488,'012a63f2f91657122110bd696069a318',77,'Lock System Memory','nv','out','on',0,'','',''),(489,'93faf70a2348ea98e09caf5b6d246a37',77,'File System Memory','nu','out','on',0,'','',''),(490,'0dae94cc6c7ef58e7e611c96a446454f',77,'Page Hash Memory','ns','out','on',0,'','',''),(491,'29c7ea358a3beba846a7f6d485a9c4a0',77,'Thread Hash Memory','nx','out','on',0,'','',''),(492,'c911c6e188effabe90bc16f71c4d5a79',77,'Dictionary Cache Memory','nt','out','on',0,'','',''),(493,'bd2607bec2469de7d32e1142773c5706',77,'Recovery System Memory','nw','out','on',0,'','',''),(494,'a64a6c311cd5b0aa3bc14cb05824277f',77,'Adaptive Hash Memory','nr','out','on',0,'','',''),(495,'10a5a931937b566939b3a71d091f1543',78,'Hostname','hostname','in','',2,'hostname','',''),(496,'b573484b5747c698af0f73df08200ad0',78,'Port','port','in','',5,'','','on'),(497,'c8de3924bb19a33db070ef2ca2f2c3fd',78,'Username','username','in','',3,'','','on'),(498,'85442d5704425becd4a1c0b2bcbd220c',78,'Password','password','in','',4,'','','on'),(499,'8b225c6c9665fbba9941e3966dc1ccc3',78,'Serverid','serverid','in','',6,'','','on'),(500,'ac3bdee4ed5d88e1e8c2f049050400b5',78,'Innodb Locked Tables','lo','out','on',0,'','',''),(501,'a53e15269da77bf04dce7233b60907a6',78,'Innodb Tables In Use','nh','out','on',0,'','',''),(502,'71e7debe6e2a4dbde8d173248bc120e6',79,'Hostname','hostname','in','',2,'hostname','',''),(503,'ea814353032a322f5bb919632d3aedc4',79,'Port','port','in','',5,'','','on'),(504,'c79a5751d9341d9350e206d4a03f77f5',79,'Username','username','in','',3,'','','on'),(505,'6e3697a0e9e2a990c94b66baae2de7c0',79,'Password','password','in','',4,'','','on'),(506,'8ff01dd4944d989793ebbd08ef0aec2f',79,'Serverid','serverid','in','',6,'','','on'),(507,'1adeeb3ee2097922ae1435af203faeb9',79,'Innodb Lock Wait Secs','ni','out','on',0,'','',''),(508,'91c2ff570fd3c54a08ac6cef2c28926d',80,'Hostname','hostname','in','',2,'hostname','',''),(509,'f9e49bcbd18b80b111ce79d7a838a76f',80,'Port','port','in','',5,'','','on'),(510,'d496f1d967a1e7e0c84e76fbb81b964d',80,'Username','username','in','',3,'','','on'),(511,'0380c17f1dc6e7287152fd9560cdb1ea',80,'Password','password','in','',4,'','','on'),(512,'9b07e5fdeab28c1ed490be6b6be3c893',80,'Serverid','serverid','in','',6,'','','on'),(513,'a00fc31cb46de274e6dbb06a433f1ffd',80,'Innodb Lock Structs','lp','out','on',0,'','',''),(514,'63427b9862358dae8270ec597e49198f',81,'Hostname','hostname','in','',2,'hostname','',''),(515,'5ae41e287c3da4af9cf5ff629ca3d74f',81,'Port','port','in','',5,'','','on'),(516,'1f5066a76006ee4cdde507edb2932212',81,'Username','username','in','',3,'','','on'),(517,'ae53c94ccd1e548e9faa90879ec526c0',81,'Password','password','in','',4,'','','on'),(518,'80243c28fd1babccd660870761e2d9c4',81,'Serverid','serverid','in','',6,'','','on'),(519,'74793606c4a753706099cf13220d4583',81,'Uncheckpointed Bytes','nn','out','on',0,'','',''),(520,'564b918da78974a86135fdf7299c6e48',82,'Hostname','hostname','in','',2,'hostname','',''),(521,'c397e995ba3e04150692ee80cff936dd',82,'Port','port','in','',5,'','','on'),(522,'1d3a30285bfc7b4f10b1731383e043cb',82,'Username','username','in','',3,'','','on'),(523,'94bdf40f582afb2eb8f0dc66c2bbd2a6',82,'Password','password','in','',4,'','','on'),(524,'bdc6780150d312af1bd8b389cc9583a0',82,'Serverid','serverid','in','',6,'','','on'),(525,'562ced54dfb4efb6bf4800528c8826e9',82,'Innodb Row Lock Time','oj','out','on',0,'','',''),(526,'62099653ccc6f7dde0aef559ca3d57bb',83,'Hostname','hostname','in','',2,'hostname','',''),(527,'37268bdfdf000a9b01b6431b55bd2515',83,'Port','port','in','',5,'','','on'),(528,'e4b013b8b2a71f5f0f30d5b66c12e2bd',83,'Username','username','in','',3,'','','on'),(529,'9a7d54a9c0d6afc3a912da5a1db1165e',83,'Password','password','in','',4,'','','on'),(530,'df26173fc43a5e0de2063597517ce9d9',83,'Serverid','serverid','in','',6,'','','on'),(531,'88bcc8053c379a3e11163fb60d0a1909',83,'Innodb Row Lock Waits','ok','out','on',0,'','',''),(532,'e23e84db6e3ed07ea222ec64ed094fda',84,'Hostname','hostname','in','',2,'hostname','',''),(533,'884efb29163bcb3c765befa767e5d3f5',84,'Port','port','in','',5,'','','on'),(534,'e4210ba4df93af1a4697656ad5608daf',84,'Username','username','in','',3,'','','on'),(535,'610734d7473a550068c3581a0447b897',84,'Password','password','in','',4,'','','on'),(536,'90fd79d519be59b906dbf8dee021a5a4',84,'Serverid','serverid','in','',6,'','','on'),(537,'992de8144f80e0a78f09e4cfcad75587',84,'Innodb Sem Waits','ny','out','on',0,'','',''),(538,'25f594243c1172d3f963db5241538e3b',85,'Hostname','hostname','in','',2,'hostname','',''),(539,'74d732d07260f1737275fcf0c72e8ca9',85,'Port','port','in','',5,'','','on'),(540,'393b5a7abb9d3b506efca0ad944fe2d6',85,'Username','username','in','',3,'','','on'),(541,'3706ce36185456debf0834fd99acc480',85,'Password','password','in','',4,'','','on'),(542,'b47e96a08aa92a92af6130afb8904ecb',85,'Serverid','serverid','in','',6,'','','on'),(543,'ca5ef04dda2447274cb5f3bcd6837900',85,'Innodb Sem Wait Time Ms','nz','out','on',0,'','',''),(544,'2e3c57a0fba51952adbd8d8cf8902e33',86,'Hostname','hostname','in','',2,'hostname','',''),(545,'bcddc67ca26608bb475ef88f4aeb8249',86,'Port','port','in','',5,'','','on'),(546,'24151a56322ee27d8c37c10d653fea45',86,'Username','username','in','',3,'','','on'),(547,'cfc6249ee962f4fbe7d613e709ef6d2e',86,'Password','password','in','',4,'','','on'),(548,'b709b71e4dad1cce09318e76e6e4d2cc',86,'Serverid','serverid','in','',6,'','','on'),(549,'fc652711e17c314b98ea1664830f1cbb',86,'State Login','lw','out','on',0,'','',''),(550,'7e7df679b853f0a577d20bd708c61784',86,'State Closing Tables','lq','out','on',0,'','',''),(551,'d604ae518fbe6e9402e8216408c65d53',86,'State Sorting Result','mg','out','on',0,'','',''),(552,'8802ca02598be615c3af46701339156c',86,'State Preparing','lx','out','on',0,'','',''),(553,'4b46be8cb72cccd3c282e21b5d3d5621',86,'State Init','lu','out','on',0,'','',''),(554,'aac83626db23433abc9736c117e7eb84',86,'State Freeing Items','lt','out','on',0,'','',''),(555,'41a886707377b12658b4560c61664283',86,'State Locked','lv','out','on',0,'','',''),(556,'9cb9aa3a98f5008e201629730914c3a0',86,'State Writing To Net','mj','out','on',0,'','',''),(557,'5a184c2b55686097f8d2316053b5b7a7',86,'State Copying To Tmp Table','lr','out','on',0,'','',''),(558,'d6215b36d36a8d23576f7f4e8bf1d8a4',86,'State Other','ml','out','on',0,'','',''),(559,'5e0a14229856f3b2b3ce1e1f2df73faf',86,'State End','ls','out','on',0,'','',''),(560,'8a3075bd545fbcc0ab77ad4f00e83d00',86,'State None','mk','out','on',0,'','',''),(561,'6202eb7a183186c81812d220291f2df0',86,'State Reading From Net','ly','out','on',0,'','',''),(562,'c98959751945511f71fc71564063ac28',86,'State Sending Data','lz','out','on',0,'','',''),(563,'a348e1b4da9dec9dda6ea14c595e6932',86,'State Statistics','mh','out','on',0,'','',''),(564,'19067de8c3b39d27325c74df6755c8b8',86,'State Updating','mi','out','on',0,'','',''),(565,'fb572751eda1ba0e068769a49f268e39',87,'Hostname','hostname','in','',2,'hostname','',''),(566,'b6315d00c2fda49b43d3a7a0fae08bbc',87,'Port','port','in','',5,'','','on'),(567,'1f1f75d02806fbce85f711d86c320b45',87,'Username','username','in','',3,'','','on'),(568,'a8eaac949a637588d2fb376d50f1e0d0',87,'Password','password','in','',4,'','','on'),(569,'e4c9075483e0d6246908a5054160c0a4',87,'Serverid','serverid','in','',6,'','','on'),(570,'902f133f5f6e948146197c4d22476a37',87,'Handler Commit','mm','out','on',0,'','',''),(571,'9bda6ae9f2ba76dad792b86f43742710',87,'Handler Savepoint','mx','out','on',0,'','',''),(572,'c428c541808de94e9a34021acd98c4dc',87,'Handler Savepoint Rollback','my','out','on',0,'','',''),(573,'742a40bc2c218f71dce1a65fddefef38',87,'Handler Rollback','mw','out','on',0,'','',''),(574,'010ab87ad58048db81c71ab784dfc036',88,'Hostname','hostname','in','',2,'hostname','',''),(575,'d41f29e1f39e433100be638e01cf6255',88,'Port','port','in','',5,'','','on'),(576,'e1a4e1d8aef8d9407684114be4ef332a',88,'Username','username','in','',3,'','','on'),(577,'1bf5fb42cb7a630541c93ea1394f0f0a',88,'Password','password','in','',4,'','','on'),(578,'55450ecf96702573cbfa1cd94f9d1717',88,'Serverid','serverid','in','',6,'','','on'),(579,'4721efcdbbc45073f905394807569ed5',88,'Handler Delete','mn','out','on',0,'','',''),(580,'9bbda44a3706208ba25f53eeedf7b251',88,'Handler Read First','mq','out','on',0,'','',''),(581,'0a38952040c98d55083986747a9d8b8e',88,'Handler Read Prev','mt','out','on',0,'','',''),(582,'fe62e88fdf842804e3fc128787ca2548',88,'Handler Read Key','mr','out','on',0,'','',''),(583,'1322906aeb3ca2c2ab2b30970fad9edc',88,'Handler Read Rnd Next','mv','out','on',0,'','',''),(584,'aaff0fd41d8e214813909c2d0aa54112',88,'Handler Write','ng','out','on',0,'','',''),(585,'ee3a431b5eb47eeb455937454862a63c',88,'Handler Read Rnd','mu','out','on',0,'','',''),(586,'6709bbc43bdae23f15219ad1ba98e7ad',88,'Handler Update','mz','out','on',0,'','',''),(587,'d10711bdc1be1d7738d0d302662fd0c1',88,'Handler Read Next','ms','out','on',0,'','',''),(588,'87477c4deff6a96fc3ef09fe4a9ac338',89,'Hostname','hostname','in','',2,'hostname','',''),(589,'5f2c60c4276e23b1f856de5fd122cb6c',89,'Port','port','in','',5,'','','on'),(590,'8cdd3f24d0d16d6f52a5d5f44f13011f',89,'Username','username','in','',3,'','','on'),(591,'8b4fe20373a782a99245cc77cbf74e69',89,'Password','password','in','',4,'','','on'),(592,'a4dbb383355ab2e5fc5f77681db89ac8',89,'Serverid','serverid','in','',6,'','','on'),(593,'d8ed8804a2a9b8eeb0d1184f945126fb',89,'Query Time Count 07','os','out','on',0,'','',''),(594,'e1c0be6f9145d2f7c6a0021a075be219',89,'Query Time Count 12','ox','out','on',0,'','',''),(595,'f44369cc2b2110534a6e5a9c398c4d4a',89,'Query Time Count 13','oy','out','on',0,'','',''),(596,'29d6eb8762ec06e9b5c2b5ac372136e6',89,'Query Time Count 04','op','out','on',0,'','',''),(597,'0b5f72f88cab4dbb4b9f230c8156a535',89,'Query Time Count 09','ou','out','on',0,'','',''),(598,'5767398d9719bb0b21409e701f0c0127',89,'Query Time Count 10','ov','out','on',0,'','',''),(599,'71423bc0d46fccaaf25f6e2d6ea818d1',89,'Query Time Count 08','ot','out','on',0,'','',''),(600,'1c73a6539877d42a7f025292473c3dfd',89,'Query Time Count 02','on','out','on',0,'','',''),(601,'828c9dafd59110721b924ecb91712f89',89,'Query Time Count 11','ow','out','on',0,'','',''),(602,'a5eab67e66239d308f9720647dd377a7',89,'Query Time Count 01','om','out','on',0,'','',''),(603,'8d74e79bbe81e46384948363d6450c10',89,'Query Time Count 05','oq','out','on',0,'','',''),(604,'71ca975a84b8aa045dff58bf3fccf512',89,'Query Time Count 03','oo','out','on',0,'','',''),(605,'51ce0e56e56ccc15ce79d0a5c9b018f0',89,'Query Time Count 06','or','out','on',0,'','',''),(606,'fc8a92a52f17edf5534cf3e91c234972',89,'Query Time Count 00','ol','out','on',0,'','',''),(607,'c7515944198d7a7c8c7fba51ca7a4bd2',90,'Hostname','hostname','in','',2,'hostname','',''),(608,'6692d71bdd168cd6ec51bb1af7a8706d',90,'Port','port','in','',5,'','','on'),(609,'b31a9433cb0488745b0a6f1e5e3f941a',90,'Username','username','in','',3,'','','on'),(610,'a65e3cce269b6df5bc6225baf5e2fe0b',90,'Password','password','in','',4,'','','on'),(611,'51ab0a480919ff8a45eb819e6e8969a6',90,'Serverid','serverid','in','',6,'','','on'),(612,'f93126864ad7c328fd9eca272eaefdb1',90,'Query Time Total 04','pj','out','on',0,'','',''),(613,'3018646b6c4cfd4301f155ef06b5c941',90,'Query Time Total 03','pi','out','on',0,'','',''),(614,'ce6c891093b1d90ab8c8e33207768d65',90,'Query Time Total 08','pn','out','on',0,'','',''),(615,'393896b12c4b6a56ab36497784358e89',90,'Query Time Total 06','pl','out','on',0,'','',''),(616,'fed1e89e92ad69c5da96b632115b58bd',90,'Query Time Total 01','pg','out','on',0,'','',''),(617,'4c6ac6fec8817219a655badc713d4447',90,'Query Time Total 12','pr','out','on',0,'','',''),(618,'c8b8be84c06881a740252c1c7e6db761',90,'Query Time Total 09','po','out','on',0,'','',''),(619,'f6fad42d83701dd1ef0582724dbb3671',90,'Query Time Total 11','pq','out','on',0,'','',''),(620,'1a067b7495fdc7dcf7b74d467891adab',90,'Query Time Total 00','oz','out','on',0,'','',''),(621,'a67533f9bbc6b46b44c29083c148a190',90,'Query Time Total 13','ps','out','on',0,'','',''),(622,'3be2b2de292103692fa05cda9c666ff5',90,'Query Time Total 07','pm','out','on',0,'','',''),(623,'6758fa7987490b910aacbedceb9ffde8',90,'Query Time Total 05','pk','out','on',0,'','',''),(624,'aa38682f88a1111d5519f10c8d425c43',90,'Query Time Total 02','ph','out','on',0,'','',''),(625,'f08647bb3c147ad5310dda72f4044a98',90,'Query Time Total 10','pp','out','on',0,'','',''),(626,'3e502d00f18ff491439d8b97fa2016a8',91,'Hostname','hostname','in','',2,'hostname','',''),(627,'e0f0ceabc05d6fccdc5a6842a0629696',91,'Port','port','in','',5,'','','on'),(628,'188b3a0eb562f9a3433347406e9fd03c',91,'Username','username','in','',3,'','','on'),(629,'d8268b3bf78b904ea276b28812d73659',91,'Password','password','in','',4,'','','on'),(630,'8d1a3708e29c84ec6c21e373fabe8e19',91,'Serverid','serverid','in','',6,'','','on'),(631,'aeb404311664f9492ca9b171a6881573',91,'Pool Read Requests','qp','out','on',0,'','',''),(632,'a5806a736164cfd1600387f11481f3c4',91,'Pool Reads','qo','out','on',0,'','',''),(633,'479cc76f15f3ee64be9a50175ff5846a',92,'Hostname','hostname','in','',2,'hostname','',''),(634,'8b7a96b662462cb4431d3e993fe561ad',92,'Server','server','in','',3,'','','on'),(635,'32e68ce16cde63ec8e257c8d3b6948d9',92,'Url','url','in','',4,'','','on'),(636,'6a07e05e6cc2f733c8e9f23d73b87b40',92,'Http-user','http-user','in','',0,'','','on'),(637,'8b085439bea76b154c1b230a9d6fa562',92,'Http-password','http-password','in','',0,'','','on'),(638,'f0718ebbef8e06e8aeea73f9b1e2149e',92,'NGINX Server Requests','hz','out','on',0,'','',''),(639,'5f2032c20212ae11a4088cc5a7a20ea8',93,'Hostname','hostname','in','',2,'hostname','',''),(640,'6360eee5ec43342718fc775455c092fc',93,'Server','server','in','',3,'','','on'),(641,'77023824c67139ae978e913264501ce2',93,'Url','url','in','',4,'','','on'),(642,'e681dc4b8b4963fe0ce528fde840056b',93,'Http-user','http-user','in','',0,'','','on'),(643,'1a0dfe0026190328c93cd0fcc9f0ccc4',93,'Http-password','http-password','in','',0,'','','on'),(644,'5fe6f1c3bf461bb5ef82f5111db3e578',93,'NGINX Server Handled','hy','out','on',0,'','',''),(645,'8e605e362b759857bd4df12fe783267b',93,'NGINX Server Accepts','hx','out','on',0,'','',''),(646,'721b9c86c7e121f9a86dcc6aaf1c9b86',94,'Hostname','hostname','in','',2,'hostname','',''),(647,'2a2921d1c29053f3f4d9f001994d5412',94,'Server','server','in','',3,'','','on'),(648,'dc60e95eefe2a2f48a483e879b33972c',94,'Url','url','in','',4,'','','on'),(649,'fcdce19e892d4e6ab46b0ca1a686b7b3',94,'Http-user','http-user','in','',0,'','','on'),(650,'8ab36550cbf5357934132051e333f0ba',94,'Http-password','http-password','in','',0,'','','on'),(651,'9db90209ef504a4664e803f54cd4929a',94,'NGINX Waiting','ii','out','on',0,'','',''),(652,'023a95b14a03fa98e6c880010c138310',94,'NGINX Writing','ih','out','on',0,'','',''),(653,'35db5329924e5a5bcfc117b3cd04ca97',94,'NGINX Reading','ig','out','on',0,'','',''),(654,'53dbd3e75b8ae7c2c0d465dda7159eb7',94,'NGINX Active Connections','hw','out','on',0,'','','');
/*!40000 ALTER TABLE `data_input_fields` ENABLE KEYS */;
UNLOCK TABLES;

--
-- Table structure for table `data_local`
--

DROP TABLE IF EXISTS `data_local`;
/*!40101 SET @saved_cs_client     = @@character_set_client */;
/*!40101 SET character_set_client = utf8 */;
CREATE TABLE `data_local` (
  `id` mediumint(8) unsigned NOT NULL AUTO_INCREMENT,
  `data_template_id` mediumint(8) unsigned NOT NULL DEFAULT '0',
  `host_id` mediumint(8) unsigned NOT NULL DEFAULT '0',
  `snmp_query_id` mediumint(8) NOT NULL DEFAULT '0',
  `snmp_index` varchar(255) NOT NULL DEFAULT '',
  PRIMARY KEY (`id`)
) ENGINE=MyISAM AUTO_INCREMENT=9 DEFAULT CHARSET=latin1;
/*!40101 SET character_set_client = @saved_cs_client */;

--
-- Dumping data for table `data_local`
--

LOCK TABLES `data_local` WRITE;
/*!40000 ALTER TABLE `data_local` DISABLE KEYS */;
/*!40000 ALTER TABLE `data_local` ENABLE KEYS */;
UNLOCK TABLES;

--
-- Table structure for table `data_template`
--

DROP TABLE IF EXISTS `data_template`;
/*!40101 SET @saved_cs_client     = @@character_set_client */;
/*!40101 SET character_set_client = utf8 */;
CREATE TABLE `data_template` (
  `id` mediumint(8) unsigned NOT NULL AUTO_INCREMENT,
  `hash` varchar(32) NOT NULL DEFAULT '',
  `name` varchar(150) NOT NULL DEFAULT '',
  PRIMARY KEY (`id`)
) ENGINE=MyISAM AUTO_INCREMENT=131 DEFAULT CHARSET=latin1;
/*!40101 SET character_set_client = @saved_cs_client */;

--
-- Dumping data for table `data_template`
--

LOCK TABLES `data_template` WRITE;
/*!40000 ALTER TABLE `data_template` DISABLE KEYS */;
INSERT INTO `data_template` VALUES (64,'4452a87db2ca6547f581534cd84d2d5f','Percona Disk Read/Write Time per IO Request (ms) DT'),(63,'5317c316996a272c666b2323a68bb9fb','Percona Disk Read/Write Time (ms) DT'),(62,'9922e8abb619a36a12a0da350b33c783','Percona Disk Sectors Read/Written DT'),(61,'eefb9221756a10086844492dd213fb29','Percona Disk Operations DT'),(60,'23277f8a6163f89ef0e05597a8634032','Percona Memory DT'),(59,'8cf92104c9795f22e5a137bf9c5e191e','Percona Number of Users DT'),(58,'a49932fa006d8fd56e9bdedeb04376f8','Percona Load Average DT'),(11,'9e72511e127de200733eb502eb818e1d','Unix - Load Average'),(13,'dc33aa9a8e71fb7c61ec0e7a6da074aa','Linux - Memory - Free'),(15,'41f55087d067142d702dd3c73c98f020','Linux - Memory - Free Swap'),(16,'9b8c92d3c32703900ff7dd653bfc9cd8','Unix - Processes'),(17,'c221c2164c585b6da378013a7a6a2c13','Unix - Logged in Users'),(18,'a30a81cb1de65b52b7da542c8df3f188','Unix - Ping Host'),(57,'fe3ea40c9102668f3f30bb7e5ff72e8b','Percona CPU Usage DT'),(56,'ae5705deb36c0d7a1a0b52167aa164e1','Percona Forks DT'),(55,'5387dc46b59f974b930441c895bb94f4','Percona Context Switches DT'),(54,'8f7fc88fe4b5cece5fc6f939c9704b50','Percona Interrupts DT'),(53,'6e5719ef70d8a9a820103eb07f336756','Percona Apache Scoreboard DT'),(52,'f55da464cbc351f2b006438816194720','Percona Apache Workers DT'),(30,'9b82d44eb563027659683765f92c9757','ucd/net - Load Average - 1 Minute'),(31,'87847714d19f405ff3c74f3341b3f940','ucd/net - Load Average - 5 Minute'),(32,'308ac157f24e2763f8cd828a80b3e5ff','ucd/net - Load Average - 15 Minute'),(33,'797a3e92b0039841b52e441a2823a6fb','ucd/net - Memory - Buffers'),(34,'fa15932d3cab0da2ab94c69b1a9f5ca7','ucd/net - Memory - Free'),(51,'9cdf1586ca4c148131787a4431545684','Percona Apache CPU Load DT'),(50,'4aaee4ddc5048cf427e5a077783e0073','Percona Apache Bytes DT'),(37,'e4ac6919d4f6f21ec5b281a1d6ac4d4e','Unix - Hard Drive Space'),(38,'36335cd98633963a575b70639cd2fdad','Interface - Errors/Discards'),(39,'2f654f7d69ac71a5d56b1db8543ccad3','Interface - Unicast Packets'),(40,'c84e511401a747409053c90ba910d0fe','Interface - Non-Unicast Packets'),(41,'6632e1e0b58a565c135d7ff90440c335','Interface - Traffic'),(49,'f9c42195d10d5c43ae680625c29ecf5c','Percona Apache Requests DT'),(43,'d814fa3b79bd0f8933b6e0834d3f16d0','Host MIB - Hard Drive Space'),(44,'f6e7d21c19434666bbdac00ccef9932f','Host MIB - CPU Utilization'),(45,'f383db441d1c246cff8482f15e184e5f','Host MIB - Processes'),(46,'2ef027cc76d75720ee5f7a528f0f1fda','Host MIB - Logged in Users'),(47,'a274deec1f78654dca6c446ba75ebca4','ucd/net - Memory - Cache'),(48,'d429e4a6019c91e6e84562593c1968ca','SNMP - Generic OID Template'),(65,'6aa2bc69635c41f4c2fe291a9d58d3b8','Percona Disk Elapsed IO Time (ms) DT'),(66,'4a4782a93169cd9df1351b0018b78cfc','Percona Disk IOPS DT'),(67,'1703de46efd88138cdd1bfe61613706e','Percona Disk Space DT'),(68,'687964fc0a8b6fb23029c69b97653789','Percona Network Traffic DT'),(69,'facc72f0c33a2a47b5e15eb84519849a','Percona Network Errors DT'),(70,'95a8a67041e4c4b86c79af02f5adecc3','Percona Network Connection States DT'),(71,'f3bdaa6d7c29cb31b1c5e6a372efa5d4','Percona Swap Usage DT'),(72,'9a39fe10d0fa5399f7b0bc9a47f8417a','Percona Memcached Rusage DT'),(73,'2017f8dabb4bd21792e2fcd18ea77741','Percona Memcached Current Items DT'),(74,'bdf39ff8d914b87c5cadd4351c24ade1','Percona Memcached Additions and Evictions DT'),(75,'92c91d843d5726edd154cde90fb362dd','Percona Memcached Memory DT'),(76,'96d2a87a20e2c37e5f1368d397573c15','Percona Memcached Connections DT'),(77,'59fc7a38f87b02b5b29fba51ba85931d','Percona Memcached Requests DT'),(78,'785f3bd9422b4113500476aa96a049c6','Percona Memcached Traffic DT'),(79,'5c57fe3483653fb6959563fdabf9bc64','Percona MongoDB Connections DT'),(80,'6cdcaafe2437d45fcf298f78a7d6aa4f','Percona MongoDB Memory DT'),(81,'acd6ec325ca8ca4e425ba034ee790daf','Percona MongoDB Commands DT'),(82,'750885cf52501b81eebd67de196ed103','Percona MongoDB Index Ops DT'),(83,'4c0c36b111b23edc86803b0237c43358','Percona MongoDB Background Flushes DT'),(84,'9037877a6c79127f92129311c03a2abb','Percona MongoDB Slave Lag DT'),(85,'1bc64a50becd57f2ded2d3310ea2425b','Percona MyISAM Indexes DT'),(86,'3256f03758d0648ae9f065ab8b5d3237','Percona MyISAM Key Cache DT'),(87,'a95957302b6b4841563f4f8bff53c196','Percona InnoDB Buffer Pool DT'),(88,'2832d758707ee42c7e4dc56fd954ff49','Percona InnoDB I/O DT'),(89,'51f2ca909cb855b9ce55d2edc381fcdb','Percona InnoDB Insert Buffer DT'),(90,'daa7cfb939a07c834890b9c741113820','Percona InnoDB Insert Buffer Usage DT'),(91,'32efdb28122ad8fc13781a3516786284','Percona InnoDB Semaphores DT'),(92,'945efc3aef3131f5cd18c853a4ab69bc','Percona InnoDB Row Operations DT'),(93,'ff4afa012799ff00c6d3b4b952279364','Percona MySQL Table Locks DT'),(94,'ff1062a865af90010ebf9f2523faba30','Percona MySQL Connections DT'),(95,'eee3bf2d001ae6ce70674e8b6e4ea060','Percona MySQL Replication DT'),(96,'dcb49bb998333603cb3b5df43ea8c44e','Percona MySQL Query Cache DT'),(97,'ae8ab2b95959ea1416500257bb8f97a8','Percona MySQL Query Cache Memory DT'),(98,'4282b0c48e51295bd2db05791462624a','Percona MySQL Command Counters DT'),(99,'9e4c4dd2fc8107703fcde2a94e8af785','Percona MySQL Select Types DT'),(100,'bba70f9de6d0159616e947417459ea67','Percona MySQL Sorts DT'),(101,'d0d18f331e3a7eb32e43109ee0eb0bdc','Percona MySQL Temporary Objects DT'),(102,'a9306eb70bd17877efefbd3225a0f1bc','Percona MySQL Network Traffic DT'),(103,'ff6342ba145a883cacfa1bf5e8cb5114','Percona InnoDB Buffer Pool Activity DT'),(104,'8f5f47efb3af16a6f3b877ddb5deba6d','Percona InnoDB I/O Pending DT'),(105,'fba9a4ab432ec622fea54cb776a85e29','Percona InnoDB Log DT'),(106,'cd62ce5984a3e9deee558f734be52827','Percona MySQL Binary/Relay Logs DT'),(107,'f6a40e01342f29e217f54be82730974b','Percona InnoDB Transactions DT'),(108,'22ea7c024900ad5e99ff56574a21d7ca','Percona InnoDB Transactions Active/Locked DT'),(109,'2725cfdffa6cefd9469b4ca9b673d274','Percona MySQL Files and Tables DT'),(110,'7dd35ba30e2d400558fa57d4344d50ca','Percona MySQL Threads DT'),(111,'702f05110733511b7a25a3197dd840bf','Percona InnoDB Memory Allocation DT'),(112,'34c60491d2ae6360e5c5f68b9bc7e264','Percona InnoDB Adaptive Hash Index DT'),(113,'0e1e424aab246d390ac689c2c0f5524a','Percona InnoDB Internal Hash Memory Usage DT'),(114,'1f5baad834742b7e35ccde8bf94a017d','Percona InnoDB Tables In Use DT'),(115,'426e9d4cd77440b7a1a981ba98abea4e','Percona InnoDB Current Lock Waits DT'),(116,'79df6175ecab8b8b34c6eeb2885b5a38','Percona InnoDB Lock Structures DT'),(117,'287b4780090438797b4a78a38d044875','Percona InnoDB Checkpoint Age DT'),(118,'e9e1ed39d2e0a821682503c6871c2955','Percona InnoDB Row Lock Time DT'),(119,'b1021a92a3451fd282ecc6e869d4ab3c','Percona InnoDB Row Lock Waits DT'),(120,'ff1beae64d8885b71893d3e79de8ac91','Percona InnoDB Semaphore Waits DT'),(121,'061e2e08fd372c668999e43eb68d8bbc','Percona InnoDB Semaphore Wait Time DT'),(122,'4b5c83ab7f24f8c327c88a6e4ac1ce60','Percona MySQL Processlist DT'),(123,'a497f9944bde3dd8decfc64061b8ddcb','Percona MySQL Transaction Handler DT'),(124,'1744198aeba5c6af715886d6062110f4','Percona MySQL Handlers DT'),(125,'6d146f32149bf7c394da56d798c81df9','Percona MySQL Query Time Histogram (Count) DT'),(126,'eef7730aa743c8f0f65c2412ed502b8d','Percona MySQL Query Response Time (Microseconds) DT'),(127,'95b5e55a88a5d21f941f70b930d1251f','Percona InnoDB Buffer Pool Efficiency DT'),(128,'654cf221afc19da2790c32c2115eb8d6','Percona Nginx Requests DT'),(129,'d89942d0a0f04061b7f98a7d8ce3c358','Percona Nginx Accepts/Handled DT'),(130,'735142d4ebc05aa2db9e98e823830bf4','Percona Nginx Scoreboard DT');
/*!40000 ALTER TABLE `data_template` ENABLE KEYS */;
UNLOCK TABLES;

--
-- Table structure for table `data_template_data`
--

DROP TABLE IF EXISTS `data_template_data`;
/*!40101 SET @saved_cs_client     = @@character_set_client */;
/*!40101 SET character_set_client = utf8 */;
CREATE TABLE `data_template_data` (
  `id` mediumint(8) unsigned NOT NULL AUTO_INCREMENT,
  `local_data_template_data_id` mediumint(8) unsigned NOT NULL DEFAULT '0',
  `local_data_id` mediumint(8) unsigned NOT NULL DEFAULT '0',
  `data_template_id` mediumint(8) unsigned NOT NULL DEFAULT '0',
  `data_input_id` mediumint(8) unsigned NOT NULL DEFAULT '0',
  `t_name` char(2) DEFAULT NULL,
  `name` varchar(250) NOT NULL DEFAULT '',
  `name_cache` varchar(255) NOT NULL DEFAULT '',
  `data_source_path` varchar(255) DEFAULT NULL,
  `t_active` char(2) DEFAULT NULL,
  `active` char(2) DEFAULT NULL,
  `t_rrd_step` char(2) DEFAULT NULL,
  `rrd_step` mediumint(8) unsigned NOT NULL DEFAULT '0',
  `t_rra_id` char(2) DEFAULT NULL,
  PRIMARY KEY (`id`),
  KEY `local_data_id` (`local_data_id`),
  KEY `data_template_id` (`data_template_id`),
  KEY `data_input_id` (`data_input_id`)
) ENGINE=MyISAM AUTO_INCREMENT=153 DEFAULT CHARSET=latin1;
/*!40101 SET character_set_client = @saved_cs_client */;

--
-- Dumping data for table `data_template_data`
--

LOCK TABLES `data_template_data` WRITE;
/*!40000 ALTER TABLE `data_template_data` DISABLE KEYS */;
INSERT INTO `data_template_data` VALUES (85,0,0,64,28,'on','|host_description| - Disk Read/Write Time per IO Request (ms)','',NULL,'','on','',60,''),(84,0,0,63,27,'on','|host_description| - Disk Read/Write Time (ms)','',NULL,'','on','',60,''),(83,0,0,62,26,'on','|host_description| - Disk Sectors Read/Written','',NULL,'','on','',60,''),(82,0,0,61,25,'on','|host_description| - Disk Operations','',NULL,'','on','',60,''),(81,0,0,60,24,'','|host_description| - Memory','',NULL,'','on','',60,''),(80,0,0,59,23,'','|host_description| - Number of Users','',NULL,'','on','',60,''),(79,0,0,58,22,'','|host_description| - Load Average','',NULL,'','on','',60,''),(11,0,0,11,4,'','|host_description| - Load Average','',NULL,'','on','',60,''),(13,0,0,13,6,'','|host_description| - Memory - Free','',NULL,'','on','',60,''),(15,0,0,15,6,'','|host_description| - Memory - Free Swap','',NULL,'','on','',60,''),(16,0,0,16,7,'','|host_description| - Processes','',NULL,'','on','',60,''),(17,0,0,17,5,'','|host_description| - Logged in Users','',NULL,'','on','',60,''),(18,0,0,18,10,'','|host_description| - Ping Host','',NULL,'','on','',60,''),(78,0,0,57,21,'','|host_description| - CPU Usage','',NULL,'','on','',60,''),(77,0,0,56,20,'','|host_description| - Forks','',NULL,'','on','',60,''),(76,0,0,55,19,'','|host_description| - Context Switches','',NULL,'','on','',60,''),(75,0,0,54,18,'','|host_description| - Interrupts','',NULL,'','on','',60,''),(74,0,0,53,17,'','|host_description| - Apache Scoreboard','',NULL,'','on','',60,''),(73,0,0,52,16,'','|host_description| - Apache Workers','',NULL,'','on','',60,''),(30,0,0,30,1,'','|host_description| - Load Average - 1 Minute','',NULL,'','on','',60,''),(31,0,0,31,1,'','|host_description| - Load Average - 5 Minute','',NULL,'','on','',60,''),(32,0,0,32,1,'','|host_description| - Load Average - 15 Minute','',NULL,'','on','',60,''),(33,0,0,33,1,'','|host_description| - Memory - Buffers','',NULL,'','on','',60,''),(34,0,0,34,1,'','|host_description| - Memory - Free','',NULL,'','on','',60,''),(72,0,0,51,15,'','|host_description| - Apache CPU Load','',NULL,'','on','',60,''),(71,0,0,50,14,'','|host_description| - Apache Bytes','',NULL,'','on','',60,''),(37,0,0,37,11,'on','|host_description| - Hard Drive Space','',NULL,'','on','',60,''),(38,0,0,38,2,'on','|host_description| - Errors/Discards','',NULL,'','on','',60,''),(39,0,0,39,2,'on','|host_description| - Unicast Packets','',NULL,'','on','',60,''),(40,0,0,40,2,'on','|host_description| - Non-Unicast Packets','',NULL,'','on','',60,''),(41,0,0,41,2,'on','|host_description| - Traffic','',NULL,'','on','',60,''),(70,0,0,49,13,'','|host_description| - Apache Requests','',NULL,'','on','',60,''),(56,0,0,43,12,'','|host_description| - Hard Drive Space','',NULL,'','on','',60,''),(57,0,0,44,12,'','|host_description| - CPU Utilization','',NULL,'','on','',60,''),(58,0,0,45,1,'','|host_description| - Processes','',NULL,'','on','',60,''),(59,0,0,46,1,'','|host_description| - Logged in Users','',NULL,'','on','',60,''),(68,0,0,47,1,'','|host_description| - Memory - Cache','',NULL,'','on','',60,''),(69,0,0,48,1,'on','|host_description| -','',NULL,'','on','',60,''),(86,0,0,65,29,'on','|host_description| - Disk Elapsed IO Time (ms)','',NULL,'','on','',60,''),(87,0,0,66,30,'on','|host_description| - Disk IOPS','',NULL,'','on','',60,''),(88,0,0,67,31,'on','|host_description| - Disk Space','',NULL,'','on','',60,''),(89,0,0,68,32,'on','|host_description| - Network Traffic','',NULL,'','on','',60,''),(90,0,0,69,33,'on','|host_description| - Network Errors','',NULL,'','on','',60,''),(91,0,0,70,34,'on','|host_description| - Network Connection States','',NULL,'','on','',60,''),(92,0,0,71,35,'on','|host_description| - Swap Usage','',NULL,'','on','',60,''),(93,0,0,72,36,'','|host_description| - Memcached Rusage','',NULL,'','on','',60,''),(94,0,0,73,37,'','|host_description| - Memcached Current Items','',NULL,'','on','',60,''),(95,0,0,74,38,'','|host_description| - Memcached Additions and Evictions','',NULL,'','on','',60,''),(96,0,0,75,39,'','|host_description| - Memcached Memory','',NULL,'','on','',60,''),(97,0,0,76,40,'','|host_description| - Memcached Connections','',NULL,'','on','',60,''),(98,0,0,77,41,'','|host_description| - Memcached Requests','',NULL,'','on','',60,''),(99,0,0,78,42,'','|host_description| - Memcached Traffic','',NULL,'','on','',60,''),(100,0,0,79,43,'','|host_description| - MongoDB Connections','',NULL,'','on','',60,''),(101,0,0,80,44,'','|host_description| - MongoDB Memory','',NULL,'','on','',60,''),(102,0,0,81,45,'','|host_description| - MongoDB Commands','',NULL,'','on','',60,''),(103,0,0,82,46,'','|host_description| - MongoDB Index Ops','',NULL,'','on','',60,''),(104,0,0,83,47,'','|host_description| - MongoDB Background Flushes','',NULL,'','on','',60,''),(105,0,0,84,48,'','|host_description| - MongoDB Slave Lag','',NULL,'','on','',60,''),(106,0,0,85,49,'','|host_description| - MyISAM Indexes','',NULL,'','on','',60,''),(107,0,0,86,50,'','|host_description| - MyISAM Key Cache','',NULL,'','on','',60,''),(108,0,0,87,51,'','|host_description| - InnoDB Buffer Pool','',NULL,'','on','',60,''),(109,0,0,88,52,'','|host_description| - InnoDB I/O','',NULL,'','on','',60,''),(110,0,0,89,53,'','|host_description| - InnoDB Insert Buffer','',NULL,'','on','',60,''),(111,0,0,90,54,'','|host_description| - InnoDB Insert Buffer Usage','',NULL,'','on','',60,''),(112,0,0,91,55,'','|host_description| - InnoDB Semaphores','',NULL,'','on','',60,''),(113,0,0,92,56,'','|host_description| - InnoDB Row Operations','',NULL,'','on','',60,''),(114,0,0,93,57,'','|host_description| - MySQL Table Locks','',NULL,'','on','',60,''),(115,0,0,94,58,'','|host_description| - MySQL Connections','',NULL,'','on','',60,''),(116,0,0,95,59,'','|host_description| - MySQL Replication','',NULL,'','on','',60,''),(117,0,0,96,60,'','|host_description| - MySQL Query Cache','',NULL,'','on','',60,''),(118,0,0,97,61,'','|host_description| - MySQL Query Cache Memory','',NULL,'','on','',60,''),(119,0,0,98,62,'','|host_description| - MySQL Command Counters','',NULL,'','on','',60,''),(120,0,0,99,63,'','|host_description| - MySQL Select Types','',NULL,'','on','',60,''),(121,0,0,100,64,'','|host_description| - MySQL Sorts','',NULL,'','on','',60,''),(122,0,0,101,65,'','|host_description| - MySQL Temporary Objects','',NULL,'','on','',60,''),(123,0,0,102,66,'','|host_description| - MySQL Network Traffic','',NULL,'','on','',60,''),(124,0,0,103,67,'','|host_description| - InnoDB Buffer Pool Activity','',NULL,'','on','',60,''),(125,0,0,104,68,'','|host_description| - InnoDB I/O Pending','',NULL,'','on','',60,''),(126,0,0,105,69,'','|host_description| - InnoDB Log','',NULL,'','on','',60,''),(127,0,0,106,70,'','|host_description| - MySQL Binary/Relay Logs','',NULL,'','on','',60,''),(128,0,0,107,71,'','|host_description| - InnoDB Transactions','',NULL,'','on','',60,''),(129,0,0,108,72,'','|host_description| - InnoDB Transactions Active/Locked','',NULL,'','on','',60,''),(130,0,0,109,73,'','|host_description| - MySQL Files and Tables','',NULL,'','on','',60,''),(131,0,0,110,74,'','|host_description| - MySQL Threads','',NULL,'','on','',60,''),(132,0,0,111,75,'','|host_description| - InnoDB Memory Allocation','',NULL,'','on','',60,''),(133,0,0,112,76,'','|host_description| - InnoDB Adaptive Hash Index','',NULL,'','on','',60,''),(134,0,0,113,77,'','|host_description| - InnoDB Internal Hash Memory Usage','',NULL,'','on','',60,''),(135,0,0,114,78,'','|host_description| - InnoDB Tables In Use','',NULL,'','on','',60,''),(136,0,0,115,79,'','|host_description| - InnoDB Current Lock Waits','',NULL,'','on','',60,''),(137,0,0,116,80,'','|host_description| - InnoDB Lock Structures','',NULL,'','on','',60,''),(138,0,0,117,81,'','|host_description| - InnoDB Checkpoint Age','',NULL,'','on','',60,''),(139,0,0,118,82,'','|host_description| - InnoDB Row Lock Time','',NULL,'','on','',60,''),(140,0,0,119,83,'','|host_description| - InnoDB Row Lock Waits','',NULL,'','on','',60,''),(141,0,0,120,84,'','|host_description| - InnoDB Semaphore Waits','',NULL,'','on','',60,''),(142,0,0,121,85,'','|host_description| - InnoDB Semaphore Wait Time','',NULL,'','on','',60,''),(143,0,0,122,86,'','|host_description| - MySQL Processlist','',NULL,'','on','',60,''),(144,0,0,123,87,'','|host_description| - MySQL Transaction Handler','',NULL,'','on','',60,''),(145,0,0,124,88,'','|host_description| - MySQL Handlers','',NULL,'','on','',60,''),(146,0,0,125,89,'','|host_description| - MySQL Query Time Histogram (Count)','',NULL,'','on','',60,''),(147,0,0,126,90,'','|host_description| - MySQL Query Response Time (Microseconds)','',NULL,'','on','',60,''),(148,0,0,127,91,'','|host_description| - InnoDB Buffer Pool Efficiency','',NULL,'','on','',60,''),(149,0,0,128,92,'','|host_description| - Nginx Requests','',NULL,'','on','',60,''),(150,0,0,129,93,'','|host_description| - Nginx Accepts/Handled','',NULL,'','on','',60,''),(151,0,0,130,94,'','|host_description| - Nginx Scoreboard','',NULL,'','on','',60,'');
/*!40000 ALTER TABLE `data_template_data` ENABLE KEYS */;
UNLOCK TABLES;

--
-- Table structure for table `data_template_data_rra`
--

DROP TABLE IF EXISTS `data_template_data_rra`;
/*!40101 SET @saved_cs_client     = @@character_set_client */;
/*!40101 SET character_set_client = utf8 */;
CREATE TABLE `data_template_data_rra` (
  `data_template_data_id` mediumint(8) unsigned NOT NULL DEFAULT '0',
  `rra_id` mediumint(8) unsigned NOT NULL DEFAULT '0',
  PRIMARY KEY (`data_template_data_id`,`rra_id`),
  KEY `data_template_data_id` (`data_template_data_id`)
) ENGINE=MyISAM DEFAULT CHARSET=latin1;
/*!40101 SET character_set_client = @saved_cs_client */;

--
-- Dumping data for table `data_template_data_rra`
--

LOCK TABLES `data_template_data_rra` WRITE;
/*!40000 ALTER TABLE `data_template_data_rra` DISABLE KEYS */;
INSERT INTO `data_template_data_rra` VALUES (11,1),(11,2),(11,3),(11,4),(13,1),(13,2),(13,3),(13,4),(13,5),(15,1),(15,2),(15,3),(15,4),(15,5),(16,1),(16,2),(16,3),(16,4),(17,1),(17,2),(17,3),(17,4),(18,1),(18,2),(18,3),(18,4),(30,1),(30,2),(30,3),(30,4),(31,1),(31,2),(31,3),(31,4),(32,1),(32,2),(32,3),(32,4),(33,1),(33,2),(33,3),(33,4),(34,1),(34,2),(34,3),(34,4),(37,1),(37,2),(37,3),(37,4),(38,1),(38,2),(38,3),(38,4),(38,5),(39,1),(39,2),(39,3),(39,4),(39,5),(40,1),(40,2),(40,3),(40,4),(40,5),(41,1),(41,2),(41,3),(41,4),(41,5),(56,1),(56,2),(56,3),(56,4),(56,5),(57,1),(57,2),(57,3),(57,4),(57,5),(58,1),(58,2),(58,3),(58,4),(58,5),(59,1),(59,2),(59,3),(59,4),(59,5),(62,1),(62,2),(62,3),(62,4),(63,1),(63,2),(63,3),(63,4),(64,1),(64,2),(64,3),(64,4),(65,1),(65,2),(65,3),(65,4),(66,1),(66,2),(66,3),(66,4),(68,1),(68,2),(68,3),(68,4),(69,1),(69,2),(69,3),(69,4),(70,1),(70,2),(70,3),(70,4),(70,5),(71,1),(71,2),(71,3),(71,4),(71,5),(72,1),(72,2),(72,3),(72,4),(72,5),(73,1),(73,2),(73,3),(73,4),(73,5),(74,1),(74,2),(74,3),(74,4),(74,5),(75,1),(75,2),(75,3),(75,4),(75,5),(76,1),(76,2),(76,3),(76,4),(76,5),(77,1),(77,2),(77,3),(77,4),(77,5),(78,1),(78,2),(78,3),(78,4),(78,5),(79,1),(79,2),(79,3),(79,4),(79,5),(80,1),(80,2),(80,3),(80,4),(80,5),(81,1),(81,2),(81,3),(81,4),(81,5),(82,1),(82,2),(82,3),(82,4),(82,5),(83,1),(83,2),(83,3),(83,4),(83,5),(84,1),(84,2),(84,3),(84,4),(84,5),(85,1),(85,2),(85,3),(85,4),(85,5),(86,1),(86,2),(86,3),(86,4),(86,5),(87,1),(87,2),(87,3),(87,4),(87,5),(88,1),(88,2),(88,3),(88,4),(88,5),(89,1),(89,2),(89,3),(89,4),(89,5),(90,1),(90,2),(90,3),(90,4),(90,5),(91,1),(91,2),(91,3),(91,4),(91,5),(92,1),(92,2),(92,3),(92,4),(92,5),(93,1),(93,2),(93,3),(93,4),(93,5),(94,1),(94,2),(94,3),(94,4),(94,5),(95,1),(95,2),(95,3),(95,4),(95,5),(96,1),(96,2),(96,3),(96,4),(96,5),(97,1),(97,2),(97,3),(97,4),(97,5),(98,1),(98,2),(98,3),(98,4),(98,5),(99,1),(99,2),(99,3),(99,4),(99,5),(100,1),(100,2),(100,3),(100,4),(100,5),(101,1),(101,2),(101,3),(101,4),(101,5),(102,1),(102,2),(102,3),(102,4),(102,5),(103,1),(103,2),(103,3),(103,4),(103,5),(104,1),(104,2),(104,3),(104,4),(104,5),(105,1),(105,2),(105,3),(105,4),(105,5),(106,1),(106,2),(106,3),(106,4),(106,5),(107,1),(107,2),(107,3),(107,4),(107,5),(108,1),(108,2),(108,3),(108,4),(108,5),(109,1),(109,2),(109,3),(109,4),(109,5),(110,1),(110,2),(110,3),(110,4),(110,5),(111,1),(111,2),(111,3),(111,4),(111,5),(112,1),(112,2),(112,3),(112,4),(112,5),(113,1),(113,2),(113,3),(113,4),(113,5),(114,1),(114,2),(114,3),(114,4),(114,5),(115,1),(115,2),(115,3),(115,4),(115,5),(116,1),(116,2),(116,3),(116,4),(116,5),(117,1),(117,2),(117,3),(117,4),(117,5),(118,1),(118,2),(118,3),(118,4),(118,5),(119,1),(119,2),(119,3),(119,4),(119,5),(120,1),(120,2),(120,3),(120,4),(120,5),(121,1),(121,2),(121,3),(121,4),(121,5),(122,1),(122,2),(122,3),(122,4),(122,5),(123,1),(123,2),(123,3),(123,4),(123,5),(124,1),(124,2),(124,3),(124,4),(124,5),(125,1),(125,2),(125,3),(125,4),(125,5),(126,1),(126,2),(126,3),(126,4),(126,5),(127,1),(127,2),(127,3),(127,4),(127,5),(128,1),(128,2),(128,3),(128,4),(128,5),(129,1),(129,2),(129,3),(129,4),(129,5),(130,1),(130,2),(130,3),(130,4),(130,5),(131,1),(131,2),(131,3),(131,4),(131,5),(132,1),(132,2),(132,3),(132,4),(132,5),(133,1),(133,2),(133,3),(133,4),(133,5),(134,1),(134,2),(134,3),(134,4),(134,5),(135,1),(135,2),(135,3),(135,4),(135,5),(136,1),(136,2),(136,3),(136,4),(136,5),(137,1),(137,2),(137,3),(137,4),(137,5),(138,1),(138,2),(138,3),(138,4),(138,5),(139,1),(139,2),(139,3),(139,4),(139,5),(140,1),(140,2),(140,3),(140,4),(140,5),(141,1),(141,2),(141,3),(141,4),(141,5),(142,1),(142,2),(142,3),(142,4),(142,5),(143,1),(143,2),(143,3),(143,4),(143,5),(144,1),(144,2),(144,3),(144,4),(144,5),(145,1),(145,2),(145,3),(145,4),(145,5),(146,1),(146,2),(146,3),(146,4),(146,5),(147,1),(147,2),(147,3),(147,4),(147,5),(148,1),(148,2),(148,3),(148,4),(148,5),(149,1),(149,2),(149,3),(149,4),(149,5),(150,1),(150,2),(150,3),(150,4),(150,5),(151,1),(151,2),(151,3),(151,4),(151,5),(152,1),(152,2),(152,3),(152,4),(152,5);
/*!40000 ALTER TABLE `data_template_data_rra` ENABLE KEYS */;
UNLOCK TABLES;

--
-- Table structure for table `data_template_rrd`
--

DROP TABLE IF EXISTS `data_template_rrd`;
/*!40101 SET @saved_cs_client     = @@character_set_client */;
/*!40101 SET character_set_client = utf8 */;
CREATE TABLE `data_template_rrd` (
  `id` mediumint(8) unsigned NOT NULL AUTO_INCREMENT,
  `hash` varchar(32) NOT NULL DEFAULT '',
  `local_data_template_rrd_id` mediumint(8) unsigned NOT NULL DEFAULT '0',
  `local_data_id` mediumint(8) unsigned NOT NULL DEFAULT '0',
  `data_template_id` mediumint(8) unsigned NOT NULL DEFAULT '0',
  `t_rrd_maximum` char(2) DEFAULT NULL,
  `rrd_maximum` varchar(20) NOT NULL DEFAULT '0',
  `t_rrd_minimum` char(2) DEFAULT NULL,
  `rrd_minimum` varchar(20) NOT NULL DEFAULT '0',
  `t_rrd_heartbeat` char(2) DEFAULT NULL,
  `rrd_heartbeat` mediumint(6) NOT NULL DEFAULT '0',
  `t_data_source_type_id` char(2) DEFAULT NULL,
  `data_source_type_id` smallint(5) NOT NULL DEFAULT '0',
  `t_data_source_name` char(2) DEFAULT NULL,
  `data_source_name` varchar(19) NOT NULL DEFAULT '',
  `t_data_input_field_id` char(2) DEFAULT NULL,
  `data_input_field_id` mediumint(8) unsigned NOT NULL DEFAULT '0',
  PRIMARY KEY (`id`),
  UNIQUE KEY `duplicate_dsname_contraint` (`local_data_id`,`data_source_name`,`data_template_id`),
  KEY `local_data_id` (`local_data_id`),
  KEY `data_template_id` (`data_template_id`),
  KEY `local_data_template_rrd_id` (`local_data_template_rrd_id`)
) ENGINE=MyISAM AUTO_INCREMENT=405 DEFAULT CHARSET=latin1;
/*!40101 SET character_set_client = @saved_cs_client */;

--
-- Dumping data for table `data_template_rrd`
--

LOCK TABLES `data_template_rrd` WRITE;
/*!40000 ALTER TABLE `data_template_rrd` DISABLE KEYS */;
INSERT INTO `data_template_rrd` VALUES (110,'30766a565dca68e7780f77bbac07d0a9',0,0,53,'','18446744073709551615','','0','',120,'',1,'','APACHE_Sending_rply','',65),(109,'15361d610403f0e73f24b7e9e7766a10',0,0,53,'','18446744073709551615','','0','',120,'',1,'','APACHE_Logging','',64),(108,'93e6fb4c447d6615e3cfcbf860540357',0,0,53,'','18446744073709551615','','0','',120,'',1,'','APACHE_Idle_cleanup','',63),(107,'6b9a1ed422e5df89522039cf05bdd0b1',0,0,53,'','18446744073709551615','','0','',120,'',1,'','APACHE_Keepalive','',62),(106,'8b856a8766315516ea187ecb2fbaa2ee',0,0,53,'','18446744073709551615','','0','',120,'',1,'','APACHE_Clsng_cnnctn','',61),(12,'8175ca431c8fe50efff5a1d3ae51b55d',0,0,11,'','500','','0','',120,'',1,'','load_1min','',17),(13,'a2eeb8acd6ea01cd0e3ac852965c0eb6',0,0,11,'','500','','0','',120,'',1,'','load_5min','',18),(14,'9f951b7fb3b19285a411aebb5254a831',0,0,11,'','500','','0','',120,'',1,'','load_15min','',19),(16,'a4df3de5238d3beabee1a2fe140d3d80',0,0,13,'','0','','0','',120,'',1,'','mem_buffers','',23),(18,'7fea6acc9b1a19484b4cb4cef2b6c5da',0,0,15,'','0','','0','',120,'',1,'','mem_swap','',23),(19,'f1ba3a5b17b95825021241398bb0f277',0,0,16,'','1000','','0','',120,'',1,'','proc','',24),(20,'46a5afe8e6c0419172c76421dc9e304a',0,0,17,'','500','','0','',120,'',1,'','users','',21),(21,'962fd1994fe9cae87fb36436bdb8a742',0,0,18,'','5000','','0','',120,'',1,'','ping','',30),(105,'e180ea674149dfb1434afa01e50613c2',0,0,53,'','18446744073709551615','','0','',120,'',1,'','APACHE_Reading_rqst','',60),(104,'b704aa7f1ef090776d65ea7938af4a85',0,0,53,'','18446744073709551615','','0','',120,'',1,'','APACHE_Grcflyfnshng','',59),(103,'e35d473f2419852bdce7576648c9821a',0,0,53,'','18446744073709551615','','0','',120,'',1,'','APACHE_Open_slot','',58),(102,'45018a757444027d11c0ce0b641dc07c',0,0,53,'','18446744073709551615','','0','',120,'',1,'','APACHE_Starting_up','',57),(101,'0e2969a383c373218823cc6434cdfda4',0,0,52,'','18446744073709551615','','0','',120,'',1,'','APACHE_Busy_workers','',55),(33,'ed44c2438ef7e46e2aeed2b6c580815c',0,0,30,'','500','','0','',120,'',1,'','load_1min','',0),(34,'9b3a00c9e3530d9e58895ac38271361e',0,0,31,'','500','','0','',120,'',1,'','load_5min','',0),(35,'6746c2ed836ecc68a71bbddf06b0e5d9',0,0,32,'','500','','0','',120,'',1,'','load_15min','',0),(36,'9835d9e1a8c78aa2475d752e8fa74812',0,0,33,'','10000000','','0','',120,'',1,'','mem_buffers','',0),(37,'9c78dc1981bcea841b8c827c6dc0d26c',0,0,34,'','10000000','','0','',120,'',1,'','mem_free','',0),(100,'fc7d9f93b5d5a7f892e05e7a77d3287f',0,0,52,'','18446744073709551615','','0','',120,'',1,'','APACHE_Idle_workers','',54),(99,'2c0b5d3f5cd53363b94554b9e885e634',0,0,51,'','18446744073709551615','','0','',120,'',1,'','APACHE_CPU_Load','',52),(98,'32435aaf4845cd6c251cbbc91f133851',0,0,50,'','18446744073709551615','','0','',120,'',3,'','APACHE_Bytes_sent','',50),(44,'4c82df790325d789d304e6ee5cd4ab7d',0,0,37,'','0','','0','',120,'',1,'','hdd_free','',0),(46,'c802e2fd77f5b0a4c4298951bf65957c',0,0,38,'','10000000','','0','',120,'',2,'','errors_in','',0),(47,'4e2a72240955380dc8ffacfcc8c09874',0,0,38,'','10000000','','0','',120,'',2,'','discards_in','',0),(48,'636672962b5bb2f31d86985e2ab4bdfe',0,0,39,'','1000000000','','0','',120,'',2,'','unicast_in','',0),(49,'18ce92c125a236a190ee9dd948f56268',0,0,39,'','1000000000','','0','',120,'',2,'','unicast_out','',0),(50,'13ebb33f9cbccfcba828db1075a8167c',0,0,38,'','10000000','','0','',120,'',2,'','discards_out','',0),(51,'31399c3725bee7e09ec04049e3d5cd17',0,0,38,'','10000000','','0','',120,'',2,'','errors_out','',0),(52,'7be68cbc4ee0b2973eb9785f8c7a35c7',0,0,40,'','1000000000','','0','',120,'',2,'','nonunicast_out','',0),(53,'93e2b6f59b10b13f2ddf2da3ae98b89a',0,0,40,'','1000000000','','0','',120,'',2,'','nonunicast_in','',0),(54,'2df25c57022b0c7e7d0be4c035ada1a0',0,0,41,'on','100000000','','0','',120,'',2,'','traffic_in','',0),(55,'721c0794526d1ac1c359f27dc56faa49',0,0,41,'on','100000000','','0','',120,'',2,'','traffic_out','',0),(56,'07175541991def89bd02d28a215f6fcc',0,0,37,'','0','','0','',120,'',1,'','hdd_used','',0),(97,'4a03ef2973154a0e52ee0fc3f532983e',0,0,49,'','18446744073709551615','','0','',120,'',3,'','APACHE_Requests','',48),(78,'0ee6bb54957f6795a5369a29f818d860',0,0,43,'','0','','0','',120,'',1,'','hdd_used','',0),(79,'9825aaf7c0bdf1554c5b4b86680ac2c0',0,0,44,'','100','','0','',120,'',1,'','cpu','',0),(80,'50ccbe193c6c7fc29fb9f726cd6c48ee',0,0,45,'','1000','','0','',120,'',1,'','proc','',0),(81,'9464c91bcff47f23085ae5adae6ab987',0,0,46,'','5000','','0','',120,'',1,'','users','',0),(92,'165a0da5f461561c85d092dfe96b9551',0,0,43,'','0','','0','',120,'',1,'','hdd_total','',0),(95,'7a6ca455bbeff99ca891371bc77d5cf9',0,0,47,'','10000000','','0','',120,'',1,'','mem_cache','',0),(96,'224b83ea73f55f8a861bcf4c9bea0472',0,0,48,'on','100','','0','',120,'on',1,'','snmp_oid','',0),(111,'6b97bacebd3e8d530c397cd5bfa98aea',0,0,53,'','18446744073709551615','','0','',120,'',1,'','APACHE_Wtng_frcnctn','',66),(112,'bfeb1f5646138f8ea8b941ed79fdc003',0,0,53,'','18446744073709551615','','0','',120,'',1,'','APACHE_DNS_lookup','',67),(113,'2dd29c4913bc2960bf8f84b98bf10003',0,0,54,'','18446744073709551615','','0','',120,'',3,'','STAT_interrupts','',69),(114,'6df1cefce1530b5028434da187e79430',0,0,55,'','18446744073709551615','','0','',120,'',3,'','STAT_context_swtchs','',71),(115,'028ab1196db87e410040973386524762',0,0,56,'','18446744073709551615','','0','',120,'',3,'','STAT_forks','',73),(116,'8bd75442cd53ad4285cb365dac9078b4',0,0,57,'','18446744073709551615','','0','',120,'',3,'','STAT_CPU_nice','',75),(117,'e1b5f3a1d9f04a5402ece043b51ffba4',0,0,57,'','18446744073709551615','','0','',120,'',3,'','STAT_CPU_steal','',76),(118,'cf3b29ef2e026cf42e9fbe233995893b',0,0,57,'','18446744073709551615','','0','',120,'',3,'','STAT_CPU_idle','',77),(119,'a6515bdbae6ad1e720af0ab22e9fa575',0,0,57,'','18446744073709551615','','0','',120,'',3,'','STAT_CPU_irq','',78),(120,'e006b98c89dfd3fd4e3b860f070bdb3e',0,0,57,'','18446744073709551615','','0','',120,'',3,'','STAT_CPU_iowait','',79),(121,'494e621abd63fc3c6feea63f06a486b3',0,0,57,'','18446744073709551615','','0','',120,'',3,'','STAT_CPU_system','',80),(122,'a61f5b115c3313d8cfc99b653e561f6f',0,0,57,'','18446744073709551615','','0','',120,'',3,'','STAT_CPU_guest','',81),(123,'0b70540ace0a67c63fcab5b318dd5009',0,0,57,'','18446744073709551615','','0','',120,'',3,'','STAT_CPU_softirq','',82),(124,'f438d805c2afdd8e39218352fcc10af0',0,0,57,'','18446744073709551615','','0','',120,'',3,'','STAT_CPU_user','',83),(125,'b7000c48bee814620459f2bd4c018089',0,0,58,'','18446744073709551615','','0','',120,'',1,'','STAT_loadavg','',85),(126,'2b6e99f8e73175f0a47154b1e955fbb4',0,0,59,'','18446744073709551615','','0','',120,'',1,'','STAT_numusers','',87),(127,'90a390dbfb1cc0a93cf3eb849bc932dd',0,0,60,'','18446744073709551615','','0','',120,'',1,'','STAT_memused','',89),(128,'35b4c0758a12236f01628518c99679e5',0,0,60,'','18446744073709551615','','0','',120,'',1,'','STAT_membuffer','',90),(129,'b084d68bf791d2fb0d17701e99db172a',0,0,60,'','18446744073709551615','','0','',120,'',1,'','STAT_memcached','',91),(130,'2a9059ba836ede57d59bfcc72b26ebec',0,0,60,'','18446744073709551615','','0','',120,'',1,'','STAT_memfree','',92),(131,'b32081675b876fd1c9bb853f9e0ce8df',0,0,60,'','18446744073709551615','','0','',120,'',1,'','STAT_memshared','',93),(132,'37d0e538d67314de445cdcca724013ac',0,0,60,'','18446744073709551615','','0','',120,'',1,'','STAT_memtotal','',94),(133,'c0ec84a97f6da3adbb2b1e416670e422',0,0,61,'','18446744073709551615','','0','',120,'',3,'','DISK_writes_merged','',97),(134,'e1f460e983d32de15ddf3813523c14f6',0,0,61,'','18446744073709551615','','0','',120,'',3,'','DISK_reads','',111),(135,'1bb77d99c1f5d409e374cd650c503f30',0,0,61,'','18446744073709551615','','0','',120,'',3,'','DISK_writes','',114),(136,'8cc047e662a15804ca81a1391328ef17',0,0,61,'','18446744073709551615','','0','',120,'',3,'','DISK_reads_merged','',100),(137,'6f3cbe724c675232ccd7e75416b6c990',0,0,62,'','18446744073709551615','','0','',120,'',3,'','DISK_sectors_writtn','',103),(138,'74aa60de72fbd3eaaecc52ba101a18d5',0,0,62,'','18446744073709551615','','0','',120,'',3,'','DISK_sectors_read','',104),(139,'6cecaf8de198507dda3399947a2b2409',0,0,63,'','18446744073709551615','','0','',120,'',3,'','DISK_tme_spnt_wrtng','',112),(140,'aa6d9e66531b6f7d730f17a3bb9456af',0,0,63,'','18446744073709551615','','0','',120,'',3,'','DISK_time_spnt_rdng','',113),(141,'68bbeac570e30081dfaee6e4612e5900',0,0,64,'','18446744073709551615','','0','',120,'',3,'','DISK_reads','',111),(142,'57be6fc15756d666e2f0b5ce657d1016',0,0,64,'','18446744073709551615','','0','',120,'',3,'','DISK_tme_spnt_wrtng','',112),(143,'7cefdeb3074fd84caa503670b3e5ecac',0,0,64,'','18446744073709551615','','0','',120,'',3,'','DISK_time_spnt_rdng','',113),(144,'37705979aeb3d192a93825a81149caf0',0,0,64,'','18446744073709551615','','0','',120,'',3,'','DISK_writes','',114),(145,'3366566bc2431693e5b0b06e56acc07e',0,0,65,'','18446744073709551615','','0','',120,'',3,'','DISK_io_time_weghtd','',117),(146,'08c5f5acc8321558b8dc7cb1d0fd1b51',0,0,65,'','18446744073709551615','','0','',120,'',3,'','DISK_io_time','',118),(147,'637ed1adc7818d61cfda010d65830b21',0,0,66,'','18446744073709551615','','0','',120,'',3,'','DISK_io_ops','',121),(148,'0690d32ae0dd13d93ec74d2314ab4aff',0,0,67,'','18446744073709551615','','0','',120,'',1,'','DISKFREE_used','',124),(149,'bb2cdef779d3476ade36da2e51c6bb51',0,0,67,'','18446744073709551615','','0','',120,'',1,'','DISKFREE_available','',125),(150,'f951c9b8d06f9be3d79da7eb5d7fb165',0,0,68,'','18446744073709551615','','0','',120,'',3,'','NETDEV_outbound','',128),(151,'cc9fcdbb1ff53c20a2f20907f61d8a6f',0,0,68,'','18446744073709551615','','0','',120,'',3,'','NETDEV_inbound','',129),(152,'217ccf3ef35ba041f932a0cf0497797e',0,0,69,'','18446744073709551615','','0','',120,'',3,'','NETDEV_txcarrier','',132),(153,'bd1d24d4851846b12bc545a004c7ed8b',0,0,69,'','18446744073709551615','','0','',120,'',3,'','NETDEV_txerrs','',133),(154,'24b00f87425e1e1eca5412516a984b56',0,0,69,'','18446744073709551615','','0','',120,'',3,'','NETDEV_txcolls','',134),(155,'63ecd7095e5d328635c8c7d6be83bcad',0,0,69,'','18446744073709551615','','0','',120,'',3,'','NETDEV_txfifo','',135),(156,'e2ce2c23f352f36053fd11f9e0bed355',0,0,69,'','18446744073709551615','','0','',120,'',3,'','NETDEV_rxerrs','',136),(157,'bda4e5d5bb912be2dafa128a1c8d56a7',0,0,69,'','18446744073709551615','','0','',120,'',3,'','NETDEV_rxdrop','',137),(158,'98489fc44abd2f1d8ea3b02b1bbff6b6',0,0,69,'','18446744073709551615','','0','',120,'',3,'','NETDEV_rxframe','',138),(159,'c17df917788c32afaeec1b88d5865406',0,0,69,'','18446744073709551615','','0','',120,'',3,'','NETDEV_rxfifo','',139),(160,'20039ac02267a25c15f856547e27e026',0,0,69,'','18446744073709551615','','0','',120,'',3,'','NETDEV_txdrop','',140),(161,'50f4d5eaa2d4ccc8f6e46b2eff914664',0,0,70,'','18446744073709551615','','0','',120,'',1,'','NETSTAT_established','',142),(162,'e480fd65403ea2e11d1820d9d640cf84',0,0,70,'','18446744073709551615','','0','',120,'',1,'','NETSTAT_close','',143),(163,'9fa16a7aa774c00ef4693978d37ee4c3',0,0,70,'','18446744073709551615','','0','',120,'',1,'','NETSTAT_fin_wait2','',144),(164,'2d61eb7502acc05b3c416dbff7bb8ee9',0,0,70,'','18446744073709551615','','0','',120,'',1,'','NETSTAT_syn_sent','',145),(165,'0af8d9390742a9ca83642fcea1f59431',0,0,70,'','18446744073709551615','','0','',120,'',1,'','NETSTAT_listen','',146),(166,'7dcc99757e6a231cea4e9a5f77c30b01',0,0,70,'','18446744073709551615','','0','',120,'',1,'','NETSTAT_time_wait','',147),(167,'536fab6e6feb4d1bd1c78b6e96f3207a',0,0,70,'','18446744073709551615','','0','',120,'',1,'','NETSTAT_closing','',148),(168,'7ff066d340b98716767f79eed619be83',0,0,70,'','18446744073709551615','','0','',120,'',1,'','NETSTAT_syn_recv','',149),(169,'57c3836141f7b7df99bb421ea3dd7769',0,0,70,'','18446744073709551615','','0','',120,'',1,'','NETSTAT_last_ack','',150),(170,'45f4ed3055352eb75fa638002e11588a',0,0,70,'','18446744073709551615','','0','',120,'',1,'','NETSTAT_unknown','',151),(171,'80d7a2e020eca2b295029547fb62e239',0,0,70,'','18446744073709551615','','0','',120,'',1,'','NETSTAT_close_wait','',152),(172,'e95e04452086bfa8d593cfd1b891137d',0,0,70,'','18446744073709551615','','0','',120,'',1,'','NETSTAT_fin_wait1','',153),(173,'e2a7d14f8c3e0acbcc219d4edaaf1c6d',0,0,71,'','18446744073709551615','','0','',120,'',3,'','VMSTAT_pswpin','',155),(174,'ac267b14b39ebb35aa6a548e44de8b05',0,0,71,'','18446744073709551615','','0','',120,'',3,'','VMSTAT_pswpout','',156),(175,'4f63f354dd4ce4c82e46fca190adc80e',0,0,72,'','18446744073709551615','','0','',120,'',3,'','MEMC_rusage_user','',160),(176,'da430a0fa8d1976480dce0708985ebc9',0,0,72,'','18446744073709551615','','0','',120,'',3,'','MEMC_rusage_system','',161),(177,'33d00d87a7490e2ffcf75588ae40ac54',0,0,73,'','18446744073709551615','','0','',120,'',1,'','MEMC_curr_items','',165),(178,'05894f4675c529a695c68425803037ff',0,0,74,'','18446744073709551615','','0','',120,'',3,'','MEMC_evictions','',169),(179,'15413d02553829fa87ee11d94647b264',0,0,74,'','18446744073709551615','','0','',120,'',3,'','MEMC_total_items','',170),(180,'a3cc9ccd087e30c548e8eba2f6a96c1c',0,0,75,'','18446744073709551615','','0','',120,'',1,'','MEMC_bytes','',174),(181,'8f989f1289e66b9366a92d63d5a823ec',0,0,76,'','18446744073709551615','','0','',120,'',1,'','MEMC_curr_connectns','',178),(182,'6c2e3658c11f6aed4dd106cc9916d5de',0,0,76,'','18446744073709551615','','0','',120,'',3,'','MEMC_total_connctns','',179),(183,'08a90a539c1b6646e96f6015d522142a',0,0,77,'','18446744073709551615','','0','',120,'',3,'','MEMC_get_misses','',183),(184,'ea4af55a930dc9a76fcd5bf840e1ef72',0,0,77,'','18446744073709551615','','0','',120,'',3,'','MEMC_cmd_set','',184),(185,'e0708c89ad1d7c98424140c3bce377f5',0,0,77,'','18446744073709551615','','0','',120,'',3,'','MEMC_cmd_get','',185),(186,'2d9df3794de0c4f04b87b9fc62a03fd4',0,0,78,'','18446744073709551615','','0','',120,'',3,'','MEMC_bytes_written','',189),(187,'35e6a659c98bb6385340043141e05c3f',0,0,78,'','18446744073709551615','','0','',120,'',3,'','MEMC_bytes_read','',190),(188,'4ecb4eed3038865504c8fdd63ba5c5dc',0,0,79,'','18446744073709551615','','0','',120,'',1,'','MONGODB_cnctd_clnts','',194),(189,'3ee50312180aa16059e6f337246cc396',0,0,80,'','18446744073709551615','','0','',120,'',1,'','MONGODB_sd_rsdntmry','',198),(190,'a6678ba6f5c8608fcd612c092027ac20',0,0,80,'','18446744073709551615','','0','',120,'',1,'','MONGODB_sd_mppd_mry','',199),(191,'1e9933298c3edec210c84c0beb7a34d5',0,0,80,'','18446744073709551615','','0','',120,'',1,'','MONGODB_sd_vrtl_mry','',200),(192,'6e807c678a4b6648b27245327961f640',0,0,81,'','18446744073709551615','','0','',120,'',3,'','MONGODB_op_queries','',204),(193,'a4ef49a56bcaf21c29e0c7e90f0d95df',0,0,81,'','18446744073709551615','','0','',120,'',3,'','MONGODB_op_inserts','',205),(194,'73fae24ddf1c83a3b9d3723c5a868b61',0,0,81,'','18446744073709551615','','0','',120,'',3,'','MONGODB_op_deletes','',206),(195,'8277b10cd5940d6cec1a0ed9ba98935f',0,0,81,'','18446744073709551615','','0','',120,'',3,'','MONGODB_op_commands','',207),(196,'d82deb6d93bd7f85941657d1cab61807',0,0,81,'','18446744073709551615','','0','',120,'',3,'','MONGODB_op_getmores','',208),(197,'f2a703101705dcdea6ed1a572d95660d',0,0,81,'','18446744073709551615','','0','',120,'',3,'','MONGODB_op_updates','',209),(198,'f0fb3a39da657fd9e70e0b48487bbf6a',0,0,82,'','18446744073709551615','','0','',120,'',3,'','MONGODB_index_hits','',213),(199,'d96bd9f48bcb56bdd6e9386e41f68fa3',0,0,82,'','18446744073709551615','','0','',120,'',3,'','MONGODB_index_ccsss','',214),(200,'03cd9de38249d48481d23f1d2f49675d',0,0,82,'','18446744073709551615','','0','',120,'',3,'','MONGODB_index_rests','',215),(201,'2a1a583bc64854b70e059223846b2beb',0,0,82,'','18446744073709551615','','0','',120,'',3,'','MONGODB_index_misss','',216),(202,'acba4fa253a50c3340dca8f451b404bb',0,0,83,'','18446744073709551615','','0','',120,'',1,'','MONGODB_bck_vrge_ms','',220),(203,'c255950d0088fad37d813c3d2363eccc',0,0,83,'','18446744073709551615','','0','',120,'',3,'','MONGODB_back_ttl_ms','',221),(204,'36900471f31caf8be7d9c6746f6be0eb',0,0,83,'','18446744073709551615','','0','',120,'',1,'','MONGODB_back_lst_ms','',222),(205,'da9c6cc3af79bccd9b0b7f83be0d8dce',0,0,83,'','18446744073709551615','','0','',120,'',3,'','MONGODB_back_flushs','',223),(206,'f38fc1d8ca67e65597eb679adfc628e2',0,0,84,'','18446744073709551615','','0','',120,'',1,'','MONGODB_slave_lag','',227),(207,'53766c926ecef120788000e396454317',0,0,85,'','18446744073709551615','','0','',120,'',3,'','Key_reads','',233),(208,'f6bce0b23cdca99098537a39c338646a',0,0,85,'','18446744073709551615','','0','',120,'',3,'','Key_write_requests','',234),(209,'2ad63dc56ece95c5bbee1e717af5960a',0,0,85,'','18446744073709551615','','0','',120,'',3,'','Key_read_requests','',235),(210,'4826d560467cc077c1512122b3ada014',0,0,85,'','18446744073709551615','','0','',120,'',3,'','Key_writes','',236),(211,'c5e4184415b8963e9122da6cf5e324f1',0,0,86,'','18446744073709551615','','0','',120,'',1,'','Key_buf_byts_nflshd','',242),(212,'42a9eb2a6b1bb632a44c60fac641d4e4',0,0,86,'','18446744073709551615','','0','',120,'',1,'','key_buffer_size','',243),(213,'6498085e973fdd43ec0469f3c65028e2',0,0,86,'','18446744073709551615','','0','',120,'',1,'','Key_buf_bytes_used','',244),(214,'f6e245bc08604473ef0c235974d5da0b',0,0,87,'','18446744073709551615','','0','',120,'',1,'','free_pages','',250),(215,'d79cce8d2374634521c330517dc23a34',0,0,87,'','18446744073709551615','','0','',120,'',1,'','modified_pages','',251),(216,'4ed43808db7aa534a0ed23be12c013d2',0,0,87,'','18446744073709551615','','0','',120,'',1,'','database_pages','',252),(217,'b847b3a3cfcb72b0e882df8c9dcb8ed1',0,0,87,'','18446744073709551615','','0','',120,'',1,'','pool_size','',253),(218,'38a2f689e06016baf550b35f23cc316c',0,0,88,'','18446744073709551615','','0','',120,'',3,'','log_writes','',259),(219,'cccc859cac719d831991a9a703826076',0,0,88,'','18446744073709551615','','0','',120,'',3,'','file_reads','',260),(220,'b56356d96ece80ab3872e9c5a15c41ef',0,0,88,'','18446744073709551615','','0','',120,'',3,'','file_writes','',261),(221,'275dd7626468baa60b012e6b879b6ed4',0,0,88,'','18446744073709551615','','0','',120,'',3,'','file_fsyncs','',262),(222,'a5e3f79cfc8ae5957b2fbebde2665110',0,0,89,'','18446744073709551615','','0','',120,'',3,'','ibuf_merges','',268),(223,'577d9c3009fc77f597889a15739b2999',0,0,89,'','18446744073709551615','','0','',120,'',3,'','ibuf_inserts','',269),(224,'f363c541dc0c1716e45aacd1f555c9e3',0,0,89,'','18446744073709551615','','0','',120,'',3,'','ibuf_merged','',270),(225,'596d2092992f67a6293e2005ab6a9f41',0,0,90,'','18446744073709551615','','0','',120,'',1,'','ibuf_cell_count','',276),(226,'98ab189eca5cba404c4dc05dd0569c21',0,0,90,'','18446744073709551615','','0','',120,'',1,'','ibuf_used_cells','',277),(227,'504e1965e73d94a3bc8cc849f320641d',0,0,90,'','18446744073709551615','','0','',120,'',1,'','ibuf_free_cells','',278),(228,'7dc9041d7ef9ef794ce8874fbfc9c08a',0,0,91,'','18446744073709551615','','0','',120,'',3,'','os_waits','',284),(229,'2172d167df8925246f27f960162313d7',0,0,91,'','18446744073709551615','','0','',120,'',3,'','spin_waits','',285),(230,'233ccd265faa6418e1c90f0f978456ac',0,0,91,'','18446744073709551615','','0','',120,'',3,'','spin_rounds','',286),(231,'b86fd24442ce0593a5ca6b181fedddd0',0,0,92,'','18446744073709551615','','0','',120,'',3,'','rows_deleted','',292),(232,'f0bf9b3691a1919ed4a62e8b1fba5777',0,0,92,'','18446744073709551615','','0','',120,'',3,'','rows_inserted','',293),(233,'0c5b956f565fa9ab5c2e6b1572428bfb',0,0,92,'','18446744073709551615','','0','',120,'',3,'','rows_updated','',294),(234,'2565bc112ed47f8e5138a1384baed29d',0,0,92,'','18446744073709551615','','0','',120,'',3,'','rows_read','',295),(235,'a1ef49dfdfc2116106b2fb229d44bfb1',0,0,93,'','18446744073709551615','','0','',120,'',3,'','Table_locks_immedit','',301),(236,'3cf81ca2ac9b7bfa0d8330696a4b3fb9',0,0,93,'','18446744073709551615','','0','',120,'',3,'','Slow_queries','',302),(237,'99a4d25c080ea056d8c1c2eebd06e49c',0,0,93,'','18446744073709551615','','0','',120,'',3,'','Table_locks_waited','',303),(238,'38a883d9c3d533741bbfca8c4393e056',0,0,94,'','18446744073709551615','','0','',120,'',1,'','Threads_connected','',464),(239,'255b62433743f009d0ac8e8330f051d5',0,0,94,'','18446744073709551615','','0','',120,'',3,'','Connections','',310),(240,'1d089309d4426bc7d0c53089bc43d8e7',0,0,94,'','18446744073709551615','','0','',120,'',1,'','max_connections','',311),(241,'4baff738891f9e5f6ab4299a0ae04a54',0,0,94,'','18446744073709551615','','0','',120,'',1,'','Max_used_connectins','',312),(242,'6fdf30b2782e1878b1e0e00981b1f91e',0,0,94,'','18446744073709551615','','0','',120,'',3,'','Aborted_clients','',313),(243,'fb660214cd957e0e8c4eb2267074cb7f',0,0,94,'','18446744073709551615','','0','',120,'',3,'','Aborted_connects','',314),(244,'2480762e3fbd79ec7995d7828ad371c0',0,0,95,'','18446744073709551615','','0','',120,'',1,'','slave_running','',320),(245,'84cce18276e09ae45dc04b8999fdcd17',0,0,95,'','18446744073709551615','','0','',120,'',3,'','Slave_rtrd_trnsctns','',321),(246,'35491918bf231ef2140890b99658d2a4',0,0,95,'','18446744073709551615','','0','',120,'',1,'','slave_stopped','',322),(247,'2e9a827fb7906275e0f6d83e382caaff',0,0,95,'','18446744073709551615','','0','',120,'',1,'','Slave_open_tmp_tbls','',323),(248,'9acc439a8f475760be9490b5ba1a2609',0,0,95,'','18446744073709551615','','0','',120,'',1,'','slave_lag','',324),(249,'5f1180702e9b3b2e08b6bc8c27bd144f',0,0,96,'','18446744073709551615','','0','',120,'',3,'','Qcache_inserts','',330),(250,'174b858ddf67463a60e1c1f0ff029091',0,0,96,'','18446744073709551615','','0','',120,'',3,'','Qcache_lowmem_pruns','',331),(251,'d86860608fe1180dd260da81ac2abd4e',0,0,96,'','18446744073709551615','','0','',120,'',1,'','Qcache_queris_n_cch','',332),(252,'3c68e6e3e3748bb8ece90af4982f02a7',0,0,96,'','18446744073709551615','','0','',120,'',3,'','Qcache_not_cached','',333),(253,'bccc6314ae6c845139270068c82e4b6b',0,0,96,'','18446744073709551615','','0','',120,'',3,'','Qcache_hits','',334),(254,'42b55a5f1ef4d871bda37e988b0a437b',0,0,97,'','18446744073709551615','','0','',120,'',1,'','query_cache_size','',340),(255,'0437e9ad328360a81ed9e2ff8cb6a6a4',0,0,97,'','18446744073709551615','','0','',120,'',1,'','Qcache_free_blocks','',341),(256,'5cb92677cde12eaefb50d40c19be6ec3',0,0,97,'','18446744073709551615','','0','',120,'',1,'','Qcache_total_blocks','',342),(257,'286f230f8afc18b5e651a8825b3cd4ad',0,0,97,'','18446744073709551615','','0','',120,'',1,'','Qcache_free_memory','',343),(258,'cbf891f15deaf8a3b40a4a5b045426a5',0,0,98,'','18446744073709551615','','0','',120,'',3,'','Com_select','',349),(259,'5b1938835819de77fb18c712928bb95f',0,0,98,'','18446744073709551615','','0','',120,'',3,'','Com_delete_multi','',350),(260,'4ba460f1bfbd6157b792dc7757783180',0,0,98,'','18446744073709551615','','0','',120,'',3,'','Com_delete','',351),(261,'dcc9d9c525b2581c2c23764cdfa4781c',0,0,98,'','18446744073709551615','','0','',120,'',3,'','Com_insert','',352),(262,'ffe06d67239e004144206da491b5a2ce',0,0,98,'','18446744073709551615','','0','',120,'',3,'','Com_replace','',353),(263,'ea281f4242ce2ea7f888621627035bf3',0,0,98,'','18446744073709551615','','0','',120,'',3,'','Com_update_multi','',354),(264,'a125adf94216436826dd12de7409aabb',0,0,98,'','18446744073709551615','','0','',120,'',3,'','Com_replace_select','',355),(265,'d7d547c211b3a70154b90f2b0b5f1a55',0,0,98,'','18446744073709551615','','0','',120,'',3,'','Com_insert_select','',356),(266,'b10367bfaa00559a38127a0f858be6a7',0,0,98,'','18446744073709551615','','0','',120,'',3,'','Com_update','',357),(267,'1d0b142c88f7f2df482ed76d52336ff7',0,0,98,'','18446744073709551615','','0','',120,'',3,'','Questions','',358),(268,'979ef5acce17f8239f27baa35737876d',0,0,98,'','18446744073709551615','','0','',120,'',3,'','Com_load','',359),(269,'60d50c9828d208ae3baee21469e4f622',0,0,99,'','18446744073709551615','','0','',120,'',3,'','Select_range','',365),(270,'87d58602c7e6da00001e6c2818ccbc88',0,0,99,'','18446744073709551615','','0','',120,'',3,'','Select_full_join','',366),(271,'a76525a8959d8e1dbc721a4623ab1135',0,0,99,'','18446744073709551615','','0','',120,'',3,'','Select_scan','',367),(272,'60902fb5bff97c260ffe0a62df124792',0,0,99,'','18446744073709551615','','0','',120,'',3,'','Select_full_rnge_jn','',368),(273,'16ea2230bd0c808a40ed8790699a589c',0,0,99,'','18446744073709551615','','0','',120,'',3,'','Select_range_check','',369),(274,'db39ee0ee9191965c0269be1b00f5b2a',0,0,100,'','18446744073709551615','','0','',120,'',3,'','Sort_rows','',375),(275,'4069ef59e60869d0cdcb6c90daa074c3',0,0,100,'','18446744073709551615','','0','',120,'',3,'','Sort_merge_passes','',376),(276,'1527f34fa6fbe98c65ce07ecaab87475',0,0,100,'','18446744073709551615','','0','',120,'',3,'','Sort_scan','',377),(277,'3d195e34d54d1c3ce818642a8faa1062',0,0,100,'','18446744073709551615','','0','',120,'',3,'','Sort_range','',378),(278,'4c07222a44715e609ebe24d2cf41fa28',0,0,101,'','18446744073709551615','','0','',120,'',3,'','Created_tmp_tables','',384),(279,'3b238d3760a85cdb480edb21b5452845',0,0,101,'','18446744073709551615','','0','',120,'',3,'','Created_tmp_files','',385),(280,'b27fa767049cf641dc6e26abb321a9c1',0,0,101,'','18446744073709551615','','0','',120,'',3,'','Creatd_tmp_dsk_tbls','',386),(281,'465a226d126681262e2fd6a8ed8ce51d',0,0,102,'','18446744073709551615','','0','',120,'',3,'','Bytes_received','',392),(282,'1953484b0466fa323d70e79e3a4ee93a',0,0,102,'','18446744073709551615','','0','',120,'',3,'','Bytes_sent','',393),(283,'94d9a0f449cfb1d05ee1df9d51f5ae03',0,0,103,'','18446744073709551615','','0','',120,'',3,'','pages_written','',399),(284,'202e45fee8e86fab0d6ac411fddbe531',0,0,103,'','18446744073709551615','','0','',120,'',3,'','pages_read','',400),(285,'1632c89150754f4d2b2419b5822dd11f',0,0,103,'','18446744073709551615','','0','',120,'',3,'','pages_created','',401),(286,'70ba2629a4bfec1c310d3b19eb7f40b7',0,0,104,'','18446744073709551615','','0','',120,'',1,'','pending_ibuf_ao_rds','',407),(287,'a8890df815d6c156a337dca60ffcaaff',0,0,104,'','18446744073709551615','','0','',120,'',1,'','pending_aio_sync_is','',408),(288,'c66fa1a69da9b46dbc9801e53feeacbe',0,0,104,'','18446744073709551615','','0','',120,'',1,'','pending_chkp_writes','',409),(289,'e356afa13eed7fc0a5592ceedba47ab9',0,0,104,'','18446744073709551615','','0','',120,'',1,'','pending_norml_o_rds','',410),(290,'cfb857472703b9f8c60fd497cb332872',0,0,104,'','18446744073709551615','','0','',120,'',1,'','pending_bf_pl_flshs','',411),(291,'e802a176af00f7e8d583c8affc699f4e',0,0,104,'','18446744073709551615','','0','',120,'',1,'','pending_aio_log_ios','',412),(292,'5709fab92518d9d2d8368966690d4fdd',0,0,104,'','18446744073709551615','','0','',120,'',1,'','pending_log_writes','',413),(293,'e1dd220da71bceb6a6ef9a8f2fe76e8f',0,0,104,'','18446744073709551615','','0','',120,'',1,'','pending_nrml_o_wrts','',414),(294,'fea7be0cd5014f436fdad8993f7d300a',0,0,104,'','18446744073709551615','','0','',120,'',1,'','pending_log_flushes','',415),(295,'451c817191559726cfddd316198a2853',0,0,105,'','18446744073709551615','','0','',120,'',1,'','unflushed_log','',421),(296,'9b45c73fb9db0d5562b29af24794479d',0,0,105,'','18446744073709551615','','0','',120,'',3,'','log_bytes_written','',422),(297,'69a8f9b4a6361960338a5db09831addb',0,0,105,'','18446744073709551615','','0','',120,'',3,'','log_bytes_flushed','',423),(298,'c17991311d486b6e73aaefddc1495d7f',0,0,105,'','18446744073709551615','','0','',120,'',1,'','innodb_log_buffr_sz','',424),(299,'ca7f7ba37c2bd78263b1009dcf467eab',0,0,106,'','18446744073709551615','','0','',120,'',3,'','Binlog_cache_use','',430),(300,'b0353ac1fa0f77d2968aebc0166bbd9e',0,0,106,'','18446744073709551615','','0','',120,'',1,'','binary_log_space','',431),(301,'87b49f80e24ab4f6989119525dd26184',0,0,106,'','18446744073709551615','','0','',120,'',1,'','relay_log_space','',432),(302,'a41d3fa5e07c27bda6b3bef283a3f200',0,0,106,'','18446744073709551615','','0','',120,'',3,'','Binlog_cache_disk_s','',433),(303,'0e94a0712e8bca7fb0f0c76effaac4d2',0,0,107,'','18446744073709551615','','0','',120,'',3,'','innodb_transactions','',439),(304,'73142c0ad2c1bbcd94224d100b82bfaa',0,0,107,'','18446744073709551615','','0','',120,'',1,'','history_list','',440),(305,'e6cf96ff1fc7966fe442dd51cd2bdbcc',0,0,108,'','18446744073709551615','','0','',120,'',1,'','current_transactins','',446),(306,'0e40c07dfbdba49b81fdbae32d4edab4',0,0,108,'','18446744073709551615','','0','',120,'',1,'','locked_transactions','',447),(307,'616fd388be03c90b9978b51b70ed2fda',0,0,108,'','18446744073709551615','','0','',120,'',1,'','active_transactions','',448),(308,'5e92066e5f110ee444a94c705e7e7691',0,0,108,'','18446744073709551615','','0','',120,'',1,'','read_views','',449),(309,'1f85e70184e14ffa218204d5eff27ca8',0,0,109,'','18446744073709551615','','0','',120,'',3,'','Opened_tables','',455),(310,'5dc3b51fa3acac1b7e7aa55da0267d6d',0,0,109,'','18446744073709551615','','0','',120,'',1,'','Open_files','',456),(311,'833a86f771733356ce7b47c3ad6c4b23',0,0,109,'','18446744073709551615','','0','',120,'',1,'','Open_tables','',457),(312,'62dd5b27df7c0f9ee2c37daa2d60acf3',0,0,109,'','18446744073709551615','','0','',120,'',1,'','table_cache','',458),(313,'1b5429991445610d0381838eac293ca1',0,0,110,'','18446744073709551615','','0','',120,'',1,'','Threads_connected','',464),(314,'177f4b47fa4620e066ba0bcc9e9ca606',0,0,110,'','18446744073709551615','','0','',120,'',3,'','Threads_created','',465),(315,'168af32709e712ff11e736ff7a9db032',0,0,110,'','18446744073709551615','','0','',120,'',1,'','Threads_running','',466),(316,'925a0f68d2fc4e4ad8cec7b2ae830aa0',0,0,110,'','18446744073709551615','','0','',120,'',1,'','Threads_cached','',467),(317,'44655c9b3c600c912e7ac7245297bcd4',0,0,110,'','18446744073709551615','','0','',120,'',1,'','thread_cache_size','',468),(318,'24e7c9debb98e548d8891a247950a923',0,0,111,'','18446744073709551615','','0','',120,'',1,'','total_mem_alloc','',474),(319,'a274a1909518a7c3c8fb7d143f97e55e',0,0,111,'','18446744073709551615','','0','',120,'',1,'','additional_pool_llc','',475),(320,'af73d164be5aa60f8655a5d185230c9a',0,0,112,'','18446744073709551615','','0','',120,'',1,'','hash_index_clls_ttl','',481),(321,'7540de68bbb74c26559d55b797873fa4',0,0,112,'','18446744073709551615','','0','',120,'',1,'','hash_index_cells_sd','',482),(322,'9d6e44cd2e7c1fc4ff74a789c07ea5e8',0,0,113,'','18446744073709551615','','0','',120,'',1,'','lock_system_memory','',488),(323,'f418a322cd3f9c659063eec766957242',0,0,113,'','18446744073709551615','','0','',120,'',1,'','file_system_memory','',489),(324,'75070c34d0f662fed638fd9650e408ab',0,0,113,'','18446744073709551615','','0','',120,'',1,'','page_hash_memory','',490),(325,'c3a585488226ffc51dc41059909e474c',0,0,113,'','18446744073709551615','','0','',120,'',1,'','thread_hash_memory','',491),(326,'7a18fc1e7a9b1459f0049e70916c4d68',0,0,113,'','18446744073709551615','','0','',120,'',1,'','dictionry_cche_mmry','',492),(327,'ebef3ce05107e636e1ba7ef06aa89224',0,0,113,'','18446744073709551615','','0','',120,'',1,'','recovery_systm_mmry','',493),(328,'ce8f9b38caba7563257a268cc2df1e47',0,0,113,'','18446744073709551615','','0','',120,'',1,'','adaptive_hash_memry','',494),(329,'fcda4c9471d50e702ee7e613e9f5bbbc',0,0,114,'','18446744073709551615','','0','',120,'',1,'','innodb_locked_tabls','',500),(330,'9aef8ac73b931f2667d1ba21018b156e',0,0,114,'','18446744073709551615','','0','',120,'',1,'','innodb_tables_in_us','',501),(331,'f1744276d2e74b52830165c49b54618c',0,0,115,'','18446744073709551615','','0','',120,'',1,'','innodb_lock_wat_scs','',507),(332,'9a067f29dd948c909b3efa12cabd9ef8',0,0,116,'','18446744073709551615','','0','',120,'',1,'','innodb_lock_structs','',513),(333,'c1feb24905641e7888b5b22a3d503b03',0,0,117,'','18446744073709551615','','0','',120,'',1,'','uncheckpointed_byts','',519),(334,'70c91dbd06454075c08b72a025be7eb7',0,0,118,'','18446744073709551615','','0','',120,'',3,'','Innodb_row_lock_tim','',525),(335,'90641853bf96784e399a2aa38b51b4d4',0,0,119,'','18446744073709551615','','0','',120,'',3,'','Innodb_row_lock_wts','',531),(336,'4e9a355586f097462616eff0b3a14330',0,0,120,'','18446744073709551615','','0','',120,'',1,'','innodb_sem_waits','',537),(337,'d53164739f951807429f46be7ce989e5',0,0,121,'','18446744073709551615','','0','',120,'',1,'','innodb_sm_wt_tme_ms','',543),(338,'36a6a169a722caf64ddbd89a7323cec6',0,0,122,'','18446744073709551615','','0','',120,'',1,'','State_login','',549),(339,'2a03ebff50f9f379fe418135d7ee4fe5',0,0,122,'','18446744073709551615','','0','',120,'',1,'','State_closing_tabls','',550),(340,'e5d63d270bde739da892627ed427485b',0,0,122,'','18446744073709551615','','0','',120,'',1,'','State_sorting_reslt','',551),(341,'2eec45a8efac2a057fbe060a97a44a01',0,0,122,'','18446744073709551615','','0','',120,'',1,'','State_preparing','',552),(342,'eeb6dda26c93d500cc88adcbe7d5ae16',0,0,122,'','18446744073709551615','','0','',120,'',1,'','State_init','',553),(343,'a67422e4cb4ce0b31addb945234625c2',0,0,122,'','18446744073709551615','','0','',120,'',1,'','State_freeing_items','',554),(344,'ef1b0792047b7857ad7e9b98bb1d7e93',0,0,122,'','18446744073709551615','','0','',120,'',1,'','State_locked','',555),(345,'e6e6514631517407fb191a38ebb9a54d',0,0,122,'','18446744073709551615','','0','',120,'',1,'','State_writing_to_nt','',556),(346,'9873eaa4676fc7a1d10e049e641a1c9f',0,0,122,'','18446744073709551615','','0','',120,'',1,'','Ste_cpyng_to_tp_tbl','',557),(347,'fa80cf3275db897f4649f76d017e01cb',0,0,122,'','18446744073709551615','','0','',120,'',1,'','State_other','',558),(348,'555c9a1e0d7366c53050055c9193cdd0',0,0,122,'','18446744073709551615','','0','',120,'',1,'','State_end','',559),(349,'e98093b5df57b60f2c6fe8be6c64211a',0,0,122,'','18446744073709551615','','0','',120,'',1,'','State_none','',560),(350,'0791566476b1d40655a27b84964369a9',0,0,122,'','18446744073709551615','','0','',120,'',1,'','State_readng_frm_nt','',561),(351,'f20a8400d1384dc0fd3b57c8303e51e3',0,0,122,'','18446744073709551615','','0','',120,'',1,'','State_sending_data','',562),(352,'037f4b7176337e069ab17a9d4cf3ff3c',0,0,122,'','18446744073709551615','','0','',120,'',1,'','State_statistics','',563),(353,'1067242a70c101506211ea94f345a54c',0,0,122,'','18446744073709551615','','0','',120,'',1,'','State_updating','',564),(354,'e49aaeb2764f5e8e5ff15c5827984090',0,0,123,'','18446744073709551615','','0','',120,'',3,'','Handler_commit','',570),(355,'bd472a4caad3aaf17971489dd98d146e',0,0,123,'','18446744073709551615','','0','',120,'',3,'','Handler_savepoint','',571),(356,'0cb8145c779a473ff1c7f8afb44c1824',0,0,123,'','18446744073709551615','','0','',120,'',3,'','Handlr_svpnt_rllbck','',572),(357,'1c95b6ed0ee6fe5fe150865a9766a0a3',0,0,123,'','18446744073709551615','','0','',120,'',3,'','Handler_rollback','',573),(358,'92a1ddf3cdbe22322444119ae383254f',0,0,124,'','18446744073709551615','','0','',120,'',3,'','Handler_delete','',579),(359,'4571023a7f6135f89893e69b5273a10f',0,0,124,'','18446744073709551615','','0','',120,'',3,'','Handler_read_first','',580),(360,'e3140862ff56052529e34c9243233e0e',0,0,124,'','18446744073709551615','','0','',120,'',3,'','Handler_read_prev','',581),(361,'8ea5ff7095e8aa4af3560c76abe1e18c',0,0,124,'','18446744073709551615','','0','',120,'',3,'','Handler_read_key','',582),(362,'61e0a1e6b6f96458bc3f437308a50ef7',0,0,124,'','18446744073709551615','','0','',120,'',3,'','Handler_red_rnd_nxt','',583),(363,'0d3219d73d18af33e1dd9315143a02c2',0,0,124,'','18446744073709551615','','0','',120,'',3,'','Handler_write','',584),(364,'8d89f6bee2cc4873e3a29d0a69c8f2c9',0,0,124,'','18446744073709551615','','0','',120,'',3,'','Handler_read_rnd','',585),(365,'ec8391ec89a8e1f924d650f9fe9dd367',0,0,124,'','18446744073709551615','','0','',120,'',3,'','Handler_update','',586),(366,'8ebb94d74cde5bf8276c1fa6e7391a33',0,0,124,'','18446744073709551615','','0','',120,'',3,'','Handler_read_next','',587),(367,'cccb93798a6fad4da0acc5ea328b8216',0,0,125,'','18446744073709551615','','0','',120,'',3,'','Query_time_count_07','',593),(368,'6532695bb9e8e0e2e161c631a347077d',0,0,125,'','18446744073709551615','','0','',120,'',3,'','Query_time_count_12','',594),(369,'46d0d3177f106a93a5cc66bc77306d46',0,0,125,'','18446744073709551615','','0','',120,'',3,'','Query_time_count_13','',595),(370,'626d1f13de98a1f2b616b6917cc4fca0',0,0,125,'','18446744073709551615','','0','',120,'',3,'','Query_time_count_04','',596),(371,'087f91519e29263eb8aa57dbbc02dfd1',0,0,125,'','18446744073709551615','','0','',120,'',3,'','Query_time_count_09','',597),(372,'9ff891175f36e11b6ab03063e31b6f2f',0,0,125,'','18446744073709551615','','0','',120,'',3,'','Query_time_count_10','',598),(373,'60d6b22bf946eefe9e6319de951577a3',0,0,125,'','18446744073709551615','','0','',120,'',3,'','Query_time_count_08','',599),(374,'c3ac238e0e31908859ff27b1b35d38e8',0,0,125,'','18446744073709551615','','0','',120,'',3,'','Query_time_count_02','',600),(375,'07dc92c81602f3197c890d0472b5b2b4',0,0,125,'','18446744073709551615','','0','',120,'',3,'','Query_time_count_11','',601),(376,'ea81b2e2a1434593abd13f1cebabd9bb',0,0,125,'','18446744073709551615','','0','',120,'',3,'','Query_time_count_01','',602),(377,'d4e32d48dc7e497ffc774927ce57fd3e',0,0,125,'','18446744073709551615','','0','',120,'',3,'','Query_time_count_05','',603),(378,'5f1e743ecfe71fe4bcced2c49afb9f8f',0,0,125,'','18446744073709551615','','0','',120,'',3,'','Query_time_count_03','',604),(379,'df4b8a50ac45f442c5b6a7f0e549d301',0,0,125,'','18446744073709551615','','0','',120,'',3,'','Query_time_count_06','',605),(380,'2c6b74c45ca57e6fb1c2448c7a8e1e0e',0,0,125,'','18446744073709551615','','0','',120,'',3,'','Query_time_count_00','',606),(381,'01124222e61788878f0234a7358b470d',0,0,126,'','18446744073709551615','','0','',120,'',3,'','Query_time_total_04','',612),(382,'ef4a787140a7c2f0416bfc596ea204c7',0,0,126,'','18446744073709551615','','0','',120,'',3,'','Query_time_total_03','',613),(383,'885db284ece91f42d77353fcab7c72ab',0,0,126,'','18446744073709551615','','0','',120,'',3,'','Query_time_total_08','',614),(384,'1aae7dae1ad9ca9ee990b4003034843a',0,0,126,'','18446744073709551615','','0','',120,'',3,'','Query_time_total_06','',615),(385,'b4c13348952d8d8bec0d4ebdf9f0a01e',0,0,126,'','18446744073709551615','','0','',120,'',3,'','Query_time_total_01','',616),(386,'83a8d8aca375fd4e1ae391a79a0a87b2',0,0,126,'','18446744073709551615','','0','',120,'',3,'','Query_time_total_12','',617),(387,'2d2298fdf44b081f8e539af562708e40',0,0,126,'','18446744073709551615','','0','',120,'',3,'','Query_time_total_09','',618),(388,'fda6b59537a39179c485955560fdd2b8',0,0,126,'','18446744073709551615','','0','',120,'',3,'','Query_time_total_11','',619),(389,'4d93f0aefa6bc07f3912c83e0436a086',0,0,126,'','18446744073709551615','','0','',120,'',3,'','Query_time_total_00','',620),(390,'b4640cdc8506c3204fe220ac5f2e48b3',0,0,126,'','18446744073709551615','','0','',120,'',3,'','Query_time_total_13','',621),(391,'c3692126dcaffddb654b2a4dde65af13',0,0,126,'','18446744073709551615','','0','',120,'',3,'','Query_time_total_07','',622),(392,'6c87fae7265f7fcc73316d1a67bddf8b',0,0,126,'','18446744073709551615','','0','',120,'',3,'','Query_time_total_05','',623),(393,'4a4b901622c2d400667d467ff85beab2',0,0,126,'','18446744073709551615','','0','',120,'',3,'','Query_time_total_02','',624),(394,'b1218e8bb32068074943c359a034c76c',0,0,126,'','18446744073709551615','','0','',120,'',3,'','Query_time_total_10','',625),(395,'7697410ed5c61c07787d1f0a410b4066',0,0,127,'','18446744073709551615','','0','',120,'',3,'','pool_read_requests','',631),(396,'7acdf0f165f21668aa14530479d9fc79',0,0,127,'','18446744073709551615','','0','',120,'',3,'','pool_reads','',632),(397,'7bd232c3ec98239cab41723882830c23',0,0,128,'','18446744073709551615','','0','',120,'',3,'','NGINX_server_reqsts','',638),(398,'08cd1189cfff32b2bebd1d09a9bf83cf',0,0,129,'','18446744073709551615','','0','',120,'',3,'','NGINX_server_handld','',644),(399,'5276759b797a71c1b630b10933b4e679',0,0,129,'','18446744073709551615','','0','',120,'',3,'','NGINX_server_accpts','',645),(400,'e69d8945953386e192b9245866e5a9f4',0,0,130,'','18446744073709551615','','0','',120,'',1,'','NGINX_waiting','',651),(401,'04e72dae440c397145b1f1c9bed628bf',0,0,130,'','18446744073709551615','','0','',120,'',1,'','NGINX_writing','',652),(402,'5db2a724b89de78c8b5802139cc4408e',0,0,130,'','18446744073709551615','','0','',120,'',1,'','NGINX_reading','',653),(403,'cfebce7eb4e0f8d00daf98fae30d772c',0,0,130,'','18446744073709551615','','0','',120,'',1,'','NGINX_actve_cnnctns','',654);
/*!40000 ALTER TABLE `data_template_rrd` ENABLE KEYS */;
UNLOCK TABLES;

--
-- Table structure for table `graph_local`
--

DROP TABLE IF EXISTS `graph_local`;
/*!40101 SET @saved_cs_client     = @@character_set_client */;
/*!40101 SET character_set_client = utf8 */;
CREATE TABLE `graph_local` (
  `id` mediumint(8) unsigned NOT NULL AUTO_INCREMENT,
  `graph_template_id` mediumint(8) unsigned NOT NULL DEFAULT '0',
  `host_id` mediumint(8) unsigned NOT NULL DEFAULT '0',
  `snmp_query_id` mediumint(8) NOT NULL DEFAULT '0',
  `snmp_index` varchar(255) NOT NULL DEFAULT '',
  PRIMARY KEY (`id`),
  KEY `host_id` (`host_id`),
  KEY `graph_template_id` (`graph_template_id`),
  KEY `snmp_query_id` (`snmp_query_id`),
  KEY `snmp_index` (`snmp_index`)
) ENGINE=MyISAM AUTO_INCREMENT=6 DEFAULT CHARSET=latin1 COMMENT='Creates a relationship for each item in a custom graph.';
/*!40101 SET character_set_client = @saved_cs_client */;

--
-- Dumping data for table `graph_local`
--

LOCK TABLES `graph_local` WRITE;
/*!40000 ALTER TABLE `graph_local` DISABLE KEYS */;
/*!40000 ALTER TABLE `graph_local` ENABLE KEYS */;
UNLOCK TABLES;

--
-- Table structure for table `graph_template_input`
--

DROP TABLE IF EXISTS `graph_template_input`;
/*!40101 SET @saved_cs_client     = @@character_set_client */;
/*!40101 SET character_set_client = utf8 */;
CREATE TABLE `graph_template_input` (
  `id` mediumint(8) unsigned NOT NULL AUTO_INCREMENT,
  `hash` varchar(32) NOT NULL DEFAULT '',
  `graph_template_id` mediumint(8) unsigned NOT NULL DEFAULT '0',
  `name` varchar(255) NOT NULL DEFAULT '',
  `description` text,
  `column_name` varchar(50) NOT NULL DEFAULT '',
  PRIMARY KEY (`id`)
) ENGINE=MyISAM AUTO_INCREMENT=393 DEFAULT CHARSET=latin1 COMMENT='Stores the names for graph item input groups.';
/*!40101 SET character_set_client = @saved_cs_client */;

--
-- Dumping data for table `graph_template_input`
--

LOCK TABLES `graph_template_input` WRITE;
/*!40000 ALTER TABLE `graph_template_input` DISABLE KEYS */;
INSERT INTO `graph_template_input` VALUES (3,'e9d4191277fdfd7d54171f153da57fb0',2,'Inbound Data Source','','task_item_id'),(4,'7b361722a11a03238ee8ab7ce44a1037',2,'Outbound Data Source','','task_item_id'),(118,'b4d51241727c232c8cc9253b0531c66e',46,'Data Source [STAT_memshared]','','task_item_id'),(104,'b98b46dd433b53e9725f6668c879a2e2',43,'Data Source [STAT_CPU_user]','','task_item_id'),(103,'5a169cee517d1f1af7b88a17a183722f',42,'Data Source [STAT_forks]','','task_item_id'),(102,'cd9435ddf604264e522efd92827cd2fe',41,'Data Source [STAT_context_swtchs]','','task_item_id'),(101,'0f515322027cb97af22b5c00afd7637e',40,'Data Source [STAT_interrupts]','','task_item_id'),(100,'d2fb4326379df5e08ca2e0ea269291ef',39,'Data Source [APACHE_Open_slot]','','task_item_id'),(99,'44cf9ae38e5273c0d55b30de0d32ead1',39,'Data Source [APACHE_Idle_cleanup]','','task_item_id'),(98,'08428235371b20af7ef6c397d66c706f',39,'Data Source [APACHE_Grcflyfnshng]','','task_item_id'),(97,'f9b56cdac7d6bde2baed1354251463a1',39,'Data Source [APACHE_Logging]','','task_item_id'),(95,'7964389e04e201754bce92a1ab9b0f45',39,'Data Source [APACHE_DNS_lookup]','','task_item_id'),(96,'83abaaf1c1869fd008892bbd263f9ba8',39,'Data Source [APACHE_Clsng_cnnctn]','','task_item_id'),(117,'ede9066a407d9b7db686bf7b5e823db4',46,'Data Source [STAT_membuffer]','','task_item_id'),(92,'4f83ba37f71ab054d0195bfa1b98e5c6',39,'Data Source [APACHE_Reading_rqst]','','task_item_id'),(93,'23adcee9cab3ca4f14765fe3c7253242',39,'Data Source [APACHE_Sending_rply]','','task_item_id'),(94,'927222ed371558df199e36cb291e07c3',39,'Data Source [APACHE_Keepalive]','','task_item_id'),(91,'43b520c92bc1a2559787d10f9b721e6b',39,'Data Source [APACHE_Starting_up]','','task_item_id'),(87,'a0d3e200ca7ad97a5c1534cebaf346aa',37,'Data Source [APACHE_CPU_Load]','','task_item_id'),(88,'6448c8be4dc370ea714ebb68914336df',38,'Data Source [APACHE_Idle_workers]','','task_item_id'),(89,'af51aadda6ad8afa465049af3197d86d',38,'Data Source [APACHE_Busy_workers]','','task_item_id'),(90,'f5cb9a27bc339cb5cbfd264bcea16ead',39,'Data Source [APACHE_Wtng_frcnctn]','','task_item_id'),(116,'2912a0730e5b7dcd3c1355c09b88e1bd',46,'Data Source [STAT_memcached]','','task_item_id'),(115,'b539bfba36696ea8cbb0956133651313',46,'Data Source [STAT_memused]','','task_item_id'),(114,'1a0aafd640ab1adb819df04644832978',45,'Data Source [STAT_numusers]','','task_item_id'),(113,'d957a13afef6f9d316f01f8e5266cccf',44,'Data Source [STAT_loadavg]','','task_item_id'),(112,'e6e80e40d93ebc2a4d681e4a1add2cb1',43,'Data Source [STAT_CPU_guest]','','task_item_id'),(111,'3bce5e9dc8d767db1aab089190424cdf',43,'Data Source [STAT_CPU_steal]','','task_item_id'),(86,'dcbbbfeedba772ea1a4f22e84bd3ff6c',37,'Data Source [APACHE_CPU_Load]','','task_item_id'),(84,'f5f45137eea74d8a9d64a78769ef9471',35,'Data Source [APACHE_Requests]','','task_item_id'),(85,'02587d6029c37748001f962bf4763f7e',36,'Data Source [APACHE_Bytes_sent]','','task_item_id'),(110,'7ebb82a91b545eaab484552b8148e11c',43,'Data Source [STAT_CPU_softirq]','','task_item_id'),(109,'a05593abe13b0fd637c2d84bc21fbd12',43,'Data Source [STAT_CPU_irq]','','task_item_id'),(108,'bd765a8549fe1c7c468ccd728f115679',43,'Data Source [STAT_CPU_iowait]','','task_item_id'),(107,'bac60a69dd6ea6583d10f5a156a9f420',43,'Data Source [STAT_CPU_idle]','','task_item_id'),(106,'2cac3000304b452d80c9ec27d2af7df5',43,'Data Source [STAT_CPU_system]','','task_item_id'),(55,'fa83cd3a3b4271b644cb6459ea8c35dc',22,'Discards In Data Source','','task_item_id'),(56,'7946e8ee1e38a65462b85e31a15e35e5',22,'Errors In Data Source','','task_item_id'),(57,'00ae916640272f5aca54d73ae34c326b',23,'Unicast Packets Out Data Source','','task_item_id'),(58,'1bc1652f82488ebfb7242c65d2ffa9c7',23,'Unicast Packets In Data Source','','task_item_id'),(59,'e3177d0e56278de320db203f32fb803d',24,'Non-Unicast Packets In Data Source','','task_item_id'),(60,'4f20fba2839764707f1c3373648c5fef',24,'Non-Unicast Packets Out Data Source','','task_item_id'),(61,'e5acdd5368137c408d56ecf55b0e077c',22,'Discards Out Data Source','','task_item_id'),(62,'a028e586e5fae667127c655fe0ac67f0',22,'Errors Out Data Source','','task_item_id'),(63,'2764a4f142ba9fd95872106a1b43541e',25,'Inbound Data Source','','task_item_id'),(64,'f73f7ddc1f4349356908122093dbfca2',25,'Outbound Data Source','','task_item_id'),(65,'86bd8819d830a81d64267761e1fd8ec4',26,'Total Disk Space Data Source','','task_item_id'),(66,'6c8967850102202de166951e4411d426',26,'Used Disk Space Data Source','','task_item_id'),(67,'bdad718851a52b82eca0a310b0238450',27,'CPU Utilization Data Source','','task_item_id'),(68,'e7b578e12eb8a82627557b955fd6ebd4',27,'Legend Color','','color_id'),(69,'37d09fb7ce88ecec914728bdb20027f3',28,'Logged in Users Data Source','','task_item_id'),(70,'699bd7eff7ba0c3520db3692103a053d',28,'Legend Color','','color_id'),(71,'df905e159d13a5abed8a8a7710468831',29,'Processes Data Source','','task_item_id'),(72,'8ca9e3c65c080dbf74a59338d64b0c14',29,'Legend Color','','color_id'),(74,'562726cccdb67d5c6941e9e826ef4ef5',31,'Inbound Data Source','','task_item_id'),(75,'82426afec226f8189c8928e7f083f80f',31,'Outbound Data Source','','task_item_id'),(76,'69a23877302e7d142f254b208c58b596',32,'Inbound Data Source','','task_item_id'),(77,'f28013abf8e5813870df0f4111a5e695',32,'Outbound Data Source','','task_item_id'),(78,'8644b933b6a09dde6c32ff24655eeb9a',33,'Outbound Data Source','','task_item_id'),(79,'49c4b4800f3e638a6f6bb681919aea80',33,'Inbound Data Source','','task_item_id'),(105,'f4a0194ecdd767ba41b36e601ba85a87',43,'Data Source [STAT_CPU_nice]','','task_item_id'),(81,'2dca37011521501b9c2b705d080db750',34,'Data Source [snmp_oid]',NULL,'task_item_id'),(82,'b8d8ade5f5f3dd7b12f8cc56bbb4083e',34,'Legend Color','','color_id'),(83,'ac2355b4895c37e14df827f969f31c12',34,'Legend Text','','text_format'),(119,'2e973bfc749c51e98d05a29eb7f1d173',46,'Data Source [STAT_memfree]','','task_item_id'),(120,'f21eff0c8b205329bf6b81a384022e6a',47,'Data Source [DISK_reads]','','task_item_id'),(121,'142c23f124f20c810b488a4968ae276e',47,'Data Source [DISK_reads_merged]','','task_item_id'),(122,'4e4244ec9dafe2aabb57f929b407e473',47,'Data Source [DISK_writes]','','task_item_id'),(123,'e3cdd0ff3c7cefdb4056026d9fb00b10',47,'Data Source [DISK_writes_merged]','','task_item_id'),(124,'44ee1f317af557b52b456c6a10836521',48,'Data Source [DISK_sectors_read]','','task_item_id'),(125,'67287e7a98b36055f19d08462f69f4b0',48,'Data Source [DISK_sectors_writtn]','','task_item_id'),(126,'7c9262142373d942d8a3393697374313',49,'Data Source [DISK_time_spnt_rdng]','','task_item_id'),(127,'b869228cacb3d0b3522c4949191ec7b0',49,'Data Source [DISK_tme_spnt_wrtng]','','task_item_id'),(128,'70374fe31dc1dec19eb1946046e0a11d',50,'Data Source [DISK_reads]','','task_item_id'),(129,'431a281a4c92bdd8685cd1c1afb05f61',50,'Data Source [DISK_writes]','','task_item_id'),(130,'58d62fabcd6b2e20fcb3d081b259d79b',50,'Data Source [DISK_time_spnt_rdng]','','task_item_id'),(131,'cccb8143e62ad8e50925fc2e8572e469',50,'Data Source [DISK_tme_spnt_wrtng]','','task_item_id'),(132,'84ecc5ee76afb09863c1f9edbc55b69c',51,'Data Source [DISK_io_time]','','task_item_id'),(133,'87e0c721aca915fe4d53f9aac6dd403c',51,'Data Source [DISK_io_time_weghtd]','','task_item_id'),(134,'b6dca8e17e7d8a14b917d373dae9753d',52,'Data Source [DISK_io_ops]','','task_item_id'),(135,'0ad2b0870f44cecee4fda91ba14fdc76',53,'Data Source [DISKFREE_used]','','task_item_id'),(136,'fba00ed6c841136f97d14ef56db97131',53,'Data Source [DISKFREE_available]','','task_item_id'),(137,'bdf8d8cb4adefa8e2e7672292e759497',54,'Data Source [NETDEV_inbound]','','task_item_id'),(138,'dc830071c31578228797d2681b985c2b',54,'Data Source [NETDEV_outbound]','','task_item_id'),(139,'13a84f2181abf2a9c3af9daab5005e60',55,'Data Source [NETDEV_rxerrs]','','task_item_id'),(140,'a9cb9934b172facfdbc2ed7e8c7fb975',55,'Data Source [NETDEV_rxdrop]','','task_item_id'),(141,'a64a67b35b66b77f24ff1803788ceeb6',55,'Data Source [NETDEV_rxfifo]','','task_item_id'),(142,'84949b42d64b30eaf3e3e85830702a7a',55,'Data Source [NETDEV_rxframe]','','task_item_id'),(143,'653a2c0376400051371a841bb46cc10b',55,'Data Source [NETDEV_txerrs]','','task_item_id'),(144,'f09e8e45843280864d729d6e6182d336',55,'Data Source [NETDEV_txdrop]','','task_item_id'),(145,'7b7a49d35f529be271368833b5c77b16',55,'Data Source [NETDEV_txfifo]','','task_item_id'),(146,'4c1be6ab921ddba4f1caf98fc1d55203',55,'Data Source [NETDEV_txcolls]','','task_item_id'),(147,'e2d566e919ad8e13d27d2954bf4c94e9',55,'Data Source [NETDEV_txcarrier]','','task_item_id'),(148,'2fcde303010a976e481d1a51768b59e6',56,'Data Source [NETSTAT_established]','','task_item_id'),(149,'0194e926af3c8acf4619ec8106ef7419',56,'Data Source [NETSTAT_syn_sent]','','task_item_id'),(150,'5591a27a060f438dc6c1d2c53bfe2f31',56,'Data Source [NETSTAT_syn_recv]','','task_item_id'),(151,'0e0d8ed7d0ba2c8593b615455c76a49a',56,'Data Source [NETSTAT_fin_wait1]','','task_item_id'),(152,'1aef6539bda31fd7ffb2082357056ace',56,'Data Source [NETSTAT_fin_wait2]','','task_item_id'),(153,'89439e8f739977246cfb6f7f7c848a7b',56,'Data Source [NETSTAT_time_wait]','','task_item_id'),(154,'deabc014d90c891294a40dcd736b788c',56,'Data Source [NETSTAT_close]','','task_item_id'),(155,'707c68047349d37c9fcafea756e61e09',56,'Data Source [NETSTAT_close_wait]','','task_item_id'),(156,'cc77f1868954f5fb9a24666598e5781f',56,'Data Source [NETSTAT_last_ack]','','task_item_id'),(157,'71edaf831764db17771224276c51747f',56,'Data Source [NETSTAT_listen]','','task_item_id'),(158,'b62bfab6a8ac8d5ab317f223ec275853',56,'Data Source [NETSTAT_closing]','','task_item_id'),(159,'9d939464ad27b38956628c902be68ea8',56,'Data Source [NETSTAT_unknown]','','task_item_id'),(160,'577e1764ceec6e22e51a8bbb97d9cf8e',57,'Data Source [VMSTAT_pswpin]','','task_item_id'),(161,'1118e0e04554cc29dbf9f8eaf703bf24',57,'Data Source [VMSTAT_pswpout]','','task_item_id'),(162,'050108b41d1c6a4c418501554d3beb8b',58,'Data Source [MEMC_rusage_user]','','task_item_id'),(163,'deb69762da68030dfd25bf259f7fea37',58,'Data Source [MEMC_rusage_system]','','task_item_id'),(164,'cbac1d19cfd138a874b8285e67f32818',59,'Data Source [MEMC_curr_items]','','task_item_id'),(165,'b7e238dc11fdcbde061117adc9a6fb7d',60,'Data Source [MEMC_total_items]','','task_item_id'),(166,'a1ea78e9c5f755a95a5a1d605f2dd4d9',60,'Data Source [MEMC_evictions]','','task_item_id'),(167,'dfcfd672574c819ed156465127a4fb4b',61,'Data Source [MEMC_bytes]','','task_item_id'),(168,'944baea38b0ba7cc3b144e510bd9017a',62,'Data Source [MEMC_curr_connectns]','','task_item_id'),(169,'7e44af2237885b645c5d5c2deb231420',62,'Data Source [MEMC_total_connctns]','','task_item_id'),(170,'177708b37f503a2f332ce61482354097',63,'Data Source [MEMC_cmd_get]','','task_item_id'),(171,'3bec18ed7be10c496d3f8f1cc79703e2',63,'Data Source [MEMC_get_misses]','','task_item_id'),(172,'013a1b32612bbed7cf7229ef71d9d534',63,'Data Source [MEMC_cmd_set]','','task_item_id'),(173,'f81d4c3581f12eff7868a6db99b3c9bb',64,'Data Source [MEMC_bytes_read]','','task_item_id'),(174,'25c6873e7d172455af7e63df4af4cda4',64,'Data Source [MEMC_bytes_written]','','task_item_id'),(175,'ab2cbe79b01557c36352afd1eaf001ae',65,'Data Source [MONGODB_cnctd_clnts]','','task_item_id'),(176,'f2dee226b861bf39dc58b5fb3fa1dd73',66,'Data Source [MONGODB_sd_vrtl_mry]','','task_item_id'),(177,'a5259564a2276d3144040bd76c68eada',66,'Data Source [MONGODB_sd_mppd_mry]','','task_item_id'),(178,'fe2aeffb8d18fa9391ccf630536e89c1',66,'Data Source [MONGODB_sd_rsdntmry]','','task_item_id'),(179,'ffc07ecf670b764b62d6fbc4f00aafd5',67,'Data Source [MONGODB_op_inserts]','','task_item_id'),(180,'0809464faec2716c4787a4fa1b965de3',67,'Data Source [MONGODB_op_queries]','','task_item_id'),(181,'eeaf3ade030021fedbb7bc4d70d89c8a',67,'Data Source [MONGODB_op_updates]','','task_item_id'),(182,'7b43008e6542f24d6a80028ccde9f1f7',67,'Data Source [MONGODB_op_deletes]','','task_item_id'),(183,'90c5838af8ee40db97aaff231ab73aae',67,'Data Source [MONGODB_op_getmores]','','task_item_id'),(184,'6d2dffd5d3fdf06261b5f9422c2c3ba8',67,'Data Source [MONGODB_op_commands]','','task_item_id'),(185,'17b21983485cefe0f7da73a4a09bb22d',68,'Data Source [MONGODB_index_ccsss]','','task_item_id'),(186,'5c9b89a37b5eaa531b52ef1d9226a530',68,'Data Source [MONGODB_index_hits]','','task_item_id'),(187,'deac71554b636ea5c35f2c9b86c0820b',68,'Data Source [MONGODB_index_misss]','','task_item_id'),(188,'220f45219b14bbbc12fd2b8989344d94',68,'Data Source [MONGODB_index_rests]','','task_item_id'),(189,'5d33123f415d387e5ab98ab57cc2b610',69,'Data Source [MONGODB_back_flushs]','','task_item_id'),(190,'29d91f2f9c237cc23226aa1a0c3c87f3',69,'Data Source [MONGODB_back_ttl_ms]','','task_item_id'),(191,'e7338014c96a82013322354a0af0c05d',69,'Data Source [MONGODB_bck_vrge_ms]','','task_item_id'),(192,'81f896a1c462772b06f92260245ee932',69,'Data Source [MONGODB_back_lst_ms]','','task_item_id'),(193,'11d87247f56ee928868697c303e8ec9c',70,'Data Source [MONGODB_slave_lag]','','task_item_id'),(194,'f484b257047b3ab261580da8ddcaf8fd',71,'Data Source [Key_read_requests]','','task_item_id'),(195,'2cfc324a82b8c918e1fd67612774bab6',71,'Data Source [Key_reads]','','task_item_id'),(196,'2019cf675a9165f434d82cbc32ecacba',71,'Data Source [Key_write_requests]','','task_item_id'),(197,'53c3d65940830e321c55810fc85169b3',71,'Data Source [Key_writes]','','task_item_id'),(198,'c3c2cd1be90160a7fb27cd2e1504bd2c',72,'Data Source [key_buffer_size]','','task_item_id'),(199,'e7e8e7a409927662ab71e8293f4e22cf',72,'Data Source [Key_buf_bytes_used]','','task_item_id'),(200,'fc4be251a316ed41cf238cc28e39c4ea',72,'Data Source [Key_buf_byts_nflshd]','','task_item_id'),(201,'f906f3d68b49e589e081fb085e83089d',73,'Data Source [pool_size]','','task_item_id'),(202,'be85ea3950fbbe126c3aeacaa2a5a4d8',73,'Data Source [database_pages]','','task_item_id'),(203,'c9e44501db4a48a64aa7f9f57f19e6c2',73,'Data Source [free_pages]','','task_item_id'),(204,'e03c043984260b32f3a7b268f708f3bb',73,'Data Source [modified_pages]','','task_item_id'),(205,'e2f484fd5cbee38917422684c9ca0442',74,'Data Source [file_reads]','','task_item_id'),(206,'5f41257968f9e61929e172bb1f194b87',74,'Data Source [file_writes]','','task_item_id'),(207,'7d0623bc0cad011afa1e214bd6e87afa',74,'Data Source [log_writes]','','task_item_id'),(208,'3584bf8381d2e4973fddeb22b3097118',74,'Data Source [file_fsyncs]','','task_item_id'),(209,'7278955f512cc96c589fd18bc99575b6',75,'Data Source [ibuf_inserts]','','task_item_id'),(210,'a311fa6813a472c14c5d0a9d828d5e8d',75,'Data Source [ibuf_merged]','','task_item_id'),(211,'6f1a86c5aede4a876fd1e0894ccd2128',75,'Data Source [ibuf_merges]','','task_item_id'),(212,'7e66211a2cd75c7f439416471bee8223',76,'Data Source [ibuf_cell_count]','','task_item_id'),(213,'04323ea594d7a01d927fd3dd1d4248af',76,'Data Source [ibuf_used_cells]','','task_item_id'),(214,'26c4c495bf57b0a252db73dc2c6f5d69',76,'Data Source [ibuf_free_cells]','','task_item_id'),(215,'7edef579a44e13e7d8d9d0c64dc017e9',77,'Data Source [spin_rounds]','','task_item_id'),(216,'aea1087ceb7cfcfe0d740963cfa0d665',77,'Data Source [spin_waits]','','task_item_id'),(217,'af25fd1eccacd2424d04fa05a0af3860',77,'Data Source [os_waits]','','task_item_id'),(218,'7150e8b80b83294b0c1cb4ea46547f5d',78,'Data Source [rows_read]','','task_item_id'),(219,'194a1e647ad1121127045452016ff5b6',78,'Data Source [rows_deleted]','','task_item_id'),(220,'d628d573cbd54ef6fd5b82e8b5c108a9',78,'Data Source [rows_updated]','','task_item_id'),(221,'8e7f17e23e138b5e7e72953427125d31',78,'Data Source [rows_inserted]','','task_item_id'),(222,'24a0286b9701b096d8e9bce7349415fe',79,'Data Source [Table_locks_immedit]','','task_item_id'),(223,'6ecafa71d88f2bc55e538de70d4acb0d',79,'Data Source [Table_locks_immedit]','','task_item_id'),(224,'7c91fa1049359d97a4712ee9bd8bb77b',79,'Data Source [Table_locks_waited]','','task_item_id'),(225,'e7d0baf302666d74ddd60e5b9c948f2d',79,'Data Source [Slow_queries]','','task_item_id'),(226,'50589e7471a62f3bda9cbad35c924911',80,'Data Source [max_connections]','','task_item_id'),(227,'2611c283ed660a2e322f2d65c680c17d',80,'Data Source [Max_used_connectins]','','task_item_id'),(228,'338f230b1dd367367edcfe4d1f531b97',80,'Data Source [Aborted_clients]','','task_item_id'),(229,'df04c04decc0d980c4a89b82c03b137b',80,'Data Source [Aborted_connects]','','task_item_id'),(230,'8df1cf31d465732c00a6bea23bebba59',80,'Data Source [Threads_connected]','','task_item_id'),(231,'7741c194222128f0500731b647c16649',80,'Data Source [Connections]','','task_item_id'),(232,'a5f308d8a2aabc496827e6e6a00ee506',81,'Data Source [slave_running]','','task_item_id'),(233,'6fc67062ef86f3d85a47718e61f6fd44',81,'Data Source [slave_stopped]','','task_item_id'),(234,'181079bd634a83dc2e3c990566b7f6f4',81,'Data Source [slave_lag]','','task_item_id'),(235,'f57b1923f09d96674373acea6a5d9077',81,'Data Source [Slave_open_tmp_tbls]','','task_item_id'),(236,'b647396138eb073b819e0aa3440c4051',81,'Data Source [Slave_rtrd_trnsctns]','','task_item_id'),(237,'7aceba22cf349da0d82e5ea077c8b9fd',82,'Data Source [Qcache_queris_n_cch]','','task_item_id'),(238,'d8237fa1ec411d3b42697848c387c6f9',82,'Data Source [Qcache_hits]','','task_item_id'),(239,'a9448f5e64503d20c160c24b8228c383',82,'Data Source [Qcache_inserts]','','task_item_id'),(240,'a3de5c8b0fcc27dfcbda713c876ebb5f',82,'Data Source [Qcache_not_cached]','','task_item_id'),(241,'770dded6a3b71a7d37e3c844823e4025',82,'Data Source [Qcache_lowmem_pruns]','','task_item_id'),(242,'91823d0529e0b2f9846986ebc2860ab1',83,'Data Source [query_cache_size]','','task_item_id'),(243,'43a1cef6421624b531dffc0b3a2da522',83,'Data Source [Qcache_free_memory]','','task_item_id'),(244,'6104587506c44bd63d64624b5b803fa5',83,'Data Source [Qcache_total_blocks]','','task_item_id'),(245,'889e70a8f05046d9fa0a9eca58bd4748',83,'Data Source [Qcache_free_blocks]','','task_item_id'),(246,'be889f8b879844da506c52d9f39daea1',84,'Data Source [Questions]','','task_item_id'),(247,'cd6a0dc641793402ed3f207460650055',84,'Data Source [Com_select]','','task_item_id'),(248,'d0a2a221567b305bba373419792b09ae',84,'Data Source [Com_delete]','','task_item_id'),(249,'fae604e384e38ebf0ab722abfc9561ad',84,'Data Source [Com_insert]','','task_item_id'),(250,'2bd124023b6b9955d715639df7f7aed9',84,'Data Source [Com_update]','','task_item_id'),(251,'6858890ada867464dc888d1970811d7b',84,'Data Source [Com_replace]','','task_item_id'),(252,'a322127279c5bc6417128c8dcc066165',84,'Data Source [Com_load]','','task_item_id'),(253,'db6ff8e6d69dfdbafe3ad2c7f280fb30',84,'Data Source [Com_delete_multi]','','task_item_id'),(254,'9323443afa8cfd251f1572649224eb01',84,'Data Source [Com_insert_select]','','task_item_id'),(255,'2ca0cda8eaa8b7caae5137f6189b952c',84,'Data Source [Com_update_multi]','','task_item_id'),(256,'8e8a0b70dbc38a49d1da9a9ee388f0e0',84,'Data Source [Com_replace_select]','','task_item_id'),(257,'3184877202177ddf1520a3dd940ebfee',85,'Data Source [Select_full_join]','','task_item_id'),(258,'4dee3586ccfc06f6bf79151dc16194bb',85,'Data Source [Select_full_rnge_jn]','','task_item_id'),(259,'188625bca767113e15ac8dfe23168c8b',85,'Data Source [Select_range]','','task_item_id'),(260,'1cbd9ef9edbb133faac45d3569bec43d',85,'Data Source [Select_range_check]','','task_item_id'),(261,'4022ff8b06445f87b390aee8a4b40f8f',85,'Data Source [Select_scan]','','task_item_id'),(262,'72497b7d5be76fce56f822772b8e805d',86,'Data Source [Sort_rows]','','task_item_id'),(263,'f2b2217507185f947ea6c602c9b21f62',86,'Data Source [Sort_range]','','task_item_id'),(264,'4c62753dbd0d3316a68e8767736eeafb',86,'Data Source [Sort_merge_passes]','','task_item_id'),(265,'b2880639594f7369f799d929c88075d3',86,'Data Source [Sort_scan]','','task_item_id'),(266,'2945647fa55b9bdf8cc1e5609def2e9d',87,'Data Source [Created_tmp_tables]','','task_item_id'),(267,'7483f01bfb45e25d5e54fe62453868c5',87,'Data Source [Created_tmp_tables]','','task_item_id'),(268,'180f6e2087960c02c28c76d1a5ac9e62',87,'Data Source [Creatd_tmp_dsk_tbls]','','task_item_id'),(269,'72e7be19411f56a842ff6f6750d869b9',87,'Data Source [Created_tmp_files]','','task_item_id'),(270,'8ed92b8475d41190916698bd2d1b7ee8',88,'Data Source [Bytes_sent]','','task_item_id'),(271,'c9f94e412128b87e087ed71acae6e8bf',88,'Data Source [Bytes_received]','','task_item_id'),(272,'b08541be08d8e4146687258bc7ff8b46',89,'Data Source [pages_created]','','task_item_id'),(273,'209b3c52d1bf4a9761763d50106ad18f',89,'Data Source [pages_read]','','task_item_id'),(274,'7cf26da81167d0e134656db4c99eb5c5',89,'Data Source [pages_written]','','task_item_id'),(275,'7493f6d8f76a153776a88f5a6f666a13',90,'Data Source [pending_aio_log_ios]','','task_item_id'),(276,'e955f91fd53a930265dba9f8a914e175',90,'Data Source [pending_aio_sync_is]','','task_item_id'),(277,'8e5357a55cff955f9c8db282c34cf2e8',90,'Data Source [pending_bf_pl_flshs]','','task_item_id'),(278,'cfa5c2f2a1f32768cc33a7f25eb4cf4a',90,'Data Source [pending_chkp_writes]','','task_item_id'),(279,'5a1674a64952edebf879f1f2fe2aba34',90,'Data Source [pending_ibuf_ao_rds]','','task_item_id'),(280,'4c5423739f98cf85840453df9b0519b2',90,'Data Source [pending_log_flushes]','','task_item_id'),(281,'2cd0b5b4b922ec7b2cb99dbf5e0911c3',90,'Data Source [pending_log_writes]','','task_item_id'),(282,'8b51ea18d0cc77ab651bfd48232cddd8',90,'Data Source [pending_norml_o_rds]','','task_item_id'),(283,'986515db8bb6608b4b0f2f355338745e',90,'Data Source [pending_nrml_o_wrts]','','task_item_id'),(284,'ec517d1a0d799256d51ed86a5f120cbd',91,'Data Source [innodb_log_buffr_sz]','','task_item_id'),(285,'53ce75974570c9813f54b084a7bf6a39',91,'Data Source [log_bytes_written]','','task_item_id'),(286,'190d0a214749165d2a62eb85f777193a',91,'Data Source [log_bytes_flushed]','','task_item_id'),(287,'f2096cbd131d5266428948955148d048',91,'Data Source [unflushed_log]','','task_item_id'),(288,'02afd2d630540b961ffe2632b16b03e3',92,'Data Source [Binlog_cache_use]','','task_item_id'),(289,'0f8e0c480652891104e4953236ec09ca',92,'Data Source [Binlog_cache_disk_s]','','task_item_id'),(290,'90c7c6b6e6021590e34f17fc8ccb9ae5',92,'Data Source [binary_log_space]','','task_item_id'),(291,'4dab3bd0d207740456cc634264a10389',92,'Data Source [relay_log_space]','','task_item_id'),(292,'069cf29a97e3f7d77f8b2e68e46ee6b9',93,'Data Source [innodb_transactions]','','task_item_id'),(293,'2e01f14ad096f43d2f6d5a6252a3a93d',93,'Data Source [history_list]','','task_item_id'),(294,'63340f5c2e8c6aacbb60b76f9c31f7dd',94,'Data Source [active_transactions]','','task_item_id'),(295,'bd80b16ce5ba5fcb43148d72c00fb033',94,'Data Source [locked_transactions]','','task_item_id'),(296,'e70327f4f272557d3e9312d31120f5bd',94,'Data Source [current_transactins]','','task_item_id'),(297,'6929089137f1c043c56a7031c9fb2f3c',94,'Data Source [read_views]','','task_item_id'),(298,'596a9024d617e8147db1b35eb81d788e',95,'Data Source [table_cache]','','task_item_id'),(299,'9fb0ec10218ffb8b2af05b34b11f3b60',95,'Data Source [Open_tables]','','task_item_id'),(300,'af228524aa3afe1ad25583c3ad5b5de6',95,'Data Source [Open_files]','','task_item_id'),(301,'6528d45ff1964bc03ecd95d50e4b9ecf',95,'Data Source [Opened_tables]','','task_item_id'),(302,'9a0cd2d2c00a75f2c670ad865886b49a',96,'Data Source [thread_cache_size]','','task_item_id'),(303,'40370e70a9191e3393a230087e32c465',96,'Data Source [Threads_connected]','','task_item_id'),(304,'d5f789f7d6ac0921b2d5d2466186da10',96,'Data Source [Threads_running]','','task_item_id'),(305,'d16f2abaed115fcdbf5a95bb281519d2',96,'Data Source [Threads_created]','','task_item_id'),(306,'9b3689607465e658bd4471aa8ad523be',96,'Data Source [Threads_cached]','','task_item_id'),(307,'28e22b5f2795ade2ebaded0d6b440f92',97,'Data Source [total_mem_alloc]','','task_item_id'),(308,'2feae819090aa43c2fe341470e2a1c65',97,'Data Source [additional_pool_llc]','','task_item_id'),(309,'c6eceb78aa9dcf4bdc74760fe88bb032',98,'Data Source [hash_index_clls_ttl]','','task_item_id'),(310,'396c61c1e39e7593b3a285f6f57bc3c2',98,'Data Source [hash_index_cells_sd]','','task_item_id'),(311,'cf2c60f46ab8da891254cf883003be1a',99,'Data Source [adaptive_hash_memry]','','task_item_id'),(312,'7eb1d7bdc01e8c50f2a19a18dd10ea49',99,'Data Source [page_hash_memory]','','task_item_id'),(313,'e37d6ba5b1f81ce6970acb0be95f5ffd',99,'Data Source [dictionry_cche_mmry]','','task_item_id'),(314,'037249cb07c97a5324bf5d48b2c88b6a',99,'Data Source [file_system_memory]','','task_item_id'),(315,'f248f1fd906cca291996246bddbfcaa9',99,'Data Source [lock_system_memory]','','task_item_id'),(316,'2f5aee8b0b382b972511bc22441f8173',99,'Data Source [recovery_systm_mmry]','','task_item_id'),(317,'4b78eed30d7034117ea5cfde55be7b28',99,'Data Source [thread_hash_memory]','','task_item_id'),(318,'468122292be1cfd0fc26307953b2ac57',100,'Data Source [innodb_tables_in_us]','','task_item_id'),(319,'73b5c9071009f7a8466beb2829257b7e',100,'Data Source [innodb_locked_tabls]','','task_item_id'),(320,'96c96847d6061283484aa28da332256e',101,'Data Source [innodb_lock_wat_scs]','','task_item_id'),(321,'0c2fa57d68c3fbe855e98baaabee642d',102,'Data Source [innodb_lock_structs]','','task_item_id'),(322,'e5e6512d8f8f1f810719f7ad298be14f',103,'Data Source [uncheckpointed_byts]','','task_item_id'),(323,'b3a1710a00fb372febf2c26e56510dcd',104,'Data Source [Innodb_row_lock_tim]','','task_item_id'),(324,'be4570e97a05172280ed8034f0cd3e8b',105,'Data Source [Innodb_row_lock_wts]','','task_item_id'),(325,'07dcdb59507ab32a6fd117565417a5fa',106,'Data Source [innodb_sem_waits]','','task_item_id'),(326,'c6119f5afc4d2ca926985bbd11a57070',107,'Data Source [innodb_sm_wt_tme_ms]','','task_item_id'),(327,'2593d88dd37699174f0cd379534e7505',108,'Data Source [State_closing_tabls]','','task_item_id'),(328,'8c8c2061826cb28dd5500980db52e3be',108,'Data Source [Ste_cpyng_to_tp_tbl]','','task_item_id'),(329,'4f4f681922cd6433ee98d16b27c21d91',108,'Data Source [State_end]','','task_item_id'),(330,'4a60b132ee85330ec38183861dc07b9b',108,'Data Source [State_freeing_items]','','task_item_id'),(331,'6d8013762a2ebf0eccd6f9531606d3c3',108,'Data Source [State_init]','','task_item_id'),(332,'ee33dbad8ead21395624017d45d266b2',108,'Data Source [State_locked]','','task_item_id'),(333,'5f3c642de0b3b57c9a79e41d9b8b23a3',108,'Data Source [State_login]','','task_item_id'),(334,'7e75a83939219e73454424ff7aa6c8a9',108,'Data Source [State_preparing]','','task_item_id'),(335,'bb98cff358b7e1953b86f94a37fb14a2',108,'Data Source [State_readng_frm_nt]','','task_item_id'),(336,'160af8a5e0137bac65f8690794ccb77a',108,'Data Source [State_sending_data]','','task_item_id'),(337,'9091f4f27efa7bab803e372aa016a1d7',108,'Data Source [State_sorting_reslt]','','task_item_id'),(338,'57a9fb98d75005322d1d1f7804a2159f',108,'Data Source [State_statistics]','','task_item_id'),(339,'ef3388f1ab2690748a415e42ee6ad61c',108,'Data Source [State_updating]','','task_item_id'),(340,'44c093e23d682f4ef2e0558cb2a16d7f',108,'Data Source [State_writing_to_nt]','','task_item_id'),(341,'d9072b703a748f0ac39265d6570536e4',108,'Data Source [State_none]','','task_item_id'),(342,'bc4b35c1f300fbb2319303a394da2608',108,'Data Source [State_other]','','task_item_id'),(343,'6f563616f5aaead73e6a15cdefe9f337',109,'Data Source [Handler_commit]','','task_item_id'),(344,'995825c835aa757f00cfab801086c6a8',109,'Data Source [Handler_rollback]','','task_item_id'),(345,'ce7bb4f77fbb7e61f5356236b341e47e',109,'Data Source [Handler_savepoint]','','task_item_id'),(346,'06287c10de71eca5b83d58afcb3ce91d',109,'Data Source [Handlr_svpnt_rllbck]','','task_item_id'),(347,'c77eb9494dd806f737474340b8537a5f',110,'Data Source [Handler_write]','','task_item_id'),(348,'6920f18a96825890cf8a4bc2d54fb41e',110,'Data Source [Handler_update]','','task_item_id'),(349,'552439252e667bb86e141dc15a6d4086',110,'Data Source [Handler_delete]','','task_item_id'),(350,'e6cdd3211372b3a9663a178435e5567a',110,'Data Source [Handler_read_first]','','task_item_id'),(351,'8907324707af53aef274db82bf4b9d3d',110,'Data Source [Handler_read_key]','','task_item_id'),(352,'dded9e8d00f4bdb6435ea5f994a1881d',110,'Data Source [Handler_read_next]','','task_item_id'),(353,'fa43e5839105807fb6ceedb09f5fff2a',110,'Data Source [Handler_read_prev]','','task_item_id'),(354,'5ae0d9ae4d9ef991f8e8fdde8ed3ca78',110,'Data Source [Handler_read_rnd]','','task_item_id'),(355,'dd9000583e15a2ca9680401a1184ac68',110,'Data Source [Handler_red_rnd_nxt]','','task_item_id'),(356,'ef2e486e602e10ab8f45ea7c0ae3e140',111,'Data Source [Query_time_count_00]','','task_item_id'),(357,'66d850a77bf2ed407ec8924138ac6cdc',111,'Data Source [Query_time_count_01]','','task_item_id'),(358,'049684f4e2f53323c6c9e1a00336a023',111,'Data Source [Query_time_count_02]','','task_item_id'),(359,'6045fa65ad84b40c528bdb9a2e1294b4',111,'Data Source [Query_time_count_03]','','task_item_id'),(360,'f8b0b7d51f51a5157f6f024b13c0b231',111,'Data Source [Query_time_count_04]','','task_item_id'),(361,'661d2fffdcdb28ac8b644049ba6aae93',111,'Data Source [Query_time_count_05]','','task_item_id'),(362,'f64439f6e71817759567278a4ba40a98',111,'Data Source [Query_time_count_06]','','task_item_id'),(363,'089b5798264efd31afa9f400bd1ae1d6',111,'Data Source [Query_time_count_07]','','task_item_id'),(364,'373ca98db6fcb659aab63393bdc8e961',111,'Data Source [Query_time_count_08]','','task_item_id'),(365,'e465397db63a8600e8aadbe69c8cae6b',111,'Data Source [Query_time_count_09]','','task_item_id'),(366,'b821b3c930e5f473e64bfd25e2916aae',111,'Data Source [Query_time_count_10]','','task_item_id'),(367,'df219db2e32afb8c07c7fe85d2bd072b',111,'Data Source [Query_time_count_11]','','task_item_id'),(368,'ebd17bdec743effb94aaded4c85c060d',111,'Data Source [Query_time_count_12]','','task_item_id'),(369,'51cc45d3cdfaea3fe029df3f390065de',111,'Data Source [Query_time_count_13]','','task_item_id'),(370,'99aa486f91709bc20cf1c1050018db48',112,'Data Source [Query_time_total_00]','','task_item_id'),(371,'4be2a3660afc95af68d8a1c83d9e1cc5',112,'Data Source [Query_time_total_01]','','task_item_id'),(372,'9a0644da9d8b728abd7227ded91d1d45',112,'Data Source [Query_time_total_02]','','task_item_id'),(373,'1fc535b0b5038a548255ac78a8161a26',112,'Data Source [Query_time_total_03]','','task_item_id'),(374,'cc56da9fc3c7064621b6af10f00f8cef',112,'Data Source [Query_time_total_04]','','task_item_id'),(375,'71cd5f97e18438773169bddb96009af1',112,'Data Source [Query_time_total_05]','','task_item_id'),(376,'722d00fac05125272144bfe6667b7d37',112,'Data Source [Query_time_total_06]','','task_item_id'),(377,'7d046c351673cb06b08c77e564ae17ec',112,'Data Source [Query_time_total_07]','','task_item_id'),(378,'53ff368c219b4a7247e946d039d8ffd8',112,'Data Source [Query_time_total_08]','','task_item_id'),(379,'7bf8545736c41717fcb98bd788612807',112,'Data Source [Query_time_total_09]','','task_item_id'),(380,'44e7a4a802976e81180e7668b8b88533',112,'Data Source [Query_time_total_10]','','task_item_id'),(381,'2219c7a4b8af339e561444131fc0f072',112,'Data Source [Query_time_total_11]','','task_item_id'),(382,'53eb5638f75fac7e0c7db3dd8f301ff2',112,'Data Source [Query_time_total_12]','','task_item_id'),(383,'d423a5a09d88e35096518e480e16f055',112,'Data Source [Query_time_total_13]','','task_item_id'),(384,'97a6ba20380c2661ebfb32a5b0975ee2',113,'Data Source [pool_read_requests]','','task_item_id'),(385,'655c03f0a4fddacac153607dfd51a238',113,'Data Source [pool_reads]','','task_item_id'),(386,'b5d2331fb7e6c8a39dd404003278b1f0',114,'Data Source [NGINX_server_reqsts]','','task_item_id'),(387,'c4d539e49ca6f0e100178d1882329f13',115,'Data Source [NGINX_server_accpts]','','task_item_id'),(388,'c8b632a4f6bdc6c354cba7e4109e8ce5',115,'Data Source [NGINX_server_handld]','','task_item_id'),(389,'e020bd96b8f8783a5f1f2d1217141352',116,'Data Source [NGINX_reading]','','task_item_id'),(390,'9bbd0591b6f3630f9b2dacebf8a80f88',116,'Data Source [NGINX_writing]','','task_item_id'),(391,'9d024c0fb2e60834ae1fd6c8dde8b034',116,'Data Source [NGINX_waiting]','','task_item_id'),(392,'575c4f0c4152fd2eed54dde7275db1ff',116,'Data Source [NGINX_actve_cnnctns]','','task_item_id');
/*!40000 ALTER TABLE `graph_template_input` ENABLE KEYS */;
UNLOCK TABLES;

--
-- Table structure for table `graph_template_input_defs`
--

DROP TABLE IF EXISTS `graph_template_input_defs`;
/*!40101 SET @saved_cs_client     = @@character_set_client */;
/*!40101 SET character_set_client = utf8 */;
CREATE TABLE `graph_template_input_defs` (
  `graph_template_input_id` mediumint(8) unsigned NOT NULL DEFAULT '0',
  `graph_template_item_id` int(12) unsigned NOT NULL DEFAULT '0',
  PRIMARY KEY (`graph_template_input_id`,`graph_template_item_id`),
  KEY `graph_template_input_id` (`graph_template_input_id`)
) ENGINE=MyISAM DEFAULT CHARSET=latin1 COMMENT='Stores the relationship for what graph iitems are associated';
/*!40101 SET character_set_client = @saved_cs_client */;

--
-- Dumping data for table `graph_template_input_defs`
--

LOCK TABLES `graph_template_input_defs` WRITE;
/*!40000 ALTER TABLE `graph_template_input_defs` DISABLE KEYS */;
INSERT INTO `graph_template_input_defs` VALUES (3,9),(3,10),(3,11),(3,12),(4,13),(4,14),(4,15),(4,16),(55,180),(55,181),(55,182),(55,183),(56,184),(56,185),(56,186),(56,187),(57,188),(57,189),(57,190),(57,191),(58,192),(58,193),(58,194),(58,195),(59,196),(59,197),(59,198),(59,199),(60,200),(60,201),(60,202),(60,203),(61,204),(61,205),(61,206),(61,207),(62,208),(62,209),(62,210),(62,211),(63,212),(63,213),(63,214),(63,215),(64,216),(64,217),(64,218),(64,219),(65,307),(65,308),(65,309),(65,310),(66,303),(66,304),(66,305),(66,306),(67,315),(67,316),(67,317),(67,318),(68,315),(69,319),(69,320),(69,321),(69,322),(70,319),(71,323),(71,324),(71,325),(71,326),(72,323),(74,362),(74,363),(74,364),(74,365),(75,366),(75,367),(75,368),(75,369),(75,371),(75,372),(76,373),(76,374),(76,375),(76,376),(76,383),(77,377),(77,378),(77,379),(77,380),(77,384),(78,385),(78,386),(78,387),(78,388),(78,393),(79,389),(79,390),(79,391),(79,392),(79,394),(81,407),(81,408),(81,409),(81,410),(82,407),(83,407),(84,411),(84,412),(84,413),(84,414),(85,415),(85,416),(85,417),(85,418),(86,419),(86,420),(86,421),(86,422),(87,423),(88,424),(88,425),(88,426),(88,427),(89,428),(89,429),(89,430),(89,431),(90,432),(90,433),(90,434),(90,435),(91,436),(91,437),(91,438),(91,439),(92,440),(92,441),(92,442),(92,443),(93,444),(93,445),(93,446),(93,447),(94,448),(94,449),(94,450),(94,451),(95,452),(95,453),(95,454),(95,455),(96,456),(96,457),(96,458),(96,459),(97,460),(97,461),(97,462),(97,463),(98,464),(98,465),(98,466),(98,467),(99,468),(99,469),(99,470),(99,471),(100,472),(100,473),(100,474),(100,475),(101,476),(101,477),(101,478),(101,479),(102,480),(102,481),(102,482),(102,483),(103,484),(103,485),(103,486),(103,487),(104,488),(104,489),(104,490),(104,491),(105,492),(105,493),(105,494),(105,495),(106,496),(106,497),(106,498),(106,499),(107,500),(107,501),(107,502),(107,503),(108,504),(108,505),(108,506),(108,507),(109,508),(109,509),(109,510),(109,511),(110,512),(110,513),(110,514),(110,515),(111,516),(111,517),(111,518),(111,519),(112,520),(112,521),(112,522),(112,523),(113,524),(113,525),(113,526),(113,527),(114,528),(114,529),(114,530),(114,531),(115,532),(115,533),(115,534),(115,535),(116,536),(116,537),(116,538),(116,539),(117,540),(117,541),(117,542),(117,543),(118,544),(118,545),(118,546),(118,547),(119,548),(119,549),(119,550),(119,551),(120,552),(120,553),(120,554),(120,555),(121,556),(121,557),(121,558),(121,559),(122,560),(122,561),(122,562),(122,563),(123,564),(123,565),(123,566),(123,567),(124,568),(124,569),(124,570),(124,571),(125,572),(125,573),(125,574),(125,575),(126,576),(126,577),(126,578),(126,579),(127,580),(127,581),(127,582),(127,583),(128,584),(128,585),(128,586),(128,587),(129,588),(129,589),(129,590),(129,591),(130,592),(131,593),(132,594),(132,595),(132,596),(132,597),(133,598),(133,599),(133,600),(133,601),(134,602),(134,603),(134,604),(134,605),(135,606),(135,607),(135,608),(135,609),(136,610),(136,611),(136,612),(136,613),(137,614),(137,615),(137,616),(137,617),(138,618),(138,619),(138,620),(138,621),(139,622),(139,623),(139,624),(139,625),(140,626),(140,627),(140,628),(140,629),(141,630),(141,631),(141,632),(141,633),(142,634),(142,635),(142,636),(142,637),(143,638),(143,639),(143,640),(143,641),(144,642),(144,643),(144,644),(144,645),(145,646),(145,647),(145,648),(145,649),(146,650),(146,651),(146,652),(146,653),(147,654),(147,655),(147,656),(147,657),(148,658),(148,659),(148,660),(148,661),(149,662),(149,663),(149,664),(149,665),(150,666),(150,667),(150,668),(150,669),(151,670),(151,671),(151,672),(151,673),(152,674),(152,675),(152,676),(152,677),(153,678),(153,679),(153,680),(153,681),(154,682),(154,683),(154,684),(154,685),(155,686),(155,687),(155,688),(155,689),(156,690),(156,691),(156,692),(156,693),(157,694),(157,695),(157,696),(157,697),(158,698),(158,699),(158,700),(158,701),(159,702),(159,703),(159,704),(159,705),(160,706),(160,707),(160,708),(160,709),(161,710),(161,711),(161,712),(161,713),(162,714),(162,715),(162,716),(162,717),(163,718),(163,719),(163,720),(163,721),(164,722),(164,723),(164,724),(164,725),(165,726),(165,727),(165,728),(165,729),(166,730),(166,731),(166,732),(166,733),(167,734),(167,735),(167,736),(167,737),(168,738),(168,739),(168,740),(168,741),(169,742),(169,743),(169,744),(169,745),(170,746),(170,747),(170,748),(170,749),(171,750),(171,751),(171,752),(171,753),(172,754),(172,755),(172,756),(172,757),(173,758),(173,759),(173,760),(173,761),(174,762),(174,763),(174,764),(174,765),(175,766),(175,767),(175,768),(175,769),(176,770),(176,771),(176,772),(176,773),(177,774),(177,775),(177,776),(177,777),(178,778),(178,779),(178,780),(178,781),(179,782),(179,783),(179,784),(179,785),(180,786),(180,787),(180,788),(180,789),(181,790),(181,791),(181,792),(181,793),(182,794),(182,795),(182,796),(182,797),(183,798),(183,799),(183,800),(183,801),(184,802),(184,803),(184,804),(184,805),(185,806),(185,807),(185,808),(185,809),(186,810),(186,811),(186,812),(186,813),(187,814),(187,815),(187,816),(187,817),(188,818),(188,819),(188,820),(188,821),(189,822),(189,823),(189,824),(189,825),(190,826),(190,827),(190,828),(190,829),(191,830),(191,831),(191,832),(191,833),(192,834),(192,835),(192,836),(192,837),(193,838),(193,839),(193,840),(193,841),(194,842),(194,843),(194,844),(194,845),(195,846),(195,847),(195,848),(195,849),(196,850),(196,851),(196,852),(196,853),(197,854),(197,855),(197,856),(197,857),(198,858),(198,859),(198,860),(198,861),(199,862),(199,863),(199,864),(199,865),(200,866),(200,867),(200,868),(200,869),(201,870),(201,871),(202,872),(202,873),(202,874),(202,875),(203,876),(203,877),(203,878),(203,879),(204,880),(204,881),(204,882),(204,883),(205,884),(205,885),(205,886),(205,887),(206,888),(206,889),(206,890),(206,891),(207,892),(207,893),(207,894),(207,895),(208,896),(208,897),(208,898),(208,899),(209,900),(209,901),(209,902),(209,903),(210,904),(210,905),(210,906),(210,907),(211,908),(211,909),(211,910),(211,911),(212,912),(212,913),(212,914),(212,915),(213,916),(213,917),(213,918),(213,919),(214,920),(214,921),(214,922),(214,923),(215,924),(215,925),(215,926),(215,927),(216,928),(216,929),(216,930),(216,931),(217,932),(217,933),(217,934),(217,935),(218,936),(218,937),(218,938),(218,939),(219,940),(219,941),(219,942),(219,943),(220,944),(220,945),(220,946),(220,947),(221,948),(221,949),(221,950),(221,951),(222,952),(223,953),(223,954),(223,955),(223,956),(224,957),(224,958),(224,959),(224,960),(225,961),(225,962),(225,963),(225,964),(226,965),(226,966),(227,967),(227,968),(228,969),(228,970),(228,971),(228,972),(229,973),(229,974),(229,975),(229,976),(230,977),(230,978),(230,979),(230,980),(231,981),(231,982),(231,983),(231,984),(232,985),(233,986),(234,987),(234,988),(234,989),(234,990),(235,991),(235,992),(235,993),(235,994),(236,995),(236,996),(236,997),(236,998),(237,999),(237,1000),(237,1001),(237,1002),(238,1003),(238,1004),(238,1005),(238,1006),(239,1007),(239,1008),(239,1009),(239,1010),(240,1011),(240,1012),(240,1013),(240,1014),(241,1015),(241,1016),(241,1017),(241,1018),(242,1019),(242,1020),(242,1021),(242,1022),(243,1023),(243,1024),(243,1025),(243,1026),(244,1027),(244,1028),(244,1029),(244,1030),(245,1031),(245,1032),(245,1033),(245,1034),(246,1035),(246,1036),(246,1037),(246,1038),(247,1039),(247,1040),(247,1041),(247,1042),(248,1043),(248,1044),(248,1045),(248,1046),(249,1047),(249,1048),(249,1049),(249,1050),(250,1051),(250,1052),(250,1053),(250,1054),(251,1055),(251,1056),(251,1057),(251,1058),(252,1059),(252,1060),(252,1061),(252,1062),(253,1063),(253,1064),(253,1065),(253,1066),(254,1067),(254,1068),(254,1069),(254,1070),(255,1071),(255,1072),(255,1073),(255,1074),(256,1075),(256,1076),(256,1077),(256,1078),(257,1079),(257,1080),(257,1081),(257,1082),(258,1083),(258,1084),(258,1085),(258,1086),(259,1087),(259,1088),(259,1089),(259,1090),(260,1091),(260,1092),(260,1093),(260,1094),(261,1095),(261,1096),(261,1097),(261,1098),(262,1099),(262,1100),(262,1101),(262,1102),(263,1103),(263,1104),(263,1105),(263,1106),(264,1107),(264,1108),(264,1109),(264,1110),(265,1111),(265,1112),(265,1113),(265,1114),(266,1115),(267,1116),(267,1117),(267,1118),(267,1119),(268,1120),(268,1121),(268,1122),(268,1123),(269,1124),(269,1125),(269,1126),(269,1127),(270,1128),(270,1129),(270,1130),(270,1131),(271,1132),(271,1133),(271,1134),(271,1135),(272,1136),(272,1137),(272,1138),(272,1139),(273,1140),(273,1141),(273,1142),(273,1143),(274,1144),(274,1145),(274,1146),(274,1147),(275,1148),(275,1149),(275,1150),(275,1151),(276,1152),(276,1153),(276,1154),(276,1155),(277,1156),(277,1157),(277,1158),(277,1159),(278,1160),(278,1161),(278,1162),(278,1163),(279,1164),(279,1165),(279,1166),(279,1167),(280,1168),(280,1169),(280,1170),(280,1171),(281,1172),(281,1173),(281,1174),(281,1175),(282,1176),(282,1177),(282,1178),(282,1179),(283,1180),(283,1181),(283,1182),(283,1183),(284,1184),(284,1185),(285,1186),(285,1187),(285,1188),(285,1189),(286,1190),(286,1191),(286,1192),(286,1193),(287,1194),(287,1195),(287,1196),(287,1197),(288,1198),(288,1199),(288,1200),(288,1201),(289,1202),(289,1203),(289,1204),(289,1205),(290,1206),(290,1207),(290,1208),(290,1209),(291,1210),(291,1211),(291,1212),(291,1213),(292,1214),(292,1215),(292,1216),(292,1217),(293,1218),(293,1219),(293,1220),(293,1221),(294,1222),(294,1223),(294,1224),(294,1225),(295,1226),(295,1227),(295,1228),(295,1229),(296,1230),(296,1231),(296,1232),(296,1233),(297,1234),(297,1235),(297,1236),(297,1237),(298,1238),(298,1239),(299,1240),(299,1241),(299,1242),(299,1243),(300,1244),(300,1245),(300,1246),(300,1247),(301,1248),(301,1249),(301,1250),(301,1251),(302,1252),(302,1253),(303,1254),(303,1255),(303,1256),(303,1257),(304,1258),(304,1259),(304,1260),(304,1261),(305,1262),(305,1263),(305,1264),(305,1265),(306,1266),(306,1267),(306,1268),(306,1269),(307,1270),(307,1271),(307,1272),(307,1273),(308,1274),(308,1275),(308,1276),(308,1277),(309,1278),(309,1279),(309,1280),(309,1281),(310,1282),(310,1283),(310,1284),(310,1285),(311,1286),(311,1287),(311,1288),(311,1289),(312,1290),(312,1291),(312,1292),(312,1293),(313,1294),(313,1295),(313,1296),(313,1297),(314,1298),(314,1299),(314,1300),(314,1301),(315,1302),(315,1303),(315,1304),(315,1305),(316,1306),(316,1307),(316,1308),(316,1309),(317,1310),(317,1311),(317,1312),(317,1313),(318,1314),(318,1315),(318,1316),(318,1317),(319,1318),(319,1319),(319,1320),(319,1321),(320,1322),(320,1323),(320,1324),(320,1325),(321,1326),(321,1327),(321,1328),(321,1329),(322,1330),(322,1331),(322,1332),(322,1333),(323,1334),(323,1335),(323,1336),(323,1337),(324,1338),(324,1339),(324,1340),(324,1341),(325,1342),(325,1343),(325,1344),(325,1345),(326,1346),(326,1347),(326,1348),(326,1349),(327,1350),(327,1351),(327,1352),(327,1353),(328,1354),(328,1355),(328,1356),(328,1357),(329,1358),(329,1359),(329,1360),(329,1361),(330,1362),(330,1363),(330,1364),(330,1365),(331,1366),(331,1367),(331,1368),(331,1369),(332,1370),(332,1371),(332,1372),(332,1373),(333,1374),(333,1375),(333,1376),(333,1377),(334,1378),(334,1379),(334,1380),(334,1381),(335,1382),(335,1383),(335,1384),(335,1385),(336,1386),(336,1387),(336,1388),(336,1389),(337,1390),(337,1391),(337,1392),(337,1393),(338,1394),(338,1395),(338,1396),(338,1397),(339,1398),(339,1399),(339,1400),(339,1401),(340,1402),(340,1403),(340,1404),(340,1405),(341,1406),(341,1407),(341,1408),(341,1409),(342,1410),(342,1411),(342,1412),(342,1413),(343,1414),(343,1415),(343,1416),(343,1417),(344,1418),(344,1419),(344,1420),(344,1421),(345,1422),(345,1423),(345,1424),(345,1425),(346,1426),(346,1427),(346,1428),(346,1429),(347,1430),(347,1431),(347,1432),(347,1433),(348,1434),(348,1435),(348,1436),(348,1437),(349,1438),(349,1439),(349,1440),(349,1441),(350,1442),(350,1443),(350,1444),(350,1445),(351,1446),(351,1447),(351,1448),(351,1449),(352,1450),(352,1451),(352,1452),(352,1453),(353,1454),(353,1455),(353,1456),(353,1457),(354,1458),(354,1459),(354,1460),(354,1461),(355,1462),(355,1463),(355,1464),(355,1465),(356,1466),(356,1467),(356,1468),(356,1469),(356,1470),(357,1471),(357,1472),(357,1473),(357,1474),(357,1475),(358,1476),(358,1477),(358,1478),(358,1479),(358,1480),(359,1481),(359,1482),(359,1483),(359,1484),(359,1485),(360,1486),(360,1487),(360,1488),(360,1489),(360,1490),(361,1491),(361,1492),(361,1493),(361,1494),(361,1495),(362,1496),(362,1497),(362,1498),(362,1499),(362,1500),(363,1501),(363,1502),(363,1503),(363,1504),(363,1505),(364,1506),(364,1507),(364,1508),(364,1509),(364,1510),(365,1511),(365,1512),(365,1513),(365,1514),(365,1515),(366,1516),(366,1517),(366,1518),(366,1519),(366,1520),(367,1521),(367,1522),(367,1523),(367,1524),(367,1525),(368,1526),(368,1527),(368,1528),(368,1529),(368,1530),(369,1531),(369,1532),(369,1533),(369,1534),(369,1535),(370,1536),(370,1537),(370,1538),(370,1539),(370,1540),(371,1541),(371,1542),(371,1543),(371,1544),(371,1545),(372,1546),(372,1547),(372,1548),(372,1549),(372,1550),(373,1551),(373,1552),(373,1553),(373,1554),(373,1555),(374,1556),(374,1557),(374,1558),(374,1559),(374,1560),(375,1561),(375,1562),(375,1563),(375,1564),(375,1565),(376,1566),(376,1567),(376,1568),(376,1569),(376,1570),(377,1571),(377,1572),(377,1573),(377,1574),(377,1575),(378,1576),(378,1577),(378,1578),(378,1579),(378,1580),(379,1581),(379,1582),(379,1583),(379,1584),(379,1585),(380,1586),(380,1587),(380,1588),(380,1589),(380,1590),(381,1591),(381,1592),(381,1593),(381,1594),(381,1595),(382,1596),(382,1597),(382,1598),(382,1599),(382,1600),(383,1601),(383,1602),(383,1603),(383,1604),(383,1605),(384,1606),(384,1607),(384,1608),(384,1609),(385,1610),(385,1611),(385,1612),(385,1613),(386,1614),(386,1615),(386,1616),(386,1617),(387,1618),(387,1619),(387,1620),(387,1621),(388,1622),(388,1623),(388,1624),(388,1625),(389,1626),(389,1627),(389,1628),(389,1629),(390,1630),(390,1631),(390,1632),(390,1633),(391,1634),(391,1635),(391,1636),(391,1637),(392,1638),(392,1639),(392,1640),(392,1641);
/*!40000 ALTER TABLE `graph_template_input_defs` ENABLE KEYS */;
UNLOCK TABLES;

--
-- Table structure for table `graph_templates`
--

DROP TABLE IF EXISTS `graph_templates`;
/*!40101 SET @saved_cs_client     = @@character_set_client */;
/*!40101 SET character_set_client = utf8 */;
CREATE TABLE `graph_templates` (
  `id` mediumint(8) unsigned NOT NULL AUTO_INCREMENT,
  `hash` char(32) NOT NULL DEFAULT '',
  `name` char(255) NOT NULL DEFAULT '',
  PRIMARY KEY (`id`),
  KEY `name` (`name`)
) ENGINE=MyISAM AUTO_INCREMENT=117 DEFAULT CHARSET=latin1 COMMENT='Contains each graph template name.';
/*!40101 SET character_set_client = @saved_cs_client */;

--
-- Dumping data for table `graph_templates`
--

LOCK TABLES `graph_templates` WRITE;
/*!40000 ALTER TABLE `graph_templates` DISABLE KEYS */;
INSERT INTO `graph_templates` VALUES (34,'010b90500e1fc6a05abfd542940584d0','SNMP - Generic OID Template'),(2,'5deb0d66c81262843dce5f3861be9966','Interface - Traffic (bits/sec)'),(54,'617aff4ec1c162eb6aa61bf2b9883388','Percona Network Traffic GT'),(53,'84d5bcafb112d1b05ce38ae69448ab55','Percona Disk Space GT'),(41,'314f0c9f2ceb25361f9bfd9949445227','Percona Context Switches GT'),(40,'877b481c048c01c3b4fcf9a2a4e3b049','Percona Interrupts GT'),(39,'f60b74bf26f749769ba25fc470e360ec','Percona Apache Scoreboard GT'),(38,'5b1a9e8542dcf1e5fdb71ae2457c4141','Percona Apache Workers GT'),(52,'e94c80be84e14bb25bc825837d9e4ea1','Percona Disk IOPS GT'),(37,'a5c83dfc0b52a746a93e4ebdcda326ef','Percona Apache CPU Load GT'),(51,'f362943640a3a7e6bff64115c8c98bed','Percona Disk Elapsed IO Time (ms) GT'),(36,'7a2e264c5d52cc8fe938beff86081f0e','Percona Apache Bytes GT'),(50,'da49174cbdd4a970a86cbec9e8600d8c','Percona Disk Read/Write Time per IO Request (ms) GT'),(49,'fce265d88717037e9ee5c29c2ce1b731','Percona Disk Read/Write Time (ms) GT'),(48,'68b1592488c6c82028feb32290f09b58','Percona Disk Sectors Read/Written GT'),(47,'8dbeb686adeeea59eeebc8ff9d0f8b64','Percona Disk Operations GT'),(46,'dac88e8c07e247f5219df1daf22b66b2','Percona Memory GT'),(35,'c919ea3bf4e1c5248aff68bda0225ff3','Percona Apache Requests GT'),(45,'5e1683831d8cccc1c9be772f3876915c','Percona Number of Users GT'),(44,'17504f05362a21d67dd96b0b189e3bfb','Percona Load Average GT'),(43,'507a9c78c52e367f438cad6fd2781716','Percona CPU Usage GT'),(22,'06621cd4a9289417cadcb8f9b5cfba80','Interface - Errors/Discards'),(23,'e0d1625a1f4776a5294583659d5cee15','Interface - Unicast Packets'),(24,'10ca5530554da7b73dc69d291bf55d38','Interface - Non-Unicast Packets'),(25,'df244b337547b434b486662c3c5c7472','Interface - Traffic (bytes/sec)'),(26,'7489e44466abee8a7d8636cb2cb14a1a','Host MIB - Available Disk Space'),(27,'c6bb62bedec4ab97f9db9fd780bd85a6','Host MIB - CPU Utilization'),(28,'e8462bbe094e4e9e814d4e681671ea82','Host MIB - Logged in Users'),(29,'62205afbd4066e5c4700338841e3901e','Host MIB - Processes'),(42,'31428f9961951a191c874d0298b9150a','Percona Forks GT'),(31,'1742b2066384637022d178cc5072905a','Interface - Traffic (bits/sec, 95th Percentile)'),(32,'13b47e10b2d5db45707d61851f69c52b','Interface - Traffic (bits/sec, Total Bandwidth)'),(33,'8ad6790c22b693680e041f21d62537ac','Interface - Traffic (bytes/sec, Total Bandwidth)'),(55,'2b7d92830bee46dc6443db7f8623a21e','Percona Network Errors GT'),(56,'31945ad0f24f9761195d3748c1ce3638','Percona Network Connection States GT'),(57,'e5c847a5205091e36d73928e2a9efb35','Percona Swap Usage GT'),(58,'e784abb2d43636a946444dfce47aa45c','Percona Memcached Rusage GT'),(59,'40966e5b6452f212558ceecd0db6e24c','Percona Memcached Current Items GT'),(60,'3a1e7c5299c374c29b3389c1853df0fc','Percona Memcached Additions and Evictions GT'),(61,'59b67cc5a5814cc321fd5a9a53a6bb19','Percona Memcached Memory GT'),(62,'a03d49b958b74ab1248163eaf43aed1f','Percona Memcached Connections GT'),(63,'741c6d14d6d407277e1f3cc30408594a','Percona Memcached Requests GT'),(64,'08bf12271056b783239647380d3f1d14','Percona Memcached Traffic GT'),(65,'601d44d082198ea8b27a67674bdb0c6a','Percona MongoDB Connections GT'),(66,'c558581ad6226c7c910c561dc6a0ab81','Percona MongoDB Memory GT'),(67,'8bc802a80c9321e8095e72c3171830a2','Percona MongoDB Commands GT'),(68,'1b1e03088fbd221860fef727c090113a','Percona MongoDB Index Ops GT'),(69,'66e9ab65f91018b77dd5ed335d9090f5','Percona MongoDB Background Flushes GT'),(70,'93989b7f3472d222a7093db6468b0c23','Percona MongoDB Slave Lag GT'),(71,'897a6779370783904f450f893291c399','Percona MyISAM Indexes GT'),(72,'f6c4f6f4c4a76edb463f6e3600edb82b','Percona MyISAM Key Cache GT'),(73,'077946bd544f4b3e515a19570363a8ad','Percona InnoDB Buffer Pool GT'),(74,'69880b8595e7b8b2bd8b3756eee45279','Percona InnoDB I/O GT'),(75,'0df9e87a907312de7f8afbe2ffec93dc','Percona InnoDB Insert Buffer GT'),(76,'902b76c7da4d21e3b27cb362eb8fe930','Percona InnoDB Insert Buffer Usage GT'),(77,'f49cdf4bc4c63ac73a1f348c1badf5cb','Percona InnoDB Semaphores GT'),(78,'1c3716cc7c1ab5b9eb8db1a66e242413','Percona InnoDB Row Operations GT'),(79,'21eedc2999d70ccca66f8c438773bd22','Percona MySQL Table Locks GT'),(80,'3bb8d8f8e1098aa38829373a8bee5520','Percona MySQL Connections GT'),(81,'c64622707606d0ba2f7d721f22910ef9','Percona MySQL Replication GT'),(82,'900203af2448443cee30f45d0ba1931e','Percona MySQL Query Cache GT'),(83,'4d1b4cb6388b98ce74511c0fb7d9aea4','Percona MySQL Query Cache Memory GT'),(84,'4311a4cab8c658b02da902ac0605145b','Percona MySQL Command Counters GT'),(85,'58c5d9a972b983a8525bfdecdf24ea57','Percona MySQL Select Types GT'),(86,'1cd29dabd1cc6f8e941d68453a8b20cb','Percona MySQL Sorts GT'),(87,'ffc0ac1530d49922b2b80e6b9ee0dc0c','Percona MySQL Temporary Objects GT'),(88,'3a72f928a8e55ef8976a85bb3a051882','Percona MySQL Network Traffic GT'),(89,'e1331b937bc4c20f68d39851d44e93c8','Percona InnoDB Buffer Pool Activity GT'),(90,'42761724e80a1563d4294595107b7188','Percona InnoDB I/O Pending GT'),(91,'e2de9f7c7ac195936a47a3c4d74b98bc','Percona InnoDB Log GT'),(92,'39993e6432afcf0061234d8817ad36bf','Percona MySQL Binary/Relay Logs GT'),(93,'1fd005442e45b70ae097ddc0eab0209e','Percona InnoDB Transactions GT'),(94,'b5153f8ecf6c970212c8f7697433523a','Percona InnoDB Transactions Active/Locked GT'),(95,'33c5519751ba7a909aa507a4c95a5d19','Percona MySQL Files and Tables GT'),(96,'51adb838f4108b4f045b050cd6754f8f','Percona MySQL Threads GT'),(97,'601989a3763b41eec593346b447b9a96','Percona InnoDB Memory Allocation GT'),(98,'02b0400344ac9a89f86095d7f91cfbfb','Percona InnoDB Adaptive Hash Index GT'),(99,'1a21804cda04d082ee6a3e42e6901552','Percona InnoDB Internal Hash Memory Usage GT'),(100,'fa44b590108e8e5be45b0032affbd127','Percona InnoDB Tables In Use GT'),(101,'e9273e40f1e713303682668dc654f143','Percona InnoDB Current Lock Waits GT'),(102,'105fdb1beff2a3e8097837c6633feb8f','Percona InnoDB Lock Structures GT'),(103,'9adba8ca8bd85eaff7c6a9264006e506','Percona InnoDB Checkpoint Age GT'),(104,'ca2b810bbf215753e04c1a14929033a9','Percona InnoDB Row Lock Time GT'),(105,'366415f1a0d369e1abfed3e5623dc351','Percona InnoDB Row Lock Waits GT'),(106,'a7aaf344764d1ee9a38ec386711f669a','Percona InnoDB Semaphore Waits GT'),(107,'ad2ab681cd7ebae7cfd48f021c1b91e7','Percona InnoDB Semaphore Wait Time GT'),(108,'92f822b723afb21114f3749df1a65dfa','Percona MySQL Processlist GT'),(109,'eac4a013a536c06daf1d5210ee4b14c2','Percona MySQL Transaction Handler GT'),(110,'f038b02a88db774984477d9369636c8a','Percona MySQL Handlers GT'),(111,'5018a50a8ea76fc01a06311c13f21c49','Percona MySQL Query Time Histogram (Count) GT'),(112,'82ab1f42b923b53de1f47cfb28df8325','Percona MySQL Query Response Time (Microseconds) GT'),(113,'b4a2ee04d77bd8fc16555289fe38f646','Percona InnoDB Buffer Pool Efficiency GT'),(114,'caf6193a479da08e50c37a9433781ef1','Percona Nginx Requests GT'),(115,'b3910088454a149fc25a13499dbb5fc9','Percona Nginx Accepts/Handled GT'),(116,'1a183387199adabc51640b4236642444','Percona Nginx Scoreboard GT');
/*!40000 ALTER TABLE `graph_templates` ENABLE KEYS */;
UNLOCK TABLES;

--
-- Table structure for table `graph_templates_gprint`
--

DROP TABLE IF EXISTS `graph_templates_gprint`;
/*!40101 SET @saved_cs_client     = @@character_set_client */;
/*!40101 SET character_set_client = utf8 */;
CREATE TABLE `graph_templates_gprint` (
  `id` mediumint(8) unsigned NOT NULL AUTO_INCREMENT,
  `hash` varchar(32) NOT NULL DEFAULT '',
  `name` varchar(100) NOT NULL DEFAULT '',
  `gprint_text` varchar(255) DEFAULT NULL,
  PRIMARY KEY (`id`)
) ENGINE=MyISAM AUTO_INCREMENT=18 DEFAULT CHARSET=latin1;
/*!40101 SET character_set_client = @saved_cs_client */;

--
-- Dumping data for table `graph_templates_gprint`
--

LOCK TABLES `graph_templates_gprint` WRITE;
/*!40000 ALTER TABLE `graph_templates_gprint` DISABLE KEYS */;
INSERT INTO `graph_templates_gprint` VALUES (2,'e9c43831e54eca8069317a2ce8c6f751','Normal','%8.2lf %s'),(3,'19414480d6897c8731c7dc6c5310653e','Exact Numbers','%8.0lf'),(4,'304a778405392f878a6db435afffc1e9','Load Average','%8.2lf'),(5,'259de583017cbc4be74c359930d0af12','Percona Apache Server Checksum 5a2966f3ed916608a75206451faf69a8','5a2966f3ed916608a75206451faf69a8'),(6,'77f3b553c351bf1e678c9b6c93a2266e','Percona Apache Server Version t1.1.6:s1.1.6','t1.1.6:s1.1.6'),(7,'e9c43831e54eca8069317a2ce8c6f752','Percona Normal','%6.1lf%s'),(8,'aa3dce56769f195bccfd299318c541a6','Percona GNU/Linux Server Version t1.1.6:s1.1.6','t1.1.6:s1.1.6'),(9,'2092ed83d0986c71dc99740eef8e811c','Percona GNU/Linux Server Checksum 250a0fa11b107a6c6891bddfb8b6cb6f','250a0fa11b107a6c6891bddfb8b6cb6f'),(10,'08370db8a4d24c413d4c34da16b3f33b','Percona Memcached Server Checksum 2ee987304a6eb2e345da180a302c85e8','2ee987304a6eb2e345da180a302c85e8'),(11,'d878d34cebbf66beefcc7ca6434df8c2','Percona Memcached Server Version t1.1.6:s1.1.6','t1.1.6:s1.1.6'),(12,'11fc9bd183398a0b4f8e1a065a6e3b18','Percona MongoDB Server Version t1.1.6:s1.1.6','t1.1.6:s1.1.6'),(13,'f8bd64840238c602c4523385db8aa599','Percona MongoDB Server Checksum 92092e3087bb0424985736880a48faf6','92092e3087bb0424985736880a48faf6'),(14,'f5ce191065d85a186cf31723fdea28c8','Percona MySQL Server Version t1.1.6:s1.1.6','t1.1.6:s1.1.6'),(15,'3297f1ca480049ff1a8277b24d21a965','Percona MySQL Server Checksum eb8d8cef705cbb474ffcbb181c75d5a3','eb8d8cef705cbb474ffcbb181c75d5a3'),(16,'7dd672be5a3dae86d9cdf2d1151f5dad','Percona Nginx Server Version t1.1.6:s1.1.6','t1.1.6:s1.1.6'),(17,'386ad8c3de68ba2654cd2143b05f3b53','Percona Nginx Server Checksum a8c8fbdf972bd3f2babe2243265e6cc3','a8c8fbdf972bd3f2babe2243265e6cc3');
/*!40000 ALTER TABLE `graph_templates_gprint` ENABLE KEYS */;
UNLOCK TABLES;

--
-- Table structure for table `graph_templates_graph`
--

DROP TABLE IF EXISTS `graph_templates_graph`;
/*!40101 SET @saved_cs_client     = @@character_set_client */;
/*!40101 SET character_set_client = utf8 */;
CREATE TABLE `graph_templates_graph` (
  `id` mediumint(8) unsigned NOT NULL AUTO_INCREMENT,
  `local_graph_template_graph_id` mediumint(8) unsigned NOT NULL DEFAULT '0',
  `local_graph_id` mediumint(8) unsigned NOT NULL DEFAULT '0',
  `graph_template_id` mediumint(8) unsigned NOT NULL DEFAULT '0',
  `t_image_format_id` char(2) DEFAULT '0',
  `image_format_id` tinyint(1) NOT NULL DEFAULT '0',
  `t_title` char(2) DEFAULT '0',
  `title` varchar(255) NOT NULL DEFAULT '',
  `title_cache` varchar(255) NOT NULL DEFAULT '',
  `t_height` char(2) DEFAULT '0',
  `height` mediumint(8) NOT NULL DEFAULT '0',
  `t_width` char(2) DEFAULT '0',
  `width` mediumint(8) NOT NULL DEFAULT '0',
  `t_upper_limit` char(2) DEFAULT '0',
  `upper_limit` varchar(20) NOT NULL DEFAULT '0',
  `t_lower_limit` char(2) DEFAULT '0',
  `lower_limit` varchar(20) NOT NULL DEFAULT '0',
  `t_vertical_label` char(2) DEFAULT '0',
  `vertical_label` varchar(200) DEFAULT NULL,
  `t_slope_mode` char(2) DEFAULT '0',
  `slope_mode` char(2) DEFAULT 'on',
  `t_auto_scale` char(2) DEFAULT '0',
  `auto_scale` char(2) DEFAULT NULL,
  `t_auto_scale_opts` char(2) DEFAULT '0',
  `auto_scale_opts` tinyint(1) NOT NULL DEFAULT '0',
  `t_auto_scale_log` char(2) DEFAULT '0',
  `auto_scale_log` char(2) DEFAULT NULL,
  `t_scale_log_units` char(2) DEFAULT '0',
  `scale_log_units` char(2) DEFAULT NULL,
  `t_auto_scale_rigid` char(2) DEFAULT '0',
  `auto_scale_rigid` char(2) DEFAULT NULL,
  `t_auto_padding` char(2) DEFAULT '0',
  `auto_padding` char(2) DEFAULT NULL,
  `t_base_value` char(2) DEFAULT '0',
  `base_value` mediumint(8) NOT NULL DEFAULT '0',
  `t_grouping` char(2) DEFAULT '0',
  `grouping` char(2) NOT NULL DEFAULT '',
  `t_export` char(2) DEFAULT '0',
  `export` char(2) DEFAULT NULL,
  `t_unit_value` char(2) DEFAULT '0',
  `unit_value` varchar(20) DEFAULT NULL,
  `t_unit_exponent_value` char(2) DEFAULT '0',
  `unit_exponent_value` varchar(5) NOT NULL DEFAULT '',
  PRIMARY KEY (`id`),
  KEY `local_graph_id` (`local_graph_id`),
  KEY `graph_template_id` (`graph_template_id`),
  KEY `title_cache` (`title_cache`)
) ENGINE=MyISAM AUTO_INCREMENT=131 DEFAULT CHARSET=latin1 COMMENT='Stores the actual graph data.';
/*!40101 SET character_set_client = @saved_cs_client */;

--
-- Dumping data for table `graph_templates_graph`
--

LOCK TABLES `graph_templates_graph` WRITE;
/*!40000 ALTER TABLE `graph_templates_graph` DISABLE KEYS */;
INSERT INTO `graph_templates_graph` VALUES (2,0,0,2,'',1,'on','|host_description| - Traffic','','',120,'',500,'','100','','0','','bits per second','0','on','','on','',2,'','','0','','','on','','on','',1000,'0','','','on','','','',''),(67,0,0,54,'',1,'on','|host_description| - Network Traffic','','',120,'',500,'','0','','0','','','0','on','','on','',2,'','','0',NULL,'','','','on','',1024,'0','','','on','','','',''),(66,0,0,53,'',1,'on','|host_description| - Disk Space','','',120,'',500,'','0','','0','','','0','on','','on','',2,'','','0',NULL,'','','','on','',1024,'0','','','on','','','',''),(64,0,0,51,'',1,'on','|host_description| - Disk Elapsed IO Time (ms)','','',120,'',500,'','0','','0','','','0','on','','on','',2,'','','0',NULL,'','','','on','',1000,'0','','','on','','','',''),(63,0,0,50,'',1,'','|host_description| - Disk Read/Write Time per IO Request (ms)','','',120,'',500,'','0','','0','','','0','on','','on','',2,'','','0',NULL,'','','','on','',1024,'0','','','on','','','',''),(62,0,0,49,'',1,'on','|host_description| - Disk Read/Write Time (ms)','','',120,'',500,'','0','','0','','','0','on','','on','',2,'','','0',NULL,'','','','on','',1000,'0','','','on','','','',''),(60,0,0,47,'',1,'on','|host_description| - Disk Operations','','',120,'',500,'','0','','0','','','0','on','','on','',2,'','','0',NULL,'','','','on','',1000,'0','','','on','','','',''),(61,0,0,48,'',1,'on','|host_description| - Disk Sectors Read/Written','','',120,'',500,'','0','','0','','','0','on','','on','',2,'','','0',NULL,'','','','on','',1024,'0','','','on','','','',''),(58,0,0,45,'',1,'','|host_description| - Number of Users','','',120,'',500,'','0','','0','','','0','on','','on','',2,'','','0',NULL,'','','','on','',1000,'0','','','on','','','',''),(59,0,0,46,'',1,'','|host_description| - Memory','','',120,'',500,'','0','','0','','','0','on','','on','',2,'','','0',NULL,'','','','on','',1024,'0','','','on','','','',''),(52,0,0,39,'',1,'','|host_description| - Apache Scoreboard','','',120,'',500,'','0','','0','','','0','on','','on','',2,'','','0',NULL,'','','','on','',1000,'0','','','on','','','',''),(53,0,0,40,'',1,'','|host_description| - Interrupts','','',120,'',500,'','0','','0','','','0','on','','on','',2,'','','0',NULL,'','','','on','',1000,'0','','','on','','','',''),(54,0,0,41,'',1,'','|host_description| - Context Switches','','',120,'',500,'','0','','0','','','0','on','','on','',2,'','','0',NULL,'','','','on','',1000,'0','','','on','','','',''),(55,0,0,42,'',1,'','|host_description| - Forks','','',120,'',500,'','0','','0','','','0','on','','on','',2,'','','0',NULL,'','','','on','',1000,'0','','','on','','','',''),(56,0,0,43,'',1,'','|host_description| - CPU Usage','','',120,'',500,'','0','','0','','','0','on','','on','',2,'','','0',NULL,'','','','on','',1000,'0','','','on','','','',''),(57,0,0,44,'',1,'','|host_description| - Load Average','','',120,'',500,'','0','','0','','','0','on','','on','',2,'','','0',NULL,'','','','on','',1000,'0','','','on','','','',''),(48,0,0,35,'',1,'','|host_description| - Apache Requests','','',120,'',500,'','0','','0','','','0','on','','on','',2,'','','0',NULL,'','','','on','',1000,'0','','','on','','','',''),(49,0,0,36,'',1,'','|host_description| - Apache Bytes','','',120,'',500,'','0','','0','','','0','on','','on','',2,'','','0',NULL,'','','','on','',1024,'0','','','on','','','',''),(50,0,0,37,'',1,'','|host_description| - Apache CPU Load','','',120,'',500,'','0','','0','','','0','on','','on','',2,'','','0',NULL,'','','','on','',1000,'0','','','on','','','',''),(51,0,0,38,'',1,'','|host_description| - Apache Workers','','',120,'',500,'','0','','0','','','0','on','','on','',2,'','','0',NULL,'','','','on','',1000,'0','','','on','','','',''),(22,0,0,22,'',1,'on','|host_description| - Errors/Discards','','',120,'',500,'','100','','0','','errors/sec','0','on','','on','',2,'','','0','','','on','','on','',1000,'0','','','on','','','',''),(23,0,0,23,'',1,'on','|host_description| - Unicast Packets','','',120,'',500,'','100','','0','','packets/sec','0','on','','on','',2,'','','0','','','on','','on','',1000,'0','','','on','','','',''),(24,0,0,24,'',1,'on','|host_description| - Non-Unicast Packets','','',120,'',500,'','100','','0','','packets/sec','0','on','','on','',2,'','','0','','','on','','on','',1000,'0','','','on','','','',''),(25,0,0,25,'',1,'on','|host_description| - Traffic','','',120,'',500,'','100','','0','','bytes per second','0','on','','on','',2,'','','0','','','on','','on','',1000,'0','','','on','','','',''),(34,0,0,26,'',1,'on','|host_description| - Available Disk Space','','',120,'',500,'','100','','0','','bytes','0','on','','on','',2,'','','0','','','on','','on','',1024,'0','','','on','','','',''),(35,0,0,27,'',1,'on','|host_description| - CPU Utilization','','',120,'',500,'','100','','0','','percent','0','on','','on','',2,'','','0','','','on','','on','',1000,'0','','','on','','','',''),(36,0,0,28,'',1,'','|host_description| - Logged in Users','','',120,'',500,'','100','','0','','users','0','on','','on','',2,'','','0','','','on','','on','',1000,'0','','','on','','','',''),(37,0,0,29,'',1,'','|host_description| - Processes','','',120,'',500,'','100','','0','','processes','0','on','','on','',2,'','','0','','','','','on','',1000,'0','','','on','','','',''),(65,0,0,52,'',1,'on','|host_description| - Disk IOPS','','',120,'',500,'','0','','0','','','0','on','','on','',2,'','','0',NULL,'','','','on','',1000,'0','','','on','','','',''),(43,0,0,31,'',1,'on','|host_description| - Traffic','','',120,'',500,'','100','','0','','bits per second','0','on','','on','',2,'','','0','','','on','','on','',1000,'0','','','on','','','',''),(44,0,0,32,'',1,'on','|host_description| - Traffic','','',120,'',500,'','100','','0','','bits per second','0','on','','on','',2,'','','0','','','on','','on','',1000,'0','','','on','','','',''),(45,0,0,33,'',1,'on','|host_description| - Traffic','','',120,'',500,'','100','','0','','bytes per second','0','on','','on','',2,'','','0','','','on','','on','',1000,'0','','','on','','','',''),(47,0,0,34,'',1,'on','|host_description| -','','',120,'',500,'','100','','0','on','','0','on','','on','',2,'','','0','','','','','on','',1000,'0','','','on','','','',''),(68,0,0,55,'',1,'on','|host_description| - Network Errors','','',120,'',500,'','0','','0','','','0','on','','on','',2,'','','0',NULL,'','','','on','',1000,'0','','','on','','','',''),(69,0,0,56,'',1,'on','|host_description| - Network Connection States','','',120,'',500,'','0','','0','','','0','on','','on','',2,'','','0',NULL,'','','','on','',1000,'0','','','on','','','',''),(70,0,0,57,'',1,'on','|host_description| - Swap Usage','','',120,'',500,'','0','','0','','','0','on','','on','',2,'','','0',NULL,'','','','on','',1000,'0','','','on','','','',''),(71,0,0,58,'',1,'','|host_description| - Memcached Rusage','','',120,'',500,'','0','','0','','','0','on','','on','',2,'','','0',NULL,'','','','on','',1000,'0','','','on','','','',''),(72,0,0,59,'',1,'','|host_description| - Memcached Current Items','','',120,'',500,'','0','','0','','','0','on','','on','',2,'','','0',NULL,'','','','on','',1000,'0','','','on','','','',''),(73,0,0,60,'',1,'','|host_description| - Memcached Additions and Evictions','','',120,'',500,'','0','','0','','','0','on','','on','',2,'','','0',NULL,'','','','on','',1000,'0','','','on','','','',''),(74,0,0,61,'',1,'','|host_description| - Memcached Memory','','',120,'',500,'','0','','0','','','0','on','','on','',2,'','','0',NULL,'','','','on','',1024,'0','','','on','','','',''),(75,0,0,62,'',1,'','|host_description| - Memcached Connections','','',120,'',500,'','0','','0','','','0','on','','on','',2,'','','0',NULL,'','','','on','',1000,'0','','','on','','','',''),(76,0,0,63,'',1,'','|host_description| - Memcached Requests','','',120,'',500,'','0','','0','','','0','on','','on','',2,'','','0',NULL,'','','','on','',1000,'0','','','on','','','',''),(77,0,0,64,'',1,'','|host_description| - Memcached Traffic','','',120,'',500,'','0','','0','','','0','on','','on','',2,'','','0',NULL,'','','','on','',1024,'0','','','on','','','',''),(78,0,0,65,'',1,'','|host_description| - MongoDB Connections','','',120,'',500,'','0','','0','','','0','on','','on','',2,'','','0',NULL,'','','','on','',1000,'0','','','on','','','',''),(79,0,0,66,'',1,'','|host_description| - MongoDB Memory','','',120,'',500,'','0','','0','','','0','on','','on','',2,'','','0',NULL,'','','','on','',1000,'0','','','on','','','',''),(80,0,0,67,'',1,'','|host_description| - MongoDB Commands','','',120,'',500,'','0','','0','','','0','on','','on','',2,'','','0',NULL,'','','','on','',1000,'0','','','on','','','',''),(81,0,0,68,'',1,'','|host_description| - MongoDB Index Ops','','',120,'',500,'','0','','0','','','0','on','','on','',2,'','','0',NULL,'','','','on','',1000,'0','','','on','','','',''),(82,0,0,69,'',1,'','|host_description| - MongoDB Background Flushes','','',120,'',500,'','0','','0','','','0','on','','on','',2,'','','0',NULL,'','','','on','',1000,'0','','','on','','','',''),(83,0,0,70,'',1,'','|host_description| - MongoDB Slave Lag','','',120,'',500,'','0','','0','','','0','on','','on','',2,'','','0',NULL,'','','','on','',1000,'0','','','on','','','',''),(84,0,0,71,'',1,'','|host_description| - MyISAM Indexes','','',120,'',500,'','0','','0','','','0','on','','on','',2,'','','0',NULL,'','','','on','',1000,'0','','','on','','','',''),(85,0,0,72,'',1,'','|host_description| - MyISAM Key Cache','','',120,'',500,'','0','','0','','','0','on','','on','',2,'','','0',NULL,'','','','on','',1024,'0','','','on','','','',''),(86,0,0,73,'',1,'','|host_description| - InnoDB Buffer Pool','','',120,'',500,'','0','','0','','','0','on','','on','',2,'','','0',NULL,'','','','on','',1024,'0','','','on','','','',''),(87,0,0,74,'',1,'','|host_description| - InnoDB I/O','','',120,'',500,'','0','','0','','','0','on','','on','',2,'','','0',NULL,'','','','on','',1000,'0','','','on','','','',''),(88,0,0,75,'',1,'','|host_description| - InnoDB Insert Buffer','','',120,'',500,'','0','','0','','','0','on','','on','',2,'','','0',NULL,'','','','on','',1000,'0','','','on','','','',''),(89,0,0,76,'',1,'','|host_description| - InnoDB Insert Buffer Usage','','',120,'',500,'','0','','0','','','0','on','','on','',2,'','','0',NULL,'','','','on','',1000,'0','','','on','','','',''),(90,0,0,77,'',1,'','|host_description| - InnoDB Semaphores','','',120,'',500,'','0','','0','','','0','on','','on','',2,'','','0',NULL,'','','','on','',1000,'0','','','on','','','',''),(91,0,0,78,'',1,'','|host_description| - InnoDB Row Operations','','',120,'',500,'','0','','0','','','0','on','','on','',2,'','','0',NULL,'','','','on','',1000,'0','','','on','','','',''),(92,0,0,79,'',1,'','|host_description| - MySQL Table Locks','','',120,'',500,'','0','','0','','','0','on','','on','',2,'','','0',NULL,'','','','on','',1000,'0','','','on','','','',''),(93,0,0,80,'',1,'','|host_description| - MySQL Connections','','',120,'',500,'','0','','0','','','0','on','','on','',2,'','','0',NULL,'','','','on','',1000,'0','','','on','','','',''),(94,0,0,81,'',1,'','|host_description| - MySQL Replication','','',120,'',500,'','0','','0','','','0','on','','on','',2,'','','0',NULL,'','','','on','',1000,'0','','','on','','','',''),(95,0,0,82,'',1,'','|host_description| - MySQL Query Cache','','',120,'',500,'','0','','0','','','0','on','','on','',2,'','','0',NULL,'','','','on','',1024,'0','','','on','','','',''),(96,0,0,83,'',1,'','|host_description| - MySQL Query Cache Memory','','',120,'',500,'','0','','0','','','0','on','','on','',2,'','','0',NULL,'','','','on','',1024,'0','','','on','','','',''),(97,0,0,84,'',1,'','|host_description| - MySQL Command Counters','','',120,'',500,'','0','','0','','','0','on','','on','',2,'','','0',NULL,'','','','on','',1000,'0','','','on','','','',''),(98,0,0,85,'',1,'','|host_description| - MySQL Select Types','','',120,'',500,'','0','','0','','','0','on','','on','',2,'','','0',NULL,'','','','on','',1000,'0','','','on','','','',''),(99,0,0,86,'',1,'','|host_description| - MySQL Sorts','','',120,'',500,'','0','','0','','','0','on','','on','',2,'','','0',NULL,'','','','on','',1000,'0','','','on','','','',''),(100,0,0,87,'',1,'','|host_description| - MySQL Temporary Objects','','',120,'',500,'','0','','0','','','0','on','','on','',2,'','','0',NULL,'','','','on','',1000,'0','','','on','','','',''),(101,0,0,88,'',1,'','|host_description| - MySQL Network Traffic','','',120,'',500,'','0','','0','','','0','on','','on','',2,'','','0',NULL,'','','','on','',1024,'0','','','on','','','',''),(102,0,0,89,'',1,'','|host_description| - InnoDB Buffer Pool Activity','','',120,'',500,'','0','','0','','','0','on','','on','',2,'','','0',NULL,'','','','on','',1024,'0','','','on','','','',''),(103,0,0,90,'',1,'','|host_description| - InnoDB I/O Pending','','',120,'',500,'','0','','0','','','0','on','','on','',2,'','','0',NULL,'','','','on','',1000,'0','','','on','','','',''),(104,0,0,91,'',1,'','|host_description| - InnoDB Log','','',120,'',500,'','0','','0','','','0','on','','on','',2,'','','0',NULL,'','','','on','',1024,'0','','','on','','','',''),(105,0,0,92,'',1,'','|host_description| - MySQL Binary/Relay Logs','','',120,'',500,'','0','','0','','','0','on','','on','',2,'','','0',NULL,'','','','on','',1024,'0','','','on','','','',''),(106,0,0,93,'',1,'','|host_description| - InnoDB Transactions','','',120,'',500,'','0','','0','','','0','on','','on','',2,'','','0',NULL,'','','','on','',1000,'0','','','on','','','',''),(107,0,0,94,'',1,'','|host_description| - InnoDB Transactions Active/Locked','','',120,'',500,'','0','','0','','','0','on','','on','',2,'','','0',NULL,'','','','on','',1000,'0','','','on','','','',''),(108,0,0,95,'',1,'','|host_description| - MySQL Files and Tables','','',120,'',500,'','0','','0','','','0','on','','on','',2,'','','0',NULL,'','','','on','',1000,'0','','','on','','','',''),(109,0,0,96,'',1,'','|host_description| - MySQL Threads','','',120,'',500,'','0','','0','','','0','on','','on','',2,'','','0',NULL,'','','','on','',1000,'0','','','on','','','',''),(110,0,0,97,'',1,'','|host_description| - InnoDB Memory Allocation','','',120,'',500,'','0','','0','','','0','on','','on','',2,'','','0',NULL,'','','','on','',1024,'0','','','on','','','',''),(111,0,0,98,'',1,'','|host_description| - InnoDB Adaptive Hash Index','','',120,'',500,'','0','','0','','','0','on','','on','',2,'','','0',NULL,'','','','on','',1000,'0','','','on','','','',''),(112,0,0,99,'',1,'','|host_description| - InnoDB Internal Hash Memory Usage','','',120,'',500,'','0','','0','','','0','on','','on','',2,'','','0',NULL,'','','','on','',1024,'0','','','on','','','',''),(113,0,0,100,'',1,'','|host_description| - InnoDB Tables In Use','','',120,'',500,'','0','','0','','','0','on','','on','',2,'','','0',NULL,'','','','on','',1000,'0','','','on','','','',''),(114,0,0,101,'',1,'','|host_description| - InnoDB Current Lock Waits','','',120,'',500,'','0','','0','','','0','on','','on','',2,'','','0',NULL,'','','','on','',1000,'0','','','on','','','',''),(115,0,0,102,'',1,'','|host_description| - InnoDB Lock Structures','','',120,'',500,'','0','','0','','','0','on','','on','',2,'','','0',NULL,'','','','on','',1000,'0','','','on','','','',''),(116,0,0,103,'',1,'','|host_description| - InnoDB Checkpoint Age','','',120,'',500,'','0','','0','','','0','on','','on','',2,'','','0',NULL,'','','','on','',1024,'0','','','on','','','',''),(117,0,0,104,'',1,'','|host_description| - InnoDB Row Lock Time','','',120,'',500,'','0','','0','','','0','on','','on','',2,'','','0',NULL,'','','','on','',1000,'0','','','on','','','',''),(118,0,0,105,'',1,'','|host_description| - InnoDB Row Lock Waits','','',120,'',500,'','0','','0','','','0','on','','on','',2,'','','0',NULL,'','','','on','',1000,'0','','','on','','','',''),(119,0,0,106,'',1,'','|host_description| - InnoDB Semaphore Waits','','',120,'',500,'','0','','0','','','0','on','','on','',2,'','','0',NULL,'','','','on','',1000,'0','','','on','','','',''),(120,0,0,107,'',1,'','|host_description| - InnoDB Semaphore Wait Time','','',120,'',500,'','0','','0','','','0','on','','on','',2,'','','0',NULL,'','','','on','',1000,'0','','','on','','','',''),(121,0,0,108,'',1,'','|host_description| - MySQL Processlist','','',120,'',500,'','0','','0','','','0','on','','on','',2,'','','0',NULL,'','','','on','',1000,'0','','','on','','','',''),(122,0,0,109,'',1,'','|host_description| - MySQL Transaction Handler','','',120,'',500,'','0','','0','','','0','on','','on','',2,'','','0',NULL,'','','','on','',1000,'0','','','on','','','',''),(123,0,0,110,'',1,'','|host_description| - MySQL Handlers','','',120,'',500,'','0','','0','','','0','on','','on','',2,'','','0',NULL,'','','','on','',1000,'0','','','on','','','',''),(124,0,0,111,'',1,'','|host_description| - MySQL Query Time Histogram (Count)','','',120,'',500,'','0','','0','','','0','on','','on','',2,'','','0',NULL,'','','','on','',1000,'0','','','on','','','',''),(125,0,0,112,'',1,'','|host_description| - MySQL Query Response Time (Microseconds)','','',120,'',500,'','0','','0','','','0','on','','on','',2,'','','0',NULL,'','','','on','',1000,'0','','','on','','','',''),(126,0,0,113,'',1,'','|host_description| - InnoDB Buffer Pool Efficiency','','',120,'',500,'','0','','0','','','0','on','','on','',2,'','','0',NULL,'','','','on','',1000,'0','','','on','','','',''),(127,0,0,114,'',1,'','|host_description| - Nginx Requests','','',120,'',500,'','0','','0','','','0','on','','on','',2,'','','0',NULL,'','','','on','',1000,'0','','','on','','','',''),(128,0,0,115,'',1,'','|host_description| - Nginx Accepts/Handled','','',120,'',500,'','0','','0','','','0','on','','on','',2,'','','0',NULL,'','','','on','',1000,'0','','','on','','','',''),(129,0,0,116,'',1,'','|host_description| - Nginx Scoreboard','','',120,'',500,'','0','','0','','','0','on','','on','',2,'','','0',NULL,'','','','on','',1000,'0','','','on','','','','');
/*!40000 ALTER TABLE `graph_templates_graph` ENABLE KEYS */;
UNLOCK TABLES;

--
-- Table structure for table `graph_templates_item`
--

DROP TABLE IF EXISTS `graph_templates_item`;
/*!40101 SET @saved_cs_client     = @@character_set_client */;
/*!40101 SET character_set_client = utf8 */;
CREATE TABLE `graph_templates_item` (
  `id` int(12) unsigned NOT NULL AUTO_INCREMENT,
  `hash` varchar(32) NOT NULL DEFAULT '',
  `local_graph_template_item_id` int(12) unsigned NOT NULL DEFAULT '0',
  `local_graph_id` mediumint(8) unsigned NOT NULL DEFAULT '0',
  `graph_template_id` mediumint(8) unsigned NOT NULL DEFAULT '0',
  `task_item_id` mediumint(8) unsigned NOT NULL DEFAULT '0',
  `color_id` mediumint(8) unsigned NOT NULL DEFAULT '0',
  `alpha` char(2) DEFAULT 'FF',
  `graph_type_id` tinyint(3) NOT NULL DEFAULT '0',
  `cdef_id` mediumint(8) unsigned NOT NULL DEFAULT '0',
  `consolidation_function_id` tinyint(2) NOT NULL DEFAULT '0',
  `text_format` varchar(255) DEFAULT NULL,
  `value` varchar(255) DEFAULT NULL,
  `hard_return` char(2) DEFAULT NULL,
  `gprint_id` mediumint(8) unsigned NOT NULL DEFAULT '0',
  `sequence` mediumint(8) unsigned NOT NULL DEFAULT '0',
  PRIMARY KEY (`id`),
  KEY `graph_template_id` (`graph_template_id`),
  KEY `local_graph_id` (`local_graph_id`),
  KEY `task_item_id` (`task_item_id`)
) ENGINE=MyISAM AUTO_INCREMENT=1646 DEFAULT CHARSET=latin1 COMMENT='Stores the actual graph item data.';
/*!40101 SET character_set_client = @saved_cs_client */;

--
-- Dumping data for table `graph_templates_item`
--

LOCK TABLES `graph_templates_item` WRITE;
/*!40000 ALTER TABLE `graph_templates_item` DISABLE KEYS */;
INSERT INTO `graph_templates_item` VALUES (9,'0470b2427dbfadb6b8346e10a71268fa',0,0,2,54,22,'FF',7,2,1,'Inbound','','',2,1),(10,'84a5fe0db518550266309823f994ce9c',0,0,2,54,0,'FF',9,2,4,'Current:','','',2,2),(11,'2f222f28084085cd06a1f46e4449c793',0,0,2,54,0,'FF',9,2,1,'Average:','','',2,3),(12,'55acbcc33f46ee6d754e8e81d1b54808',0,0,2,54,0,'FF',9,2,3,'Maximum:','','on',2,4),(13,'fdaf2321fc890e355711c2bffc07d036',0,0,2,55,20,'FF',4,2,1,'Outbound','','',2,5),(14,'768318f42819217ed81196d2179d3e1b',0,0,2,55,0,'FF',9,2,4,'Current:','','',2,6),(15,'cb3aa6256dcb3acd50d4517b77a1a5c3',0,0,2,55,0,'FF',9,2,1,'Average:','','',2,7),(16,'671e989be7cbf12c623b4e79d91c7bed',0,0,2,55,0,'FF',9,2,3,'Maximum:','','on',2,8),(544,'e9934f4ee9ab742f470a71b9cd1afdc6',0,0,46,131,133,'FF',8,0,1,'Memshared','','',7,13),(543,'fddbadd79d1784c78fc58fe04a6c4228',0,0,46,128,0,'FF',9,0,3,'Max:','','on',7,12),(542,'1b10d005fbbc21131d6a1f1a93326b7e',0,0,46,128,0,'FF',9,0,1,'Avg:','','',7,11),(541,'9f764a92c3b504cdeeaccc6e85c39fee',0,0,46,128,0,'FF',9,0,4,'Cur:','','',7,10),(540,'523984c60bc1acdaea63a207ff2de339',0,0,46,128,132,'FF',8,0,1,'Membuffer','','',7,9),(539,'c32c1a65f09a032af587cd200625b0b5',0,0,46,129,0,'FF',9,0,3,'Max:','','on',7,8),(538,'eb5321a04459e2c6c16281ab014e1524',0,0,46,129,0,'FF',9,0,1,'Avg:','','',7,7),(537,'bbd9c66754936c652a2ee730b7aaf81c',0,0,46,129,0,'FF',9,0,4,'Cur:','','',7,6),(536,'196d434f91ef45fd4c0ed04f3bfd1195',0,0,46,129,131,'FF',8,0,1,'Memcached','','',7,5),(535,'0218ccf8640013d2d7cb1e25e1b0f2c7',0,0,46,127,0,'FF',9,0,3,'Max:','','on',7,4),(534,'81595a4f42a4c2a194a9288b897c9f8d',0,0,46,127,0,'FF',9,0,1,'Avg:','','',7,3),(533,'b7d9c50e29ebe0691bb23a0480aa3b99',0,0,46,127,0,'FF',9,0,4,'Cur:','','',7,2),(532,'0ed6b827a88d97548edf092f43ddc1fc',0,0,46,127,130,'FF',7,0,1,'Memused','','',7,1),(531,'7ee6ff2ed0290c2cd10f10377734df7e',0,0,45,126,0,'FF',9,0,3,'Max:','','on',7,4),(530,'53e2e4c722b0346817585f49c75ebf0a',0,0,45,126,0,'FF',9,0,1,'Avg:','','',7,3),(529,'1dbae9452124c348fb341dc39dd2100e',0,0,45,126,0,'FF',9,0,4,'Cur:','','',7,2),(528,'6fcc9bd8e2dd56a5968d0d4584285bae',0,0,45,126,116,'FF',7,0,1,'Numusers','','',7,1),(527,'4dce368b77bddedf42f6b3d5bda13bf3',0,0,44,125,0,'FF',9,0,3,'Max:','','on',7,4),(526,'59094f514eb8da9a39c03a51967ede7b',0,0,44,125,0,'FF',9,0,1,'Avg:','','',7,3),(525,'e9602c4a04306f30e28541c57942d997',0,0,44,125,0,'FF',9,0,4,'Cur:','','',7,2),(524,'1bfb6e6725b57dafbeb954627641e2cd',0,0,44,125,105,'FF',7,0,1,'Loadavg','','',7,1),(523,'94ff5b7e4f5c503ac487a62c884fe940',0,0,43,122,0,'FF',9,0,3,'Max:','','on',7,36),(522,'b65525d19acbf94309b6f44b7f3441c9',0,0,43,122,0,'FF',9,0,1,'Avg:','','',7,35),(462,'23076f41cd1ccee831d00908d823815a',0,0,39,109,0,'FF',9,0,1,'Avg:','','',7,31),(461,'cd0ea9b511e4f2b3e4a2b6f270196b01',0,0,39,109,0,'FF',9,0,4,'Cur:','','',7,30),(460,'8b09886507f8233875fe93ef0b24ca58',0,0,39,109,33,'FF',8,0,1,'Logging','','',7,29),(459,'fba625d3eedb73abd4d3399cf36cabce',0,0,39,106,0,'FF',9,0,3,'Max:','','on',7,28),(458,'910964396a523d50bb6f12014be0d5e9',0,0,39,106,0,'FF',9,0,1,'Avg:','','',7,27),(457,'2e24a9eb579094caba9215e406dd2b23',0,0,39,106,0,'FF',9,0,4,'Cur:','','',7,26),(456,'77ad183429b299aedc29676e72c40d2e',0,0,39,106,114,'FF',8,0,1,'Closing Connection','','',7,25),(455,'bc25d3e35d0e439c63474183c0e8abdb',0,0,39,112,0,'FF',9,0,3,'Max:','','on',7,24),(454,'1adfe31481e04218240afd91d1bee9b1',0,0,39,112,0,'FF',9,0,1,'Avg:','','',7,23),(453,'c4d5b7b33264109f21f36501ca648770',0,0,39,112,0,'FF',9,0,4,'Cur:','','',7,22),(452,'aff3474f146a819358f3f6d9c2b621aa',0,0,39,112,49,'FF',8,0,1,'DNS Lookup','','',7,21),(451,'75561b968a3ac85a83a919047a53fdb0',0,0,39,107,0,'FF',9,0,3,'Max:','','on',7,20),(450,'cb3585d91618ff8b09507922176437f0',0,0,39,107,0,'FF',9,0,1,'Avg:','','',7,19),(449,'29e037bba6ef0d4be45c3d459a7ea3d5',0,0,39,107,0,'FF',9,0,4,'Cur:','','',7,18),(448,'4126af1166975a1f29b5f897f2e02624',0,0,39,107,113,'FF',8,0,1,'Keepalive','','',7,17),(447,'384ffdd9154e378da2164fbdb5d2911d',0,0,39,110,0,'FF',9,0,3,'Max:','','on',7,16),(446,'ba81d789ec90dcac77fcba150a993c2b',0,0,39,110,0,'FF',9,0,1,'Avg:','','',7,15),(445,'a848dcb6d2e6cb236d74feecd4665dc8',0,0,39,110,0,'FF',9,0,4,'Cur:','','',7,14),(438,'0dbb240bac7a2319fb51114f12c7e596',0,0,39,102,0,'FF',9,0,1,'Avg:','','',7,7),(439,'2949a121cfb8b9253c7730ed62e542c6',0,0,39,102,0,'FF',9,0,3,'Max:','','on',7,8),(440,'3324c9d0c2b32749511c083bbc8f6de6',0,0,39,105,111,'FF',8,0,1,'Reading Request','','',7,9),(441,'12eca125791c0031173196817a656e3e',0,0,39,105,0,'FF',9,0,4,'Cur:','','',7,10),(442,'c0d8877f8d539e0868293457394c44fe',0,0,39,105,0,'FF',9,0,1,'Avg:','','',7,11),(443,'e64318deb6813163a57761867b94e7d6',0,0,39,105,0,'FF',9,0,3,'Max:','','on',7,12),(444,'43ef3f81769b5825318aab786f6597b4',0,0,39,110,112,'FF',8,0,1,'Sending Reply','','',7,13),(437,'52bc6b651e868ebc8834cd73df4230db',0,0,39,102,0,'FF',9,0,4,'Cur:','','',7,6),(436,'f0e0dc0ed69bb21a1cc08929968d9b05',0,0,39,102,110,'FF',8,0,1,'Starting Up','','',7,5),(435,'51748a634f48468d636c96f953adecb2',0,0,39,111,0,'FF',9,0,3,'Max:','','on',7,4),(431,'20dbd04b3324fd7ca36515ce0a662321',0,0,38,101,0,'FF',9,0,3,'Max:','','on',7,8),(432,'8e38a88fbb19a2222b29c4dc0bd0fc8d',0,0,39,111,49,'FF',7,0,1,'Waiting For Connection','','',7,1),(433,'14b75abfd17f3c5ac640d7723ac16cf4',0,0,39,111,0,'FF',9,0,4,'Cur:','','',7,2),(434,'210e2c423b65c98a0be1df5db95ddcab',0,0,39,111,0,'FF',9,0,1,'Avg:','','',7,3),(521,'c6f5cd25f79e518d9436a80023e58756',0,0,43,122,0,'FF',9,0,4,'Cur:','','',7,34),(520,'835385d981be2945c35ff927b8be9fcf',0,0,43,122,129,'FF',8,0,1,'CPU Guest','','',7,33),(519,'2f71941334aabf48878c3c8504587e96',0,0,43,117,0,'FF',9,0,3,'Max:','','on',7,32),(430,'6da60cb7eea1c6bf40df9b8eb64a2522',0,0,38,101,0,'FF',9,0,1,'Avg:','','',7,7),(429,'0479a4b4122812fa5d2908170511ee2e',0,0,38,101,0,'FF',9,0,4,'Cur:','','',7,6),(428,'75c78940bd02a05c1309f7378e70fec3',0,0,38,101,109,'FF',8,0,1,'Busy Workers','','',7,5),(427,'d32bfe77e561aacf253aa02ea3516ef4',0,0,38,100,0,'FF',9,0,3,'Max:','','on',7,4),(426,'e2dd730f7a6c8dd3a87ef4891564da4b',0,0,38,100,0,'FF',9,0,1,'Avg:','','',7,3),(425,'81d32fd494417bd7b46d5f277b4e2365',0,0,38,100,0,'FF',9,0,4,'Cur:','','',7,2),(419,'3d3b9d125d38be561fb2268bb9fcbfd4',0,0,37,99,107,'FF',7,0,1,'CPU Load','','',7,1),(420,'e7e2240b1c2be0ef31811ba2b6c45527',0,0,37,99,0,'FF',9,0,4,'Cur:','','',7,2),(421,'6209381b6d51190e9d57694d0b1479ec',0,0,37,99,0,'FF',9,0,1,'Avg:','','',7,3),(422,'3c1b7135e33109978896ba0d9ad811e4',0,0,37,99,0,'FF',9,0,3,'Max:','','on',7,4),(423,'d00ac8145df4e1dfe30126e51be3dd61',0,0,37,99,1,'FF',4,0,1,'CPU Load','','on',7,5),(424,'d77fcbc477938fa63a1c28b5f1c01348',0,0,38,100,108,'FF',7,0,1,'Idle Workers','','',7,1),(518,'44631975e776cbfcd4ba75a8754909ef',0,0,43,117,0,'FF',9,0,1,'Avg:','','',7,31),(517,'0ef955eb1a66d8d5f4365fa22eff8716',0,0,43,117,0,'FF',9,0,4,'Cur:','','',7,30),(516,'37f8cf6298e9d69fa673b451ff35bc75',0,0,43,117,128,'FF',8,0,1,'CPU Steal','','',7,29),(515,'726cdeaf525af857f74902ceb4770a45',0,0,43,123,0,'FF',9,0,3,'Max:','','on',7,28),(514,'fdd67cd8df0f910c5b22375eb587a24a',0,0,43,123,0,'FF',9,0,1,'Avg:','','',7,27),(513,'426df079310d545203643cf0ce6c245f',0,0,43,123,0,'FF',9,0,4,'Cur:','','',7,26),(512,'e7bea63f607b7df35e6df47c20638176',0,0,43,123,127,'FF',8,0,1,'CPU Softirq','','',7,25),(511,'7458a87ae3b0ffb9d725cbe0619cc33e',0,0,43,119,0,'FF',9,0,3,'Max:','','on',7,24),(510,'75fdd8e12f7beb1e7cc434a3684af54a',0,0,43,119,0,'FF',9,0,1,'Avg:','','',7,23),(509,'6b075aeac860719b2d93fd734502d474',0,0,43,119,0,'FF',9,0,4,'Cur:','','',7,22),(508,'20ee87e7aa87119cc9300b1fd7461e56',0,0,43,119,126,'FF',8,0,1,'CPU Irq','','',7,21),(507,'78fc3702052739522405ce2a04d7f900',0,0,43,120,0,'FF',9,0,3,'Max:','','on',7,20),(506,'9e66f22a5b3774ac05365fcc5bbe4597',0,0,43,120,0,'FF',9,0,1,'Avg:','','',7,19),(505,'0bc2ab8ddb34298d4d74c2fe81f12a20',0,0,43,120,0,'FF',9,0,4,'Cur:','','',7,18),(504,'2b8d9ca581713356b604d11284b2702a',0,0,43,120,125,'FF',8,0,1,'CPU Iowait','','',7,17),(503,'2acf9b025db8e415df2e4bd1a4e89499',0,0,43,118,0,'FF',9,0,3,'Max:','','on',7,16),(502,'996f45f6d9f46643eab6f6b6bd9eb044',0,0,43,118,0,'FF',9,0,1,'Avg:','','',7,15),(501,'99e50f2e9ef5781f5ae1cbc09adae4e6',0,0,43,118,0,'FF',9,0,4,'Cur:','','',7,14),(500,'f832578db2ef5ef285db9cecbf11fb67',0,0,43,118,124,'FF',8,0,1,'CPU Idle','','',7,13),(499,'80a0a8eece76fc31b49271478079d6b7',0,0,43,121,0,'FF',9,0,3,'Max:','','on',7,12),(498,'ad42d705f2109e399de01b37361e2238',0,0,43,121,0,'FF',9,0,1,'Avg:','','',7,11),(497,'6ccad6e74f733c6ee9d76343a34a4a41',0,0,43,121,0,'FF',9,0,4,'Cur:','','',7,10),(496,'60a36cee9db9adff502780a891abb0e7',0,0,43,121,123,'FF',8,0,1,'CPU System','','',7,9),(495,'7121a29c2b911568bca76e563a911d3c',0,0,43,116,0,'FF',9,0,3,'Max:','','on',7,8),(494,'88d36eb8108f160aa455aee950f90cb2',0,0,43,116,0,'FF',9,0,1,'Avg:','','',7,7),(493,'1606fedb06c13eab32a720f0e646bda2',0,0,43,116,0,'FF',9,0,4,'Cur:','','',7,6),(418,'ccef1b50cdd8eec456a0891c33f0270c',0,0,36,98,0,'FF',9,0,3,'Max:','','on',7,4),(417,'85bbe6b237894fd386a3565499b15e2d',0,0,36,98,0,'FF',9,0,1,'Avg:','','',7,3),(416,'329f0530c5e785da7624fcdcd2538a22',0,0,36,98,0,'FF',9,0,4,'Cur:','','',7,2),(411,'4886ba8ff63f3b35ac8676e162508b39',0,0,35,97,105,'FF',7,0,1,'Requests','','',7,1),(412,'7ba4f3bdf4f08239d69e512b40f9d1a1',0,0,35,97,0,'FF',9,0,4,'Cur:','','',7,2),(413,'942fe5f115709960781d6486c18f5db7',0,0,35,97,0,'FF',9,0,1,'Avg:','','',7,3),(414,'e686f710621eb420c27f00b2e593bc97',0,0,35,97,0,'FF',9,0,3,'Max:','','on',7,4),(415,'c8bdabf9d6a22c115829f34593fa04b1',0,0,36,98,106,'FF',7,0,1,'Bytes Sent','','',7,1),(492,'eb79b16dd7ff0b40a011af533d064e0d',0,0,43,116,122,'FF',8,0,1,'CPU Nice','','',7,5),(491,'73f2393e45c0d793930a681c717e7b7a',0,0,43,124,0,'FF',9,0,3,'Max:','','on',7,4),(490,'7a744f615eefb2a83669bbe7739062c8',0,0,43,124,0,'FF',9,0,1,'Avg:','','',7,3),(489,'a49276a61d5ecc57e3fc3a86606eb215',0,0,43,124,0,'FF',9,0,4,'Cur:','','',7,2),(488,'0031124ec89d286db4a5e146d53d2d90',0,0,43,124,121,'FF',7,0,1,'CPU User','','',7,1),(487,'b12a44e35676bcb31a6537ff6ee778c0',0,0,42,115,0,'FF',9,0,3,'Max:','','on',7,4),(486,'b8fa7b01e96061381a2e680cba32f92c',0,0,42,115,0,'FF',9,0,1,'Avg:','','',7,3),(485,'473bc72c12b0b5dc842a3ef7fd551c98',0,0,42,115,0,'FF',9,0,4,'Cur:','','',7,2),(484,'447f8b789b87a3fa53babc373b3a5d7e',0,0,42,115,120,'FF',7,0,1,'Forks','','',7,1),(483,'807a10332ec369786f8069d119a9fcc4',0,0,41,114,0,'FF',9,0,3,'Max:','','on',7,4),(482,'be4e2cdfc5b38cb4ed811692ddb6e647',0,0,41,114,0,'FF',9,0,1,'Avg:','','',7,3),(481,'c5123a4a16cff2363d8bec2af50ff998',0,0,41,114,0,'FF',9,0,4,'Cur:','','',7,2),(480,'1380de3931494ffe7b5ae6259eb48b03',0,0,41,114,119,'FF',7,0,1,'Context Switches','','',7,1),(479,'52ea939cc7d7c635e50c0c70196fad4b',0,0,40,113,0,'FF',9,0,3,'Max:','','on',7,4),(478,'0142c5d04512e9013d7f1b486b33306c',0,0,40,113,0,'FF',9,0,1,'Avg:','','',7,3),(477,'e4572c874a0065c696c9ccad4594034c',0,0,40,113,0,'FF',9,0,4,'Cur:','','',7,2),(476,'22054bac891981d4b7a8cd38c15be41a',0,0,40,113,118,'FF',7,0,1,'Interrupts','','',7,1),(475,'a029caad27fedd71986e3a8ac51443e2',0,0,39,103,0,'FF',9,0,3,'Max:','','on',7,44),(474,'35a1a7d8495b07f431aacb1252899328',0,0,39,103,0,'FF',9,0,1,'Avg:','','',7,43),(473,'bdb6a987087674f282ff2af8d4fa7a9a',0,0,39,103,0,'FF',9,0,4,'Cur:','','',7,42),(472,'0609dfe3177b880beddcc0f1c68f47bc',0,0,39,103,117,'FF',8,0,1,'Open Slot','','',7,41),(471,'4d051614ada7203d727bc65d166b0636',0,0,39,108,0,'FF',9,0,3,'Max:','','on',7,40),(470,'7178419370c89bb6ff82b2c1ed65073b',0,0,39,108,0,'FF',9,0,1,'Avg:','','',7,39),(180,'7e04a041721df1f8828381a9ea2f2154',0,0,22,47,31,'FF',4,0,1,'Discards In','','',2,1),(181,'afc8bca6b1b3030a6d71818272336c6c',0,0,22,47,0,'FF',9,0,4,'Current:','','',2,2),(182,'6ac169785f5aeaf1cc5cdfd38dfcfb6c',0,0,22,47,0,'FF',9,0,1,'Average:','','',2,3),(183,'178c0a0ce001d36a663ff6f213c07505',0,0,22,47,0,'FF',9,0,3,'Maximum:','','on',2,4),(184,'8e3268c0abde7550616bff719f10ee2f',0,0,22,46,48,'FF',4,0,1,'Errors In','','',2,5),(185,'18891392b149de63b62c4258a68d75f8',0,0,22,46,0,'FF',9,0,4,'Current:','','',2,6),(186,'dfc9d23de0182c9967ae3dabdfa55a16',0,0,22,46,0,'FF',9,0,1,'Average:','','',2,7),(187,'c47ba64e2e5ea8bf84aceec644513176',0,0,22,46,0,'FF',9,0,3,'Maximum:','','on',2,8),(188,'9d052e7d632c479737fbfaced0821f79',0,0,23,49,71,'FF',4,0,1,'Unicast Packets Out','','',2,5),(189,'9b9fa6268571b6a04fa4411d8e08c730',0,0,23,49,0,'FF',9,0,4,'Current:','','',2,6),(190,'8e8f2fbeb624029cbda1d2a6ddd991ba',0,0,23,49,0,'FF',9,0,1,'Average:','','',2,7),(191,'c76495beb1ed01f0799838eb8a893124',0,0,23,49,0,'FF',9,0,3,'Maximum:','','on',2,8),(192,'d4e5f253f01c3ea77182c5a46418fc44',0,0,23,48,25,'FF',7,0,1,'Unicast Packets In','','',2,1),(193,'526a96add143da021c5f00d8764a6c12',0,0,23,48,0,'FF',9,0,4,'Current:','','',2,2),(194,'81eeb46f451212f00fd7caee42a81c0b',0,0,23,48,0,'FF',9,0,1,'Average:','','',2,3),(195,'089e4d1c3faeb00fd5dcc9622b06d656',0,0,23,48,0,'FF',9,0,3,'Maximum:','','on',2,4),(196,'fe66cb973966d22250de073405664200',0,0,24,53,25,'FF',7,0,1,'Non-Unicast Packets In','','',2,1),(197,'1ba3fc3466ad32fdd2669cac6cad6faa',0,0,24,53,0,'FF',9,0,4,'Current:','','',2,2),(198,'f810154d3a934c723c21659e66199cdf',0,0,24,53,0,'FF',9,0,1,'Average:','','',2,3),(199,'98a161df359b01304346657ff1a9d787',0,0,24,53,0,'FF',9,0,3,'Maximum:','','on',2,4),(200,'d5e55eaf617ad1f0516f6343b3f07c5e',0,0,24,52,71,'FF',4,0,1,'Non-Unicast Packets Out','','',2,5),(201,'9fde6b8c84089b9f9044e681162e7567',0,0,24,52,0,'FF',9,0,4,'Current:','','',2,6),(202,'9a3510727c3d9fa7e2e7a015783a99b3',0,0,24,52,0,'FF',9,0,1,'Average:','','',2,7),(203,'451afd23f2cb59ab9b975fd6e2735815',0,0,24,52,0,'FF',9,0,3,'Maximum:','','on',2,8),(204,'617d10dff9bbc3edd9d733d9c254da76',0,0,22,50,18,'FF',4,0,1,'Discards Out','','',2,9),(205,'9269a66502c34d00ac3c8b1fcc329ac6',0,0,22,50,0,'FF',9,0,4,'Current:','','',2,10),(206,'d45deed7e1ad8350f3b46b537ae0a933',0,0,22,50,0,'FF',9,0,1,'Average:','','',2,11),(207,'2f64cf47dc156e8c800ae03c3b893e3c',0,0,22,50,0,'FF',9,0,3,'Maximum:','','on',2,12),(208,'57434bef8cb21283c1a73f055b0ada19',0,0,22,51,89,'FF',4,0,1,'Errors Out','','',2,13),(209,'660a1b9365ccbba356fd142faaec9f04',0,0,22,51,0,'FF',9,0,4,'Current:','','',2,14),(210,'28c5297bdaedcca29acf245ef4bbed9e',0,0,22,51,0,'FF',9,0,1,'Average:','','',2,15),(211,'99098604fd0c78fd7dabac8f40f1fb29',0,0,22,51,0,'FF',9,0,3,'Maximum:','','on',2,16),(212,'de3eefd6d6c58afabdabcaf6c0168378',0,0,25,54,22,'FF',7,0,1,'Inbound','','',2,1),(213,'1a80fa108f5c46eecb03090c65bc9a12',0,0,25,54,0,'FF',9,0,4,'Current:','','',2,2),(214,'fe458892e7faa9d232e343d911e845f3',0,0,25,54,0,'FF',9,0,1,'Average:','','',2,3),(215,'175c0a68689bebc38aad2fbc271047b3',0,0,25,54,0,'FF',9,0,3,'Maximum:','','on',2,4),(216,'1bf2283106510491ddf3b9c1376c0b31',0,0,25,55,20,'FF',4,0,1,'Outbound','','',2,5),(217,'c5202f1690ffe45600c0d31a4a804f67',0,0,25,55,0,'FF',9,0,4,'Current:','','',2,6),(218,'eb9794e3fdafc2b74f0819269569ed40',0,0,25,55,0,'FF',9,0,1,'Average:','','',2,7),(219,'6bcedd61e3ccf7518ca431940c93c439',0,0,25,55,0,'FF',9,0,3,'Maximum:','','on',2,8),(303,'b7b381d47972f836785d338a3bef6661',0,0,26,78,0,'FF',9,0,3,'Maximum:','','on',2,8),(304,'36fa8063df3b07cece878d54443db727',0,0,26,78,0,'FF',9,0,1,'Average:','','',2,7),(305,'2c35b5cae64c5f146a55fcb416dd14b5',0,0,26,78,0,'FF',9,0,4,'Current:','','',2,6),(306,'16d6a9a7f608762ad65b0841e5ef4e9c',0,0,26,78,48,'FF',7,0,1,'Used','','',2,5),(307,'d80e4a4901ab86ee39c9cc613e13532f',0,0,26,92,20,'FF',7,0,1,'Total','','',2,1),(308,'567c2214ee4753aa712c3d101ea49a5d',0,0,26,92,0,'FF',9,0,4,'Current:','','',2,2),(309,'ba0b6a9e316ef9be66abba68b80f7587',0,0,26,92,0,'FF',9,0,1,'Average:','','',2,3),(310,'4b8e4a6bf2757f04c3e3a088338a2f7a',0,0,26,92,0,'FF',9,0,3,'Maximum:','','on',2,4),(317,'8536e034ab5268a61473f1ff2f6bd88f',0,0,27,79,0,'FF',9,0,1,'Average:','','',3,3),(316,'d478a76de1df9edf896c9ce51506c483',0,0,27,79,0,'FF',9,0,4,'Current:','','',3,2),(315,'42537599b5fb8ea852240b58a58633de',0,0,27,79,9,'FF',7,0,1,'CPU Utilization','','',2,1),(318,'87e10f9942b625aa323a0f39b60058e7',0,0,27,79,0,'FF',9,0,3,'Maximum:','','on',3,4),(319,'38f6891b0db92aa8950b4ce7ae902741',0,0,28,81,67,'FF',7,0,1,'Users','','',2,1),(320,'af13152956a20aa894ef4a4067b88f63',0,0,28,81,0,'FF',9,0,4,'Current:','','',3,2),(321,'1b2388bbede4459930c57dc93645284e',0,0,28,81,0,'FF',9,0,1,'Average:','','',3,3),(322,'6407dc226db1d03be9730f4d6f3eeccf',0,0,28,81,0,'FF',9,0,3,'Maximum:','','on',3,4),(323,'fca6a530c8f37476b9004a90b42ee988',0,0,29,80,48,'FF',7,0,1,'Running Processes','','',2,1),(324,'5acebbde3dc65e02f8fda03955852fbe',0,0,29,80,0,'FF',9,0,4,'Current:','','',3,2),(325,'311079ffffac75efaab2837df8123122',0,0,29,80,0,'FF',9,0,1,'Average:','','',3,3),(326,'724d27007ebf31016cfa5530fee1b867',0,0,29,80,0,'FF',9,0,3,'Maximum:','','on',3,4),(373,'1995d8c23e7d8e1efa2b2c55daf3c5a7',0,0,32,54,22,'FF',7,2,1,'Inbound','','',2,1),(469,'b2a57c635fddb84ee34e89a900462c70',0,0,39,108,0,'FF',9,0,4,'Cur:','','',7,38),(468,'93e67aab28dc09bb7ab53cdfbab3dbe6',0,0,39,108,116,'FF',8,0,1,'Idle Cleanup','','',7,37),(467,'deba211070590241a2c58e3f2a12dc5d',0,0,39,104,0,'FF',9,0,3,'Max:','','on',7,36),(466,'ec54958c8153e29cf0f869e364737e3c',0,0,39,104,0,'FF',9,0,1,'Avg:','','',7,35),(362,'918e6e7d41bb4bae0ea2937b461742a4',0,0,31,54,22,'FF',7,2,1,'Inbound','','',2,1),(363,'f19fbd06c989ea85acd6b4f926e4a456',0,0,31,54,0,'FF',9,2,4,'Current:','','',2,2),(364,'fc150a15e20c57e11e8d05feca557ef9',0,0,31,54,0,'FF',9,2,1,'Average:','','',2,3),(365,'ccbd86e03ccf07483b4d29e63612fb18',0,0,31,54,0,'FF',9,2,3,'Maximum:','','on',2,4),(366,'964c5c30cd05eaf5a49c0377d173de86',0,0,31,55,20,'FF',4,2,1,'Outbound','','',2,5),(367,'b1a6fb775cf62e79e1c4bc4933c7e4ce',0,0,31,55,0,'FF',9,2,4,'Current:','','',2,6),(368,'721038182a872ab266b5cf1bf7f7755c',0,0,31,55,0,'FF',9,2,1,'Average:','','',2,7),(369,'2302f80c2c70b897d12182a1fc11ecd6',0,0,31,55,0,'FF',9,2,3,'Maximum:','','on',2,8),(370,'4ffc7af8533d103748316752b70f8e3c',0,0,31,0,0,'FF',1,0,1,'','','',2,9),(371,'64527c4b6eeeaf627acc5117ff2180fd',0,0,31,55,9,'FF',2,0,1,'95th Percentile','|95:bits:0:max:2|','',2,10),(372,'d5bbcbdbf83ae858862611ac6de8fc62',0,0,31,55,0,'FF',1,0,1,'(|95:bits:6:max:2| mbit in+out)','','on',2,11),(374,'55083351cd728b82cc4dde68eb935700',0,0,32,54,0,'FF',9,2,4,'Current:','','',2,2),(375,'54782f71929e7d1734ed5ad4b8dda50d',0,0,32,54,0,'FF',9,2,1,'Average:','','',2,3),(376,'88d3094d5dc2164cbf2f974aeb92f051',0,0,32,54,0,'FF',9,2,3,'Maximum:','','on',2,4),(377,'4a381a8e87d4db1ac99cf8d9078266d3',0,0,32,55,20,'FF',4,2,1,'Outbound','','',2,6),(378,'5bff63207c7bf076d76ff3036b5dad54',0,0,32,55,0,'FF',9,2,4,'Current:','','',2,7),(379,'979fff9d691ca35e3f4b3383d9cae43f',0,0,32,55,0,'FF',9,2,1,'Average:','','',2,8),(380,'0e715933830112c23c15f7e3463f77b6',0,0,32,55,0,'FF',9,2,3,'Maximum:','','on',2,11),(383,'5b43e4102600ad75379c5afd235099c4',0,0,32,54,0,'FF',1,0,1,'Total In:  |sum:auto:current:2:auto|','','on',2,5),(384,'db7c15d253ca666601b3296f2574edc9',0,0,32,55,0,'FF',1,0,1,'Total Out: |sum:auto:current:2:auto|','','on',2,12),(385,'fdaec5b9227522c758ad55882c483a83',0,0,33,55,0,'FF',9,0,3,'Maximum:','','on',2,11),(386,'6824d29c3f13fe1e849f1dbb8377d3f1',0,0,33,55,0,'FF',9,0,1,'Average:','','',2,8),(387,'54e3971b3dd751dd2509f62721c12b41',0,0,33,55,0,'FF',9,0,4,'Current:','','',2,7),(388,'cf8c9f69878f0f595d583eac109a9be1',0,0,33,55,20,'FF',4,0,1,'Outbound','','',2,6),(389,'de265acbbfa99eb4b3e9f7e90c7feeda',0,0,33,54,0,'FF',9,0,3,'Maximum:','','on',2,4),(390,'777aa88fb0a79b60d081e0e3759f1cf7',0,0,33,54,0,'FF',9,0,1,'Average:','','',2,3),(391,'66bfdb701c8eeadffe55e926d6e77e71',0,0,33,54,0,'FF',9,0,4,'Current:','','',2,2),(392,'3ff8dba1ca6279692b3fcabed0bc2631',0,0,33,54,22,'FF',7,0,1,'Inbound','','',2,1),(393,'d6041d14f9c8fb9b7ddcf3556f763c03',0,0,33,55,0,'FF',1,0,1,'Total Out: |sum:auto:current:2:auto|','','on',2,12),(394,'76ae747365553a02313a2d8a0dd55c8a',0,0,33,54,0,'FF',1,0,1,'Total In:  |sum:auto:current:2:auto|','','on',2,5),(465,'5654785da70d2161933204e834392b61',0,0,39,104,0,'FF',9,0,4,'Cur:','','',7,34),(464,'b8ec43fbea7ac6d147f41e44cb68f6c8',0,0,39,104,115,'FF',8,0,1,'Gracefully Finishing','','',7,33),(463,'808230a30be8b51ab1dc6bc7f4115fed',0,0,39,109,0,'FF',9,0,3,'Max:','','on',7,32),(407,'41316670b1a36171de2bda91a0cc2364',0,0,34,96,98,'FF',7,0,1,'','','',2,1),(408,'c9e8cbdca0215b434c902e68755903ea',0,0,34,96,0,'FF',9,0,4,'Current:','','',2,2),(409,'dab91d7093e720841393feea5bdcba85',0,0,34,96,0,'FF',9,0,1,'Average:','','',2,3),(410,'03e5bd2151fea3c90843eb1130b84458',0,0,34,96,0,'FF',9,0,3,'Maximum:','','on',2,4),(545,'0f80429ab6d2f04207f60c1ebe4563ae',0,0,46,131,0,'FF',9,0,4,'Cur:','','',7,14),(546,'2e83d986f9cabdc8e9975e82b4c3989a',0,0,46,131,0,'FF',9,0,1,'Avg:','','',7,15),(547,'6d7cb7a7a4ed9110902bc54dc04497b4',0,0,46,131,0,'FF',9,0,3,'Max:','','on',7,16),(548,'9eac3e83b1c23ff10007fb398bb60a7c',0,0,46,130,134,'FF',8,0,1,'Memfree','','',7,17),(549,'09c04ad62dcccb58d5cc1345525692c0',0,0,46,130,0,'FF',9,0,4,'Cur:','','',7,18),(550,'b1868a36676abc3c36b8a7bc60369254',0,0,46,130,0,'FF',9,0,1,'Avg:','','',7,19),(551,'3f878ee094eab1e8e0ce5ea025ef5f80',0,0,46,130,0,'FF',9,0,3,'Max:','','on',7,20),(552,'5dff74f87d75201a107e2d571e6229c6',0,0,47,134,135,'FF',7,0,1,'Reads','','',7,1),(553,'635fe1b6f079313ba7912ddacdcf4b7d',0,0,47,134,0,'FF',9,0,4,'Cur:','','',7,2),(554,'b8fd759d3da66243b8cc573b7e4a9092',0,0,47,134,0,'FF',9,0,1,'Avg:','','',7,3),(555,'7a67bf1b846293a345a418c4c80441c8',0,0,47,134,0,'FF',9,0,3,'Max:','','on',7,4),(556,'0e674a2b85632f25a372595d6030d987',0,0,47,136,136,'FF',8,0,1,'Reads Merged','','',7,5),(557,'3f6e0a30d7cda21b0f7065426eee0888',0,0,47,136,0,'FF',9,0,4,'Cur:','','',7,6),(558,'6f8339aa3b8088f332565d5bb985f138',0,0,47,136,0,'FF',9,0,1,'Avg:','','',7,7),(559,'af1d96a35bee65c8779e9d52f7aa8a7b',0,0,47,136,0,'FF',9,0,3,'Max:','','on',7,8),(560,'01ef9478893603249f91e0a016649466',0,0,47,135,137,'FF',7,17,1,'Writes','','',7,9),(561,'5f3c804e327941a58f137d2301839491',0,0,47,135,0,'FF',9,0,4,'Cur:','','',7,10),(562,'5e62f46fcd76bb4974cb18cc8f46c492',0,0,47,135,0,'FF',9,0,1,'Avg:','','',7,11),(563,'054ded217b8c6a43a02f136b356c9607',0,0,47,135,0,'FF',9,0,3,'Max:','','on',7,12),(564,'3e5ae41f743d8432af0c6dcf2b406b1b',0,0,47,133,138,'FF',8,17,1,'Writes Merged','','',7,13),(565,'2a844c6f35d1232215842fe413ac3547',0,0,47,133,0,'FF',9,0,4,'Cur:','','',7,14),(566,'f1f2e0a65bbad6d1d80dc319c119b110',0,0,47,133,0,'FF',9,0,1,'Avg:','','',7,15),(567,'ccc2547ac9c9d1466544fb07c1e97622',0,0,47,133,0,'FF',9,0,3,'Max:','','on',7,16),(568,'1322603c1478b9c269a3a9d48cd7d666',0,0,48,138,139,'FF',7,0,1,'Sectors Read','','',7,1),(569,'1c73abb91257171cda23e17fc752c7f3',0,0,48,138,0,'FF',9,0,4,'Cur:','','',7,2),(570,'97de8dd7f20fd120c4928e93c259eb50',0,0,48,138,0,'FF',9,0,1,'Avg:','','',7,3),(571,'76d92af79f53dfd78f08dbf288cdf911',0,0,48,138,0,'FF',9,0,3,'Max:','','on',7,4),(572,'e728b0da074268c913517b4afbf5f5ee',0,0,48,137,140,'FF',7,17,1,'Sectors Written','','',7,5),(573,'e2d13c3ecf15741177b2d4acbf996474',0,0,48,137,0,'FF',9,0,4,'Cur:','','',7,6),(574,'485b60345e90c88b62f2fcc73e3c3fd5',0,0,48,137,0,'FF',9,0,1,'Avg:','','',7,7),(575,'da93e70aed7ccf2e031ca8b5d7ce0cc8',0,0,48,137,0,'FF',9,0,3,'Max:','','on',7,8),(576,'d93dc59c223c20df0b8445e78702ed83',0,0,49,140,141,'FF',7,0,1,'Time Spent Reading','','',7,1),(577,'8f43c3d55a513c83b9eb7ec4fc5ebc2a',0,0,49,140,0,'FF',9,0,4,'Cur:','','',7,2),(578,'6006021609ce0d7340804aa4f4cf1eff',0,0,49,140,0,'FF',9,0,1,'Avg:','','',7,3),(579,'49fbe22678e639298f5c2ee7add8a003',0,0,49,140,0,'FF',9,0,3,'Max:','','on',7,4),(580,'620cfacee3a24a5bea731882f9fa9970',0,0,49,139,142,'FF',7,17,1,'Time Spent Writing','','',7,5),(581,'917d1ba0256e20f8d2523b7b1583e0d8',0,0,49,139,0,'FF',9,0,4,'Cur:','','',7,6),(582,'8b5aaa11f29fa85fc73a8aa456d00aea',0,0,49,139,0,'FF',9,0,1,'Avg:','','',7,7),(583,'e55dd0056e78acc018384699ced1916e',0,0,49,139,0,'FF',9,0,3,'Max:','','on',7,8),(584,'022c37d7f3c4c3fc8058983e044c5d79',0,0,50,141,143,'FF',7,20,1,'Read Time per IO','','',7,1),(585,'36b65564077a54cfd7de22b13cdfd696',0,0,50,141,0,'FF',9,20,4,'Cur:','','',7,2),(586,'3ce943d0548949504b78c15bfbb51611',0,0,50,141,0,'FF',9,20,1,'Avg:','','',7,3),(587,'ba7fb6841c3adb81ec725d01bce31ef1',0,0,50,141,0,'FF',9,20,3,'Max:','','on',7,4),(588,'8b464b836ea901813efd2071ff03b5f5',0,0,50,144,144,'FF',7,19,1,'Write Time per IO','','',7,5),(589,'43e74481ec8d66ff535d7e03f4a95674',0,0,50,144,0,'FF',9,18,4,'Cur:','','',7,6),(590,'bb4eebac2addf8a2333027bcb75249a7',0,0,50,144,0,'FF',9,18,1,'Avg:','','',7,7),(591,'e6155d0b442051210e698515c2d6a79d',0,0,50,144,0,'FF',9,18,3,'Max:','','on',7,8),(592,'d0db9b42bce29daba84ccc1c72136ce7',0,0,50,143,0,'FF',1,0,1,'','','',7,9),(593,'78a41b35261381d28a5388a64c5d0709',0,0,50,142,0,'FF',1,0,1,'','','',7,10),(594,'5a43f7094fb30d04e8858907dc67f894',0,0,51,146,145,'FF',4,0,1,'Io Time','','',7,1),(595,'19fb33ec515fdc8dbb69259e766c6065',0,0,51,146,0,'FF',9,0,4,'Cur:','','',7,2),(596,'1aa16e95acaf6258349722c64c545a21',0,0,51,146,0,'FF',9,0,1,'Avg:','','',7,3),(597,'bfc77bcd39f6efa10aade1680db7ca97',0,0,51,146,0,'FF',9,0,3,'Max:','','on',7,4),(598,'c5e694db200337a2c070f59c6c585bfd',0,0,51,145,146,'FF',4,0,1,'Io Time Weighted','','',7,5),(599,'159f269656bdf5d77414ace864ee7f4a',0,0,51,145,0,'FF',9,0,4,'Cur:','','',7,6),(600,'2c6fecf1f30c2aac8c327e610a3629f2',0,0,51,145,0,'FF',9,0,1,'Avg:','','',7,7),(601,'8e7d81985d52d17c4cda7d1f29927a11',0,0,51,145,0,'FF',9,0,3,'Max:','','on',7,8),(602,'e2e5174608b012cffb4c9cb79e4df93b',0,0,52,147,147,'FF',7,0,1,'Io Ops','','',7,1),(603,'0613f3be05727a2e4dfc19b7a98d0fb6',0,0,52,147,0,'FF',9,0,4,'Cur:','','',7,2),(604,'1d3beb52f4a1c00844ca7369f6219003',0,0,52,147,0,'FF',9,0,1,'Avg:','','',7,3),(605,'7b63e71259524509b63b06dbaeaebe3e',0,0,52,147,0,'FF',9,0,3,'Max:','','on',7,4),(606,'2d46e5f5be1e127d281f5a330d871ad5',0,0,53,148,148,'FF',7,0,1,'Used','','',7,1),(607,'5bad17b9bf1c228ece530c3cf27d800e',0,0,53,148,0,'FF',9,0,4,'Cur:','','',7,2),(608,'5e2651c62f10c46ffd86c7c2d5aef4b0',0,0,53,148,0,'FF',9,0,1,'Avg:','','',7,3),(609,'c61f1df4dadc94df9c26bb6c059e533e',0,0,53,148,0,'FF',9,0,3,'Max:','','on',7,4),(610,'689107b33e2d9e41e6e097eb3b92d097',0,0,53,149,149,'FF',8,0,1,'Available','','',7,5),(611,'43d0171e2384ccf90e04ee4fff2366bf',0,0,53,149,0,'FF',9,0,4,'Cur:','','',7,6),(612,'926c0979234050421ee978f8d5b46900',0,0,53,149,0,'FF',9,0,1,'Avg:','','',7,7),(613,'e8e60165457173e59b1528c1f5040a7d',0,0,53,149,0,'FF',9,0,3,'Max:','','on',7,8),(614,'ba37c31f9b986c98e0d9738c264e520b',0,0,54,151,22,'FF',7,16,1,'Inbound','','',7,1),(615,'49a9aacadfd8eba4221b5743cc056847',0,0,54,151,0,'FF',9,16,4,'Cur:','','',7,2),(616,'dfd8b4964a5f5b0282551d65cb80b71a',0,0,54,151,0,'FF',9,16,1,'Avg:','','',7,3),(617,'c277294a3d867b35c81200588ffaf1cc',0,0,54,151,0,'FF',9,16,3,'Max:','','on',7,4),(618,'fd3c2eae30d53866483951c3e21d00d0',0,0,54,150,20,'FF',4,16,1,'Outbound','','',7,5),(619,'272171450759a8dd6b387eec9e8db6aa',0,0,54,150,0,'FF',9,16,4,'Cur:','','',7,6),(620,'1d9e11b6c810a5a7099abe30d99c17bc',0,0,54,150,0,'FF',9,16,1,'Avg:','','',7,7),(621,'4f475685baeac1e635646d2551647231',0,0,54,150,0,'FF',9,16,3,'Max:','','on',7,8),(622,'7287087246c402ba73fcce86f915f760',0,0,55,156,150,'FF',4,0,1,'Rxerrs','','',7,1),(623,'2b2b26c7666c86c82887cc139f2eb7fb',0,0,55,156,0,'FF',9,0,4,'Cur:','','',7,2),(624,'6acbf3cc25854d069e8a99dba1974f4b',0,0,55,156,0,'FF',9,0,1,'Avg:','','',7,3),(625,'4271a56c4115191966777bcb6f94ab40',0,0,55,156,0,'FF',9,0,3,'Max:','','on',7,4),(626,'7ecef20147056bf122550163b0f9adef',0,0,55,157,151,'FF',4,0,1,'Rxdrop','','',7,5),(627,'4abfe5265349caf206867c761a05863b',0,0,55,157,0,'FF',9,0,4,'Cur:','','',7,6),(628,'2f9239fa2723b65267e3ba4a183c97d4',0,0,55,157,0,'FF',9,0,1,'Avg:','','',7,7),(629,'13b19049ac84ffae4d9f5e444d0e3171',0,0,55,157,0,'FF',9,0,3,'Max:','','on',7,8),(630,'b635e1774e7f6eeeb9bb7ccd04eb3da4',0,0,55,159,152,'FF',4,0,1,'Rxfifo','','',7,9),(631,'e1e74fbf450f98878a4465bb7fac3804',0,0,55,159,0,'FF',9,0,4,'Cur:','','',7,10),(632,'5d4cdb28a27e9a58026e6299dcf5a352',0,0,55,159,0,'FF',9,0,1,'Avg:','','',7,11),(633,'8a16aeb83a691a00a9f2570c93bbca89',0,0,55,159,0,'FF',9,0,3,'Max:','','on',7,12),(634,'88bc0990bffac4f052a54e4a6040c694',0,0,55,158,153,'FF',4,0,1,'Rxframe','','',7,13),(635,'7497e394bd1fc55f7bc9f0e1a8dd9151',0,0,55,158,0,'FF',9,0,4,'Cur:','','',7,14),(636,'55ac118ecc62d981014460e74b4a3ba5',0,0,55,158,0,'FF',9,0,1,'Avg:','','',7,15),(637,'66557493fcdff219996b125d662b96cb',0,0,55,158,0,'FF',9,0,3,'Max:','','on',7,16),(638,'dee3b486a239536eda0b58fb6d4fcd9a',0,0,55,153,150,'FF',4,17,1,'Txerrs','','',7,17),(639,'507717536e2fbe98781f77f6abf93830',0,0,55,153,0,'FF',9,0,4,'Cur:','','',7,18),(640,'8ef8007564f5b1b9df11543cd0b7e86b',0,0,55,153,0,'FF',9,0,1,'Avg:','','',7,19),(641,'cfc87a535d32447a5a345035f6efd767',0,0,55,153,0,'FF',9,0,3,'Max:','','on',7,20),(642,'42de96329ad2531aa52ef589a9f5d694',0,0,55,160,151,'FF',4,17,1,'Txdrop','','',7,21),(643,'db5e458333efbff085e0a48e1d24674d',0,0,55,160,0,'FF',9,0,4,'Cur:','','',7,22),(644,'be0d3eb4ec827db1e4d7f06c3cb8041b',0,0,55,160,0,'FF',9,0,1,'Avg:','','',7,23),(645,'6f7081ea6b918d0eebc91e03444146d6',0,0,55,160,0,'FF',9,0,3,'Max:','','on',7,24),(646,'81f81d7b58eb086b76ac6ad9d6b15ee0',0,0,55,155,152,'FF',4,17,1,'Txfifo','','',7,25),(647,'429ab7441dd22d8f5cb3b0b78c5a9870',0,0,55,155,0,'FF',9,0,4,'Cur:','','',7,26),(648,'79e030392238a7ceb5973c4007d742f1',0,0,55,155,0,'FF',9,0,1,'Avg:','','',7,27),(649,'84b295d795a090002d295d693a2fb243',0,0,55,155,0,'FF',9,0,3,'Max:','','on',7,28),(650,'0a2e9e71d2e1d99a4370155a8db5d45f',0,0,55,154,154,'FF',4,17,1,'Txcolls','','',7,29),(651,'04379d981a4d2180a52d20183539b6e4',0,0,55,154,0,'FF',9,0,4,'Cur:','','',7,30),(652,'7a34b5f0a23a1d1c08225c1d8e0210f2',0,0,55,154,0,'FF',9,0,1,'Avg:','','',7,31),(653,'5d50a5d3553626022b20ebce33f575de',0,0,55,154,0,'FF',9,0,3,'Max:','','on',7,32),(654,'019ed7f88bb5df2639144995ad27c5ef',0,0,55,152,155,'FF',4,17,1,'Txcarrier','','',7,33),(655,'3393c314bbac61165dd0e06a926d5fa7',0,0,55,152,0,'FF',9,0,4,'Cur:','','',7,34),(656,'0bc89b24bad465731dbce9f68b336b4e',0,0,55,152,0,'FF',9,0,1,'Avg:','','',7,35),(657,'1fbcc8809403f58ddbd2b449e915a527',0,0,55,152,0,'FF',9,0,3,'Max:','','on',7,36),(658,'17424d8807e449cca7363f4dbf908aad',0,0,56,161,156,'FF',7,0,1,'Established','','',7,1),(659,'f0f23f9ad7b1b3e7ecd2439d65b13138',0,0,56,161,0,'FF',9,0,4,'Cur:','','',7,2),(660,'90a37152c9d7284fda0cfe0b3d44cb0b',0,0,56,161,0,'FF',9,0,1,'Avg:','','',7,3),(661,'3fcdee4cbd92158da7c4518eff906afb',0,0,56,161,0,'FF',9,0,3,'Max:','','on',7,4),(662,'e33f934640665658962e1bfa4f1844fb',0,0,56,164,157,'FF',8,0,1,'Syn Sent','','',7,5),(663,'fef818200901e473023793702eb8766d',0,0,56,164,0,'FF',9,0,4,'Cur:','','',7,6),(664,'9ffe319fdff1f4f619f2ad33940ea8e8',0,0,56,164,0,'FF',9,0,1,'Avg:','','',7,7),(665,'5761452e973beaa31cce4d230aea909a',0,0,56,164,0,'FF',9,0,3,'Max:','','on',7,8),(666,'1c198691e2d0815a1d4254034563ecbf',0,0,56,168,158,'FF',8,0,1,'Syn Recv','','',7,9),(667,'ac896c56127854d15a29457082ffdc6b',0,0,56,168,0,'FF',9,0,4,'Cur:','','',7,10),(668,'8a7f072d0e4e3259fd5430cb99c475f8',0,0,56,168,0,'FF',9,0,1,'Avg:','','',7,11),(669,'f64a6e78309ac3af1c3807e1f4ec61ef',0,0,56,168,0,'FF',9,0,3,'Max:','','on',7,12),(670,'c0e38999e1a2c8020108afa56a5c5038',0,0,56,172,159,'FF',8,0,1,'Fin Wait1','','',7,13),(671,'f028f04627931c3756c15e77a9581bd6',0,0,56,172,0,'FF',9,0,4,'Cur:','','',7,14),(672,'f68fbc90a05b2dfe444d5980b522b90a',0,0,56,172,0,'FF',9,0,1,'Avg:','','',7,15),(673,'479d2918efa718cecc97595930c07c61',0,0,56,172,0,'FF',9,0,3,'Max:','','on',7,16),(674,'8cb8569682a4aca97d99fafd3ba4763f',0,0,56,163,160,'FF',8,0,1,'Fin Wait2','','',7,17),(675,'498b91e65ce56425ac73577451195dd6',0,0,56,163,0,'FF',9,0,4,'Cur:','','',7,18),(676,'f92b29999ea0cf5d01a9192eda5e8048',0,0,56,163,0,'FF',9,0,1,'Avg:','','',7,19),(677,'c68456624048625bb8e84d4b8939bc3a',0,0,56,163,0,'FF',9,0,3,'Max:','','on',7,20),(678,'dc40dbc7afa5176b4b04da76761922cd',0,0,56,166,152,'FF',8,0,1,'Time Wait','','',7,21),(679,'295e35b7a5fa0152d9e9ee87f96f0c7f',0,0,56,166,0,'FF',9,0,4,'Cur:','','',7,22),(680,'195e7b96091d25ae1d322e8d623e9f0b',0,0,56,166,0,'FF',9,0,1,'Avg:','','',7,23),(681,'58144c5ad7e23a8e839b955310659db7',0,0,56,166,0,'FF',9,0,3,'Max:','','on',7,24),(682,'0451f316904fa57f84824978de4bee4f',0,0,56,162,151,'FF',8,0,1,'Close','','',7,25),(683,'43fa1c9291d427a1b3df623d81c64a71',0,0,56,162,0,'FF',9,0,4,'Cur:','','',7,26),(684,'5617731fc041ded958a4944abcf5530d',0,0,56,162,0,'FF',9,0,1,'Avg:','','',7,27),(685,'c24f5390b1f2025cbf9e25a4de1f8b4d',0,0,56,162,0,'FF',9,0,3,'Max:','','on',7,28),(686,'cf87c41f088d77991f1cd4ad2b7bfbcf',0,0,56,171,150,'FF',8,0,1,'Close Wait','','',7,29),(687,'181028db4b2520474a158d5509a45610',0,0,56,171,0,'FF',9,0,4,'Cur:','','',7,30),(688,'c9bb9514d9d43ea876b13a49be07501b',0,0,56,171,0,'FF',9,0,1,'Avg:','','',7,31),(689,'f665b51c2365b30519bcba74c69cb9d4',0,0,56,171,0,'FF',9,0,3,'Max:','','on',7,32),(690,'7bc5ba4da3bef2056d2010aa647209b5',0,0,56,169,154,'FF',8,0,1,'Last Ack','','',7,33),(691,'62b9ab92d3d1c7f345d06913016f11bb',0,0,56,169,0,'FF',9,0,4,'Cur:','','',7,34),(692,'0a8421fa8bbde30a0d337cf28aeb2f6e',0,0,56,169,0,'FF',9,0,1,'Avg:','','',7,35),(693,'7269e53b1eb62c347b8aaea7dfde2bcd',0,0,56,169,0,'FF',9,0,3,'Max:','','on',7,36),(694,'30c63b09112d4b0369128066bc5dd010',0,0,56,165,161,'FF',8,0,1,'Listen','','',7,37),(695,'0801b95b7d155227fcc41dba62cbe8d3',0,0,56,165,0,'FF',9,0,4,'Cur:','','',7,38),(696,'712bd258ff7945d9d594e20ac98aa1c1',0,0,56,165,0,'FF',9,0,1,'Avg:','','',7,39),(697,'1d800a5bdc92dc6be2615189193755e5',0,0,56,165,0,'FF',9,0,3,'Max:','','on',7,40),(698,'628820972c6d80b767c25de66e36bef2',0,0,56,167,162,'FF',8,0,1,'Closing','','',7,41),(699,'1bcc796b249df46c7ce96fc3738ec4d7',0,0,56,167,0,'FF',9,0,4,'Cur:','','',7,42),(700,'c592ad18c43282f23dbe986d64d7079e',0,0,56,167,0,'FF',9,0,1,'Avg:','','',7,43),(701,'8864b75cd89ebe6d3753e9ae0875afe0',0,0,56,167,0,'FF',9,0,3,'Max:','','on',7,44),(702,'eea8db617a44c3ad9c9e89f08706ffc6',0,0,56,170,163,'FF',8,0,1,'Unknown','','',7,45),(703,'3027d8ef57d39951e34fb7de4e13eac9',0,0,56,170,0,'FF',9,0,4,'Cur:','','',7,46),(704,'68e30623864abee4a3c39d79386cbef6',0,0,56,170,0,'FF',9,0,1,'Avg:','','',7,47),(705,'01934ebaae64e19b80120114e3bebca8',0,0,56,170,0,'FF',9,0,3,'Max:','','on',7,48),(706,'e1efbb460489ce77a749b6140d8ae7af',0,0,57,173,164,'FF',7,0,1,'Pswpin','','',7,1),(707,'104febce5ecfc805368f816ad1dc308a',0,0,57,173,0,'FF',9,0,4,'Cur:','','',7,2),(708,'ca1d2950732c13201ee64b23068f4738',0,0,57,173,0,'FF',9,0,1,'Avg:','','',7,3),(709,'ccce7b1a4fdff662cbd52690b72887b6',0,0,57,173,0,'FF',9,0,3,'Max:','','on',7,4),(710,'2dee09c88901350e50e9441be5e81e44',0,0,57,174,165,'FF',7,17,1,'Pswpout','','',7,5),(711,'7d993c0625d92a2cfb8950fbdea4f31d',0,0,57,174,0,'FF',9,0,4,'Cur:','','',7,6),(712,'7011c686018b13ac1752fe33fe503cf2',0,0,57,174,0,'FF',9,0,1,'Avg:','','',7,7),(713,'db4438d64b12a3b16141e6d6bad7601c',0,0,57,174,0,'FF',9,0,3,'Max:','','on',7,8),(714,'815d08ec6b65093237192a1f53c0e8d2',0,0,58,175,119,'FF',7,0,1,'Rusage User','','',7,1),(715,'76ef8617ca8b69e24066c0acd45f4d7a',0,0,58,175,0,'FF',9,0,4,'Cur:','','',7,2),(716,'0a505d914c460134db5ea2acec80d8e6',0,0,58,175,0,'FF',9,0,1,'Avg:','','',7,3),(717,'c9098fc04a259c04f925d8bf9786f53d',0,0,58,175,0,'FF',9,0,3,'Max:','','on',7,4),(718,'69880d6592e4f0e603716c64044b0b06',0,0,58,176,166,'FF',8,0,1,'Rusage System','','',7,5),(719,'57c68ef78f38cfd193e68e9e3dd1d7db',0,0,58,176,0,'FF',9,0,4,'Cur:','','',7,6),(720,'38af7509139b717e02aa5094d4e170fa',0,0,58,176,0,'FF',9,0,1,'Avg:','','',7,7),(721,'a324f93ec4c484bf4b7745c9ef421698',0,0,58,176,0,'FF',9,0,3,'Max:','','on',7,8),(722,'a965fa78c816b2a89d061d4d1889ab3c',0,0,59,177,167,'FF',4,0,1,'Curr Items','','',7,1),(723,'af46fc28dc5312c582baf221350f1a2b',0,0,59,177,0,'FF',9,0,4,'Cur:','','',7,2),(724,'e715febf84b74abdb70b38fa5c36c4f3',0,0,59,177,0,'FF',9,0,1,'Avg:','','',7,3),(725,'aa660017aaa5d7265ce0d9f0058ca547',0,0,59,177,0,'FF',9,0,3,'Max:','','on',7,4),(726,'48ad4ba59c595a0948aea27c09c89462',0,0,60,179,168,'FF',7,0,1,'Total Items','','',7,1),(727,'8a2883cd4698ce92bfda14e827d3739a',0,0,60,179,0,'FF',9,0,4,'Cur:','','',7,2),(728,'b7cd4b0586bb55a19b88d15cbe6364a8',0,0,60,179,0,'FF',9,0,1,'Avg:','','',7,3),(729,'addbd8d8e882b7c367cc4f04720a3644',0,0,60,179,0,'FF',9,0,3,'Max:','','on',7,4),(730,'af2ef7ef304cfd02a90fbdeffbed686f',0,0,60,178,169,'FF',7,17,1,'Evictions','','',7,5),(731,'731ebf2fabddd0cc5c516688987085f9',0,0,60,178,0,'FF',9,0,4,'Cur:','','',7,6),(732,'c666da7c51fd1bfd95b8dfdbb6b4bb8a',0,0,60,178,0,'FF',9,0,1,'Avg:','','',7,7),(733,'a9158467449c455de71e37f1bfb10305',0,0,60,178,0,'FF',9,0,3,'Max:','','on',7,8),(734,'f751e9e395fff210df10a5380a133f6d',0,0,61,180,170,'FF',7,0,1,'Bytes','','',7,1),(735,'a30667b9978e4e5ff5f98cfa114c539c',0,0,61,180,0,'FF',9,0,4,'Cur:','','',7,2),(736,'a6c637b2f1d0ae58e426ae0ae26fe581',0,0,61,180,0,'FF',9,0,1,'Avg:','','',7,3),(737,'97422a226323ed7526db2e7ca371ec74',0,0,61,180,0,'FF',9,0,3,'Max:','','on',7,4),(738,'450d89e89e0cb361ff0bce55713b780a',0,0,62,181,171,'FF',4,0,1,'Curr Connections','','',7,1),(739,'f3bb9eef3139e9b48c0c132b38bd8718',0,0,62,181,0,'FF',9,0,4,'Cur:','','',7,2),(740,'e26b57215acfa43222ba50326ad7df01',0,0,62,181,0,'FF',9,0,1,'Avg:','','',7,3),(741,'3e03b399913fd0c886395fdcec7ad7bf',0,0,62,181,0,'FF',9,0,3,'Max:','','on',7,4),(742,'25df489910ba041730e40c85549747f9',0,0,62,182,172,'FF',4,0,1,'Total Connections','','',7,5),(743,'032423939dbf12ba0d74b596fb3f663a',0,0,62,182,0,'FF',9,0,4,'Cur:','','',7,6),(744,'2372082b5f1d0dab9d575bcc9ffed836',0,0,62,182,0,'FF',9,0,1,'Avg:','','',7,7),(745,'43683b7065456038a3c7e44409af0362',0,0,62,182,0,'FF',9,0,3,'Max:','','on',7,8),(746,'07ae9cc204281b08aef5eb8d35fcf9fa',0,0,63,185,173,'FF',7,0,1,'Cmd Get','','',7,1),(747,'b8fb17c0f3c52ddd24e4d6589ba3a0c8',0,0,63,185,0,'FF',9,0,4,'Cur:','','',7,2),(748,'f0cb70e493461b809813dc7ce75de7a2',0,0,63,185,0,'FF',9,0,1,'Avg:','','',7,3),(749,'9bad4d40b5a45c745ab7e767989a6cc5',0,0,63,185,0,'FF',9,0,3,'Max:','','on',7,4),(750,'41bea756aa1e0d2f3ea89841e7dea520',0,0,63,183,174,'FF',5,0,1,'Get Misses','','',7,5),(751,'5e97ae4d0e545f01146c12be57a09e71',0,0,63,183,0,'FF',9,0,4,'Cur:','','',7,6),(752,'146d4b71e434ca3d951c978bb3fa6139',0,0,63,183,0,'FF',9,0,1,'Avg:','','',7,7),(753,'198569ade9a27097fe26aaf187c61bcf',0,0,63,183,0,'FF',9,0,3,'Max:','','on',7,8),(754,'850212f1e3977536383c3ccbc92c94e5',0,0,63,184,170,'FF',7,17,1,'Cmd Set','','',7,9),(755,'6ab59b910a9c90db580991d3e87a5700',0,0,63,184,0,'FF',9,0,4,'Cur:','','',7,10),(756,'683d1f389df140701a664b9a501dfb04',0,0,63,184,0,'FF',9,0,1,'Avg:','','',7,11),(757,'a0614cf07351f017fe6ade4b406e81d2',0,0,63,184,0,'FF',9,0,3,'Max:','','on',7,12),(758,'485efaaf3d24d2d5916f60a0117f821f',0,0,64,187,175,'FF',7,0,1,'Bytes Read','','',7,1),(759,'2d368583e842ff6ccf2f34da6ee76643',0,0,64,187,0,'FF',9,0,4,'Cur:','','',7,2),(760,'ecc88b43211053850bb754ce83f77dca',0,0,64,187,0,'FF',9,0,1,'Avg:','','',7,3),(761,'116ddfa141cf301196f57ff2732df4c5',0,0,64,187,0,'FF',9,0,3,'Max:','','on',7,4),(762,'7017a398138cdae915f954cc594f3f42',0,0,64,186,176,'FF',7,17,1,'Bytes Written','','',7,5),(763,'6cc3f3a156019d12fe917ff545ca9996',0,0,64,186,0,'FF',9,0,4,'Cur:','','',7,6),(764,'d3eaa8656052069a1bf4ad321a641bb5',0,0,64,186,0,'FF',9,0,1,'Avg:','','',7,7),(765,'ad3e0f7aa081d8891d491ecf660ee83d',0,0,64,186,0,'FF',9,0,3,'Max:','','on',7,8),(766,'ebced2b4f26ed1495c63fc2f7ab722c4',0,0,65,188,177,'FF',4,0,1,'Connected Clients','','',7,1),(767,'5ac85f5f172ad4648d65036bd2e10f36',0,0,65,188,0,'FF',9,0,4,'Cur:','','',7,2),(768,'2574cc7c7297d62a575944f1b66470d4',0,0,65,188,0,'FF',9,0,1,'Avg:','','',7,3),(769,'4b9c36371617d559727f797c166d527d',0,0,65,188,0,'FF',9,0,3,'Max:','','on',7,4),(770,'d1144a397ca56ce5efd03a02e350aef3',0,0,66,191,147,'FF',7,0,1,'Used Virtual Memory','','',7,1),(771,'eb6f5f040392edb6a53dc395c5b1c539',0,0,66,191,0,'FF',9,0,4,'Cur:','','',7,2),(772,'ee619833f2aae85aa1e03296769deb6e',0,0,66,191,0,'FF',9,0,1,'Avg:','','',7,3),(773,'069fca9b9c76ac88cb1735e6761dfea4',0,0,66,191,0,'FF',9,0,3,'Max:','','on',7,4),(774,'53e1859be4b7ef43653d390b8d5bdeba',0,0,66,190,178,'FF',7,0,1,'Used Mapped Memory','','',7,5),(775,'c5697bcf27a48858ed10ca44e1995a73',0,0,66,190,0,'FF',9,0,4,'Cur:','','',7,6),(776,'6c7284363a5f3aff550977f084bb8a0e',0,0,66,190,0,'FF',9,0,1,'Avg:','','',7,7),(777,'0a35342a25cb45b04eb0c0cac7b23484',0,0,66,190,0,'FF',9,0,3,'Max:','','on',7,8),(778,'99e33e308aa02192637c3b8cefae4f44',0,0,66,189,179,'FF',7,0,1,'Used Resident Memory','','',7,9),(779,'ce786c919e8fe2ae32087485d91ccc5b',0,0,66,189,0,'FF',9,0,4,'Cur:','','',7,10),(780,'57a5ddcd05da3b71e2ca26326978604c',0,0,66,189,0,'FF',9,0,1,'Avg:','','',7,11),(781,'3d307947b531f878d68473e907f7050d',0,0,66,189,0,'FF',9,0,3,'Max:','','on',7,12),(782,'a0878ac88f101b387bf5c60696619a89',0,0,67,193,180,'FF',4,0,1,'Op Inserts','','',7,1),(783,'f4146be08a4eaaefd1aaf855664fe2c4',0,0,67,193,0,'FF',9,0,4,'Cur:','','',7,2),(784,'76ec9dfea442c668a2e3e95c2b564982',0,0,67,193,0,'FF',9,0,1,'Avg:','','',7,3),(785,'bf912a787cdec3f998aa115b0b6cca44',0,0,67,193,0,'FF',9,0,3,'Max:','','on',7,4),(786,'5106b90a75080ff40ef64059fa2885be',0,0,67,192,181,'FF',4,0,1,'Op Queries','','',7,5),(787,'388712396779f3f4e3075c8354281f9e',0,0,67,192,0,'FF',9,0,4,'Cur:','','',7,6),(788,'e8b4e81fcecbf4d6ca6c0a8c1bae3efb',0,0,67,192,0,'FF',9,0,1,'Avg:','','',7,7),(789,'bcba7cfc7d0106bacc1529d2c5cf850d',0,0,67,192,0,'FF',9,0,3,'Max:','','on',7,8),(790,'56672b57dd04f971ac1b962702cddfe2',0,0,67,197,182,'FF',4,0,1,'Op Updates','','',7,9),(791,'0a83e62751aa3de737df54bb61bdaf2d',0,0,67,197,0,'FF',9,0,4,'Cur:','','',7,10),(792,'31af37e06052ddc3ae2453762f5070c6',0,0,67,197,0,'FF',9,0,1,'Avg:','','',7,11),(793,'ccef69c1c7e8de58cbb1b9439bd8a36d',0,0,67,197,0,'FF',9,0,3,'Max:','','on',7,12),(794,'def2bb376198cd5b37eeab9b7dd32010',0,0,67,194,183,'FF',4,0,1,'Op Deletes','','',7,13),(795,'dd4bc4ae154a26d9b57613adbf15cf5e',0,0,67,194,0,'FF',9,0,4,'Cur:','','',7,14),(796,'b93223c54946a1ae4427808050a88d59',0,0,67,194,0,'FF',9,0,1,'Avg:','','',7,15),(797,'4dacdb1685abf81b6746e701f1e30563',0,0,67,194,0,'FF',9,0,3,'Max:','','on',7,16),(798,'6c6e9f8aaaac56d8f594495abee9beed',0,0,67,196,184,'FF',4,0,1,'Op Getmores','','',7,17),(799,'fa251cf4de93185a2888434ef686ad69',0,0,67,196,0,'FF',9,0,4,'Cur:','','',7,18),(800,'7ea793dce043626cb2d5776c0a516eff',0,0,67,196,0,'FF',9,0,1,'Avg:','','',7,19),(801,'624efb05355df8949ea5bbac2baf917c',0,0,67,196,0,'FF',9,0,3,'Max:','','on',7,20),(802,'b83f7a79877fe807f526ad29b5345627',0,0,67,195,185,'FF',4,0,1,'Op Commands','','',7,21),(803,'7069b60e07d133e220586eaa37b6db2d',0,0,67,195,0,'FF',9,0,4,'Cur:','','',7,22),(804,'c8e0574e1d56440de98ff18e381d3d69',0,0,67,195,0,'FF',9,0,1,'Avg:','','',7,23),(805,'075ad0144a5ca3f82842cefd0283e294',0,0,67,195,0,'FF',9,0,3,'Max:','','on',7,24),(806,'262e847f11efdf66290a5ec869a3c248',0,0,68,199,180,'FF',4,0,1,'Index Accesses','','',7,1),(807,'0c5adb1398401a6d27423ebb89c05a27',0,0,68,199,0,'FF',9,0,4,'Cur:','','',7,2),(808,'e39b93697b67c61cb1d0e7e063fc3eff',0,0,68,199,0,'FF',9,0,1,'Avg:','','',7,3),(809,'198fbee284e005e8b9f3004b5a6a521a',0,0,68,199,0,'FF',9,0,3,'Max:','','on',7,4),(810,'8dcfdd940141e71956c61c1d6385a25a',0,0,68,198,181,'FF',4,0,1,'Index Hits','','',7,5),(811,'4af945224318ca106ac575665f1d8fdc',0,0,68,198,0,'FF',9,0,4,'Cur:','','',7,6),(812,'115f96ab6b8b92af1fb04be2a93e7adc',0,0,68,198,0,'FF',9,0,1,'Avg:','','',7,7),(813,'1ea5f5ea97c024ae27ce2169886d3d14',0,0,68,198,0,'FF',9,0,3,'Max:','','on',7,8),(814,'ca0f8fc02f9b7f3171b14fbcddc76c4c',0,0,68,201,182,'FF',4,0,1,'Index Misses','','',7,9),(815,'be21f43102070cfe4de22b4c94f5c346',0,0,68,201,0,'FF',9,0,4,'Cur:','','',7,10),(816,'4a4769e3f576ad2a5554fbcbd01cb417',0,0,68,201,0,'FF',9,0,1,'Avg:','','',7,11),(817,'76210c7bef5fd38844213238eddcad1f',0,0,68,201,0,'FF',9,0,3,'Max:','','on',7,12),(818,'b4e284f14d2abc5cc8334b38f4c0ccf2',0,0,68,200,183,'FF',4,0,1,'Index Resets','','',7,13),(819,'64a5aabc5c6cf609eb2c113f9e20512f',0,0,68,200,0,'FF',9,0,4,'Cur:','','',7,14),(820,'955575c7baad31636b21ae17923bea2f',0,0,68,200,0,'FF',9,0,1,'Avg:','','',7,15),(821,'3c7a7bd0ccaab5056795e2c0925d4319',0,0,68,200,0,'FF',9,0,3,'Max:','','on',7,16),(822,'d4ce557366dc60bc10a7bfc5ccb3599d',0,0,69,205,186,'FF',4,0,1,'Back Flushes','','',7,1),(823,'533e198bcef4bd7b5f0069fd2f9346b4',0,0,69,205,0,'FF',9,0,4,'Cur:','','',7,2),(824,'511169ae485c1dd54ce71ee2e2314b38',0,0,69,205,0,'FF',9,0,1,'Avg:','','',7,3),(825,'ae2a1bef380435a09b77e619e4af0458',0,0,69,205,0,'FF',9,0,3,'Max:','','on',7,4),(826,'06d24fa1e08ff80ea4011e465284cacb',0,0,69,203,187,'FF',4,0,1,'Back Total Ms','','',7,5),(827,'97c86cd38d24a5aeacc18499a6e8f7fb',0,0,69,203,0,'FF',9,0,4,'Cur:','','',7,6),(828,'7f1a0aec6216a6ee6cb6d8f1f861b28e',0,0,69,203,0,'FF',9,0,1,'Avg:','','',7,7),(829,'b7298db032da432bd2a9e8902f2007df',0,0,69,203,0,'FF',9,0,3,'Max:','','on',7,8),(830,'6c26b27c6086c0006122abe33ac9637c',0,0,69,202,188,'FF',4,0,1,'Back Average Ms','','',7,9),(831,'2a121c8e20c66b35964799f8f3f609c3',0,0,69,202,0,'FF',9,0,4,'Cur:','','',7,10),(832,'7f81b9dcf27be27651520cdf0b33b771',0,0,69,202,0,'FF',9,0,1,'Avg:','','',7,11),(833,'acd2a59b577cbbaea7bc758438eb1cc4',0,0,69,202,0,'FF',9,0,3,'Max:','','on',7,12),(834,'7e73e6aaf220dfb7598bbf95d0151428',0,0,69,204,189,'FF',4,0,1,'Back Last Ms','','',7,13),(835,'6d755746e8b5e5ad8a17254fd0076610',0,0,69,204,0,'FF',9,0,4,'Cur:','','',7,14),(836,'ffcc7bd545416c036bf3f42cda5b93d2',0,0,69,204,0,'FF',9,0,1,'Avg:','','',7,15),(837,'79b270b2f8b56f09f0fbca4b7a3f317c',0,0,69,204,0,'FF',9,0,3,'Max:','','on',7,16),(838,'57dbb72026ad93c625ff09e58e6fcc27',0,0,70,206,190,'FF',4,0,1,'Slave Lag','','',7,1),(839,'7966e12ad0bf579449ea664a02507aeb',0,0,70,206,0,'FF',9,0,4,'Cur:','','',7,2),(840,'39844808431759aeea3a00dd3555eb41',0,0,70,206,0,'FF',9,0,1,'Avg:','','',7,3),(841,'028fa2e61ada11ce0472b36c6f581c8c',0,0,70,206,0,'FF',9,0,3,'Max:','','on',7,4),(842,'25851df84aba0c8f18aae7936d630db5',0,0,71,209,17,'FF',7,0,1,'Key Read Requests','','',7,1),(843,'8e5265c3da767760caa7e68726f68d5d',0,0,71,209,0,'FF',9,0,4,'Cur:','','',7,2),(844,'7f8add14ebe32b40f5a45e4661707766',0,0,71,209,0,'FF',9,0,1,'Avg:','','',7,3),(845,'e6d2c41f406b387ac18d7aaabce9a0fd',0,0,71,209,0,'FF',9,0,3,'Max:','','on',7,4),(846,'8623ea9e977a28a10e5618289250d6fc',0,0,71,207,80,'FF',4,0,1,'Key Reads','','',7,5),(847,'0298b69cadac59e5be27664b9846a72c',0,0,71,207,0,'FF',9,0,4,'Cur:','','',7,6),(848,'bc6b44d4a3b36a49d059cf13e39ffea0',0,0,71,207,0,'FF',9,0,1,'Avg:','','',7,7),(849,'475c0599aec3c9be5c6830cf662d6970',0,0,71,207,0,'FF',9,0,3,'Max:','','on',7,8),(850,'b890bc8caca92cb55365c7a7bb8215ce',0,0,71,208,45,'FF',7,17,1,'Key Write Requests','','',7,9),(851,'97a01afff58e9b63e20f5021674f3ddc',0,0,71,208,0,'FF',9,0,4,'Cur:','','',7,10),(852,'7b57079bab2309705c50b77788cd22b3',0,0,71,208,0,'FF',9,0,1,'Avg:','','',7,11),(853,'9655b367665592f7628edce0af27649f',0,0,71,208,0,'FF',9,0,3,'Max:','','on',7,12),(854,'ad38ba5c5c6b758e6b3e66934b5dfd72',0,0,71,210,48,'FF',4,17,1,'Key Writes','','',7,13),(855,'fccd86f534b2baba5dfb7d540b48d7f3',0,0,71,210,0,'FF',9,0,4,'Cur:','','',7,14),(856,'33bc51a9be430c978f4837ee14323fcb',0,0,71,210,0,'FF',9,0,1,'Avg:','','',7,15),(857,'edf87fc329169b9e3cc307fb930dda2d',0,0,71,210,0,'FF',9,0,3,'Max:','','on',7,16),(858,'b774f2cbe2a18c5a7f719644e9e81c3c',0,0,72,212,191,'FF',7,0,1,'Key Buffer Size','','',7,1),(859,'d4d65fa946724517422bce99218bbd0b',0,0,72,212,0,'FF',9,0,4,'Cur:','','',7,2),(860,'e06b0f6d9ec3852448579121b60a8536',0,0,72,212,0,'FF',9,0,1,'Avg:','','',7,3),(861,'e84d0e54291b37e944053db7c3b6dfe5',0,0,72,212,0,'FF',9,0,3,'Max:','','on',7,4),(862,'cdc83efde5a1466be2a602dbf1d9d740',0,0,72,213,192,'FF',7,0,1,'Key Buf Bytes Used','','',7,5),(863,'81913784ebc3cfea4ef3c69a09aaab97',0,0,72,213,0,'FF',9,0,4,'Cur:','','',7,6),(864,'12ba3137e6c13e1eab927505d09980ff',0,0,72,213,0,'FF',9,0,1,'Avg:','','',7,7),(865,'de8f79462ef857108626de2dde31ac21',0,0,72,213,0,'FF',9,0,3,'Max:','','on',7,8),(866,'99107edef0e39f2218aa3d3430b2c132',0,0,72,211,193,'FF',7,0,1,'Key Buf Bytes Unflushed','','',7,9),(867,'70b00f3c13269b055b0a82db4b54fcaf',0,0,72,211,0,'FF',9,0,4,'Cur:','','',7,10),(868,'cc69a95ca70aea638b613e9239cb43ab',0,0,72,211,0,'FF',9,0,1,'Avg:','','',7,11),(869,'4a03206f51cf873611de8558ef17a18a',0,0,72,211,0,'FF',9,0,3,'Max:','','on',7,12),(870,'b4bd5fdb3236aea87296b9dc62c113d6',0,0,73,217,194,'FF',7,0,1,'Pool Size','','',7,1),(871,'2da016c09d901ef1874c603df5066c62',0,0,73,217,0,'FF',9,0,4,'Cur:','','on',7,2),(872,'d5f840ff7108fe8f8ed7ed721968aed4',0,0,73,216,195,'FF',7,0,1,'Database Pages','','',7,3),(873,'322ef245758eadc47da7345813906c23',0,0,73,216,0,'FF',9,0,4,'Cur:','','',7,4),(874,'9ac84c6cf3bd0e365ebb8297650bfda2',0,0,73,216,0,'FF',9,0,1,'Avg:','','',7,5),(875,'ff00e877e3fbb2d6936ee7d96811b802',0,0,73,216,0,'FF',9,0,3,'Max:','','on',7,6),(876,'0b94c5cca325085b521b3b2f4bbf853c',0,0,73,214,196,'FF',8,0,1,'Free Pages','','',7,7),(877,'c310b852490c8b2b4366a70a2bd327c1',0,0,73,214,0,'FF',9,0,4,'Cur:','','',7,8),(878,'055c392c96c9c3d1330144e086d8e538',0,0,73,214,0,'FF',9,0,1,'Avg:','','',7,9),(879,'374ee660d24ea0226bda45a5cac068bd',0,0,73,214,0,'FF',9,0,3,'Max:','','on',7,10),(880,'b6164822d12842115a1dd8f83c64dde1',0,0,73,215,197,'FF',4,0,1,'Modified Pages','','',7,11),(881,'fdbe4095e1849e4552c7a05bde424408',0,0,73,215,0,'FF',9,0,4,'Cur:','','',7,12),(882,'c9a2caced895ccfdf4ebb8611a90e120',0,0,73,215,0,'FF',9,0,1,'Avg:','','',7,13),(883,'cb0850a50efd438e5198bac4bdd62258',0,0,73,215,0,'FF',9,0,3,'Max:','','on',7,14),(884,'a6a335fe4c74dd311e287538d3dd15a3',0,0,74,219,198,'FF',4,0,1,'File Reads','','',7,1),(885,'bc8ef36feffa49e3890e7a275f445cd1',0,0,74,219,0,'FF',9,0,4,'Cur:','','',7,2),(886,'8e419b91a0c32f716541aead2d12eb53',0,0,74,219,0,'FF',9,0,1,'Avg:','','',7,3),(887,'db42097b80bebc76b2b55b52df74afff',0,0,74,219,0,'FF',9,0,3,'Max:','','on',7,4),(888,'aa3de554cedc7fd5a46b9613289bb3dd',0,0,74,220,199,'FF',4,0,1,'File Writes','','',7,5),(889,'1f83e05e3b809a322cba8eb8a3686764',0,0,74,220,0,'FF',9,0,4,'Cur:','','',7,6),(890,'c885a4cf0180e2b0243835317b69472d',0,0,74,220,0,'FF',9,0,1,'Avg:','','',7,7),(891,'153308d2691b5d394442873fecea842b',0,0,74,220,0,'FF',9,0,3,'Max:','','on',7,8),(892,'a223e6ea1b8a8e19a3d009de1cbacfb5',0,0,74,218,200,'FF',4,0,1,'Log Writes','','',7,9),(893,'8944c8d5734a1be2bb7277f090dad550',0,0,74,218,0,'FF',9,0,4,'Cur:','','',7,10),(894,'1f179326d248b7a4cc03bec2fec82c79',0,0,74,218,0,'FF',9,0,1,'Avg:','','',7,11),(895,'0fd84962ffe3e9c18c93c73a3f6f9e8c',0,0,74,218,0,'FF',9,0,3,'Max:','','on',7,12),(896,'2cf042efeab03fa38c9b654856148b33',0,0,74,221,201,'FF',4,0,1,'File Fsyncs','','',7,13),(897,'82cd1541b60c4819e5fdbc6027df76ca',0,0,74,221,0,'FF',9,0,4,'Cur:','','',7,14),(898,'4d396724ccd4b53e994dd16bac39b2a0',0,0,74,221,0,'FF',9,0,1,'Avg:','','',7,15),(899,'fe9bfffacca651c310d8cc43de44d70f',0,0,74,221,0,'FF',9,0,3,'Max:','','on',7,16),(900,'9cb1247035cba45b4d751b1595543e3e',0,0,75,223,17,'FF',4,0,1,'Ibuf Inserts','','',7,1),(901,'b7ac95c24b19416cefb581967e7d6551',0,0,75,223,0,'FF',9,0,4,'Cur:','','',7,2),(902,'0b5b57a17bc1393b7d8fdef1950c9562',0,0,75,223,0,'FF',9,0,1,'Avg:','','',7,3),(903,'e94a57d5a9d652d6bd166891f4585a6e',0,0,75,223,0,'FF',9,0,3,'Max:','','on',7,4),(904,'0e20d50b8874f4006b0daaafea050eb3',0,0,75,224,21,'FF',4,0,1,'Ibuf Merged','','',7,5),(905,'090fb06d94e34636b7030efbac897e09',0,0,75,224,0,'FF',9,0,4,'Cur:','','',7,6),(906,'fb579db4b46828709df9bdeac6640086',0,0,75,224,0,'FF',9,0,1,'Avg:','','',7,7),(907,'242d1ee903dd87174cb4a339cd0e3af8',0,0,75,224,0,'FF',9,0,3,'Max:','','on',7,8),(908,'2b2fccb255ea08ed2ccc611119da713e',0,0,75,222,45,'FF',4,0,1,'Ibuf Merges','','',7,9),(909,'1c53cce3463db28a9a1a15175b023d2f',0,0,75,222,0,'FF',9,0,4,'Cur:','','',7,10),(910,'eced2ca89ae4e3d577657680de77257e',0,0,75,222,0,'FF',9,0,1,'Avg:','','',7,11),(911,'acd7b935f51d737bbb6c1be8774d9e9e',0,0,75,222,0,'FF',9,0,3,'Max:','','on',7,12),(912,'58336ffde1cd3276036fd5193aaa3f5e',0,0,76,225,202,'FF',7,0,1,'Ibuf Cell Count','','',7,1),(913,'45c6509aae3f1fff2d653ef4c01ffbf3',0,0,76,225,0,'FF',9,0,4,'Cur:','','',7,2),(914,'b666d5286527bfc6cf11befb7fa8b90e',0,0,76,225,0,'FF',9,0,1,'Avg:','','',7,3),(915,'26f8d4d1445b0a16c246495d3e85ec6e',0,0,76,225,0,'FF',9,0,3,'Max:','','on',7,4),(916,'bf3ed8074e6d47ffab2bed3cbedf0d07',0,0,76,226,203,'FF',7,0,1,'Ibuf Used Cells','','',7,5),(917,'024d0b20aef8ea9e84245262c989de0a',0,0,76,226,0,'FF',9,0,4,'Cur:','','',7,6),(918,'e97fa4f69bbcc768c0c51f5482112057',0,0,76,226,0,'FF',9,0,1,'Avg:','','',7,7),(919,'9a62414f4fd7e38d8ae3d2408834222f',0,0,76,226,0,'FF',9,0,3,'Max:','','on',7,8),(920,'3f0753621bb40689af1ad8ba1f4056db',0,0,76,227,204,'FF',8,0,1,'Ibuf Free Cells','','',7,9),(921,'59eb567a738daf4d75881b0519971c48',0,0,76,227,0,'FF',9,0,4,'Cur:','','',7,10),(922,'78c95090afa06327d9da80719a4023c7',0,0,76,227,0,'FF',9,0,1,'Avg:','','',7,11),(923,'4fd10fa2f5ec97238f94d9b3228e9983',0,0,76,227,0,'FF',9,0,3,'Max:','','on',7,12),(924,'0cfacd629425b9382e397d924eb9e5b9',0,0,77,230,205,'FF',4,0,1,'Spin Rounds','','',7,1),(925,'015d0e3d82c07dd8f5e5d5eed3c06fb6',0,0,77,230,0,'FF',9,0,4,'Cur:','','',7,2),(926,'823a47c154850710cfcd32f1ae031998',0,0,77,230,0,'FF',9,0,1,'Avg:','','',7,3),(927,'f9c635324cc6e5071f1f2e61972bafc8',0,0,77,230,0,'FF',9,0,3,'Max:','','on',7,4),(928,'668cd623ef34db23760452ca900a7d02',0,0,77,229,10,'FF',4,0,1,'Spin Waits','','',7,5),(929,'910e179d05b8bfc973d33180bbb74ed4',0,0,77,229,0,'FF',9,0,4,'Cur:','','',7,6),(930,'d6d33c7ebac1e3b5f0b8abe82c913777',0,0,77,229,0,'FF',9,0,1,'Avg:','','',7,7),(931,'f0599853dff3eb73de3b2b8bb87c8437',0,0,77,229,0,'FF',9,0,3,'Max:','','on',7,8),(932,'a9d9931314c74f4ea750cb7413c64288',0,0,77,228,17,'FF',4,0,1,'Os Waits','','',7,9),(933,'9ebe098865391dc5bd03c19f95a40e9b',0,0,77,228,0,'FF',9,0,4,'Cur:','','',7,10),(934,'6a971684e07940b60bfbbfa662766844',0,0,77,228,0,'FF',9,0,1,'Avg:','','',7,11),(935,'6f463319ae13a3ba870f27abb4aa24cb',0,0,77,228,0,'FF',9,0,3,'Max:','','on',7,12),(936,'bfcc4e719305835965556611a24247c8',0,0,78,234,80,'FF',7,0,1,'Rows Read','','',7,1),(937,'8af4489202e51afbe103caba5b7df587',0,0,78,234,0,'FF',9,0,4,'Cur:','','',7,2),(938,'c0b6a77c6b83235d092c37760c80dbb6',0,0,78,234,0,'FF',9,0,1,'Avg:','','',7,3),(939,'391a128d80c44a94a76e4f48cd99a82a',0,0,78,234,0,'FF',9,0,3,'Max:','','on',7,4),(940,'b7b29c621bce81b6ce14f3d4d91ad191',0,0,78,231,42,'FF',8,0,1,'Rows Deleted','','',7,5),(941,'7555e285f6b9465345bc45b5f7def374',0,0,78,231,0,'FF',9,0,4,'Cur:','','',7,6),(942,'1b5b41e853e676e7914822ea5b8fdcbd',0,0,78,231,0,'FF',9,0,1,'Avg:','','',7,7),(943,'21e7e1e385609130de4ec07325afb341',0,0,78,231,0,'FF',9,0,3,'Max:','','on',7,8),(944,'b2e1a6bf7ebcf02421455f7d10e7c44d',0,0,78,233,8,'FF',8,0,1,'Rows Updated','','',7,9),(945,'06770892cb00d89fc55c09f673b3d81f',0,0,78,233,0,'FF',9,0,4,'Cur:','','',7,10),(946,'b10dce738a425c7ab4a9dcb532deae80',0,0,78,233,0,'FF',9,0,1,'Avg:','','',7,11),(947,'207a4e18f64d6666c87bc65494eabfd4',0,0,78,233,0,'FF',9,0,3,'Max:','','on',7,12),(948,'12af420b052ee41f80d2051c0d749cd7',0,0,78,232,94,'FF',8,0,1,'Rows Inserted','','',7,13),(949,'03c41074174819824c44e3f3c3ebb431',0,0,78,232,0,'FF',9,0,4,'Cur:','','',7,14),(950,'d4e082f244e43956a4e3201499deb19b',0,0,78,232,0,'FF',9,0,1,'Avg:','','',7,15),(951,'8e405f87ef89d9c53ba75b28d8994e54',0,0,78,232,0,'FF',9,0,3,'Max:','','on',7,16),(952,'916607bf3ac2a807b9be8b6f05defc72',0,0,79,235,63,'FF',7,0,1,'Table Locks Immediate','','on',7,1),(953,'017943a75dd5401b90c89390f3972af5',0,0,79,235,72,'FF',4,0,1,'Table Locks Immediate','','',7,2),(954,'1cc51160f8e8a16733d30d06e5707dd0',0,0,79,235,0,'FF',9,0,4,'Cur:','','',7,3),(955,'7c50d34458db6fc5b9b4c2024ff260c1',0,0,79,235,0,'FF',9,0,1,'Avg:','','',7,4),(956,'104490b88a906db80e9ba3bec887bed5',0,0,79,235,0,'FF',9,0,3,'Max:','','on',7,5),(957,'1440318d1ff98253cbf767e736bc2d13',0,0,79,237,44,'FF',7,0,1,'Table Locks Waited','','',7,6),(958,'6f5f7ef641d3aa210d44ca586934cdd4',0,0,79,237,0,'FF',9,0,4,'Cur:','','',7,7),(959,'765cfae9cc347000119f2aac56c03409',0,0,79,237,0,'FF',9,0,1,'Avg:','','',7,8),(960,'ce9fb640f081136b351aedd160ff6930',0,0,79,237,0,'FF',9,0,3,'Max:','','on',7,9),(961,'d1fd5b95b4dbc7b7616b6c258fb3565d',0,0,79,236,94,'FF',4,0,1,'Slow Queries','','',7,10),(962,'38b30e965c31c5f891437ac09c070ce7',0,0,79,236,0,'FF',9,0,4,'Cur:','','',7,11),(963,'2a8e7912f3224a1bd4b8f165b746a029',0,0,79,236,0,'FF',9,0,1,'Avg:','','',7,12),(964,'29875910115e1e96159dd9611f8ca060',0,0,79,236,0,'FF',9,0,3,'Max:','','on',7,13),(965,'b407366c7b77195834928cca70e57fb5',0,0,80,240,5,'FF',7,0,1,'Max Connections','','',7,1),(966,'d38bc5f3a0c90cb174d5536574c8973f',0,0,80,240,0,'FF',9,0,4,'Cur:','','on',7,2),(967,'012d8d1c201c1fbbac02ad1725f50ccc',0,0,80,241,29,'FF',7,0,1,'Max Used Connections','','',7,3),(968,'a3322eabf1361ab3245cb94a0d1a4ffd',0,0,80,241,0,'FF',9,0,4,'Cur:','','on',7,4),(969,'1eca47b5501d6883663c370f5d1d78a2',0,0,80,242,44,'FF',4,0,1,'Aborted Clients','','',7,5),(970,'5aca02a8aa21a5f5eda4b8316b4011b1',0,0,80,242,0,'FF',9,0,4,'Cur:','','',7,6),(971,'97715c22b902c80edaa91c26d361c45c',0,0,80,242,0,'FF',9,0,1,'Avg:','','',7,7),(972,'f1396330d3ccdcae150a9c08133f5961',0,0,80,242,0,'FF',9,0,3,'Max:','','on',7,8),(973,'bc775e0e79e4352cb8a599f628e47e94',0,0,80,243,12,'FF',4,0,1,'Aborted Connects','','',7,9),(974,'69a397d3d6652e5c619801054ca4b9ec',0,0,80,243,0,'FF',9,0,4,'Cur:','','',7,10),(975,'d024f2bd6465b634f3ecc8a87fe31552',0,0,80,243,0,'FF',9,0,1,'Avg:','','',7,11),(976,'7d3cc577042ec01a3b0f0b98bf490609',0,0,80,243,0,'FF',9,0,3,'Max:','','on',7,12),(977,'fee53bd507ef0eec287bbf43b45954c5',0,0,80,238,33,'FF',5,0,1,'Threads Connected','','',7,13),(978,'f175443559fb386d8d3e88a0f2f4dfcc',0,0,80,238,0,'FF',9,0,4,'Cur:','','',7,14),(979,'f1704851a8d470ae51c3f0882c57c789',0,0,80,238,0,'FF',9,0,1,'Avg:','','',7,15),(980,'62202f9bf84b6c29ffe22967fa63846f',0,0,80,238,0,'FF',9,0,3,'Max:','','on',7,16),(981,'88424e1e9429ba83586889a04981af80',0,0,80,239,10,'FF',4,0,1,'Connections','','',7,17),(982,'8effd39a2ef226831a5f57463ac02947',0,0,80,239,0,'FF',9,0,4,'Cur:','','',7,18),(983,'f22f83a2a5dd1b87c4a03503e755b6a3',0,0,80,239,0,'FF',9,0,1,'Avg:','','',7,19),(984,'3574a5072a462c79490ad5c19b9f569d',0,0,80,239,0,'FF',9,0,3,'Max:','','on',7,20),(985,'af71b4656fde264757f8a53179503145',0,0,81,244,92,'FF',7,0,1,'Slave Running','','on',7,1),(986,'49b52aec5512934f3f25a8e62eb0ca94',0,0,81,246,99,'FF',7,0,1,'Slave Stopped','','on',7,2),(987,'7c1d40d9c8c82b10cfa96c08348c1a57',0,0,81,248,10,'FF',4,0,1,'Slave Lag','','',7,3),(988,'55205e503099ed4c75d0f02d0d8e66f1',0,0,81,248,0,'FF',9,0,4,'Cur:','','',7,4),(989,'c9c0462351963255b74958ddf8720ee1',0,0,81,248,0,'FF',9,0,1,'Avg:','','',7,5),(990,'a7bd80a1e4b40239fb50caab6aa8712a',0,0,81,248,0,'FF',9,0,3,'Max:','','on',7,6),(991,'785e7cb5e897c4200f919f36c11b42c5',0,0,81,247,58,'FF',4,0,1,'Slave Open Temp Tables','','',7,7),(992,'1cf4e32b8d89973733e3e26af5e75007',0,0,81,247,0,'FF',9,0,4,'Cur:','','',7,8),(993,'892bed9f93decd0ff3eb9e01f820aa4d',0,0,81,247,0,'FF',9,0,1,'Avg:','','',7,9),(994,'b880dae6e4a2ae4f8e803bb295b1d47f',0,0,81,247,0,'FF',9,0,3,'Max:','','on',7,10),(995,'829702036497d955ee9fad739884a74f',0,0,81,245,9,'FF',4,0,1,'Slave Retried Transactions','','',7,11),(996,'778f34962d95adc4985d3d8d639c108c',0,0,81,245,0,'FF',9,0,4,'Cur:','','',7,12),(997,'f9507cbae394b406559beb21efebffd9',0,0,81,245,0,'FF',9,0,1,'Avg:','','',7,13),(998,'63c74949ed83fe522c42ac3bd034f0e7',0,0,81,245,0,'FF',9,0,3,'Max:','','on',7,14),(999,'fa67369f01e4bd14187e1c3073cc0114',0,0,82,251,10,'FF',5,0,1,'Qcache Queries In Cache','','',7,1),(1000,'28864ae44a3aee7bcb4ffc31d9ef3b67',0,0,82,251,0,'FF',9,0,4,'Cur:','','',7,2),(1001,'50e3784ff625222e289cb6f0cf9ecad5',0,0,82,251,0,'FF',9,0,1,'Avg:','','',7,3),(1002,'efed3077461d037d8368c84337fd8104',0,0,82,251,0,'FF',9,0,3,'Max:','','on',7,4),(1003,'ace43799392a110da1ee08f0e993588c',0,0,82,253,28,'FF',5,0,1,'Qcache Hits','','',7,5),(1004,'f9309f2a0522d1f05371d83fb7030120',0,0,82,253,0,'FF',9,0,4,'Cur:','','',7,6),(1005,'d018ae743d7447ec84fc22f6ef846f99',0,0,82,253,0,'FF',9,0,1,'Avg:','','',7,7),(1006,'a9fcb8e16eb3899cf28acfd14fd3a406',0,0,82,253,0,'FF',9,0,3,'Max:','','on',7,8),(1007,'cadf528007c959ff4a5364248c3f7c64',0,0,82,249,17,'FF',4,0,1,'Qcache Inserts','','',7,9),(1008,'b3d27981d1ab96a0a5b5e0dd800efbf2',0,0,82,249,0,'FF',9,0,4,'Cur:','','',7,10),(1009,'460678d8ed971beb62ed4f93e6d2a6c4',0,0,82,249,0,'FF',9,0,1,'Avg:','','',7,11),(1010,'22b8de2307af25915fc8b01bbd931dee',0,0,82,249,0,'FF',9,0,3,'Max:','','on',7,12),(1011,'e18a5faf15ca4e67bc049f045c5e2156',0,0,82,252,77,'FF',4,0,1,'Qcache Not Cached','','',7,13),(1012,'116ccdd0ca699c3759b3ba2d4645e85a',0,0,82,252,0,'FF',9,0,4,'Cur:','','',7,14),(1013,'b0349213843db92c07d18af9effa0c96',0,0,82,252,0,'FF',9,0,1,'Avg:','','',7,15),(1014,'e82e0b5fb0cd7ec4c73821e822f6f401',0,0,82,252,0,'FF',9,0,3,'Max:','','on',7,16),(1015,'44000ad3a645e604a0bb6471fd87a5bd',0,0,82,250,9,'FF',4,0,1,'Qcache Lowmem Prunes','','',7,17),(1016,'3d554a5de87af46c6c35872ae06f666e',0,0,82,250,0,'FF',9,0,4,'Cur:','','',7,18),(1017,'4b8f60b6e048855c5d986c6d6f456dae',0,0,82,250,0,'FF',9,0,1,'Avg:','','',7,19),(1018,'f2944154ee8aefb3b34e48affafa066b',0,0,82,250,0,'FF',9,0,3,'Max:','','on',7,20),(1019,'8cd79d88cf715ed762b83785eda5ca6e',0,0,83,254,6,'FF',7,0,1,'Query Cache Size','','',7,1),(1020,'33904b0e20bbbe26b546d357dc245860',0,0,83,254,0,'FF',9,0,4,'Cur:','','',7,2),(1021,'9cafcf883585668c562a824a40d6ab94',0,0,83,254,0,'FF',9,0,1,'Avg:','','',7,3),(1022,'6e0448b811ed871c76f93609524998f1',0,0,83,254,0,'FF',9,0,3,'Max:','','on',7,4),(1023,'c505e6f3899dffc80cd61c889ded1f14',0,0,83,257,38,'FF',7,0,1,'Qcache Free Memory','','',7,5),(1024,'94df6afa6ddf0d66aa4f8cc086f41673',0,0,83,257,0,'FF',9,0,4,'Cur:','','',7,6),(1025,'2c41e1e44b1f96b5144478e4195bf81e',0,0,83,257,0,'FF',9,0,1,'Avg:','','',7,7),(1026,'d793864e8533491ccfd95cadbf7baa2c',0,0,83,257,0,'FF',9,0,3,'Max:','','on',7,8),(1027,'f1c1ae7a529e3caca5cc7f0bcbc33d93',0,0,83,256,58,'FF',4,0,1,'Qcache Total Blocks','','',7,9),(1028,'0b87994b9b19c1ca50efdd3cb9f91c7e',0,0,83,256,0,'FF',9,0,4,'Cur:','','',7,10),(1029,'4a26a4e5c8f3da15e51760a7684ad416',0,0,83,256,0,'FF',9,0,1,'Avg:','','',7,11),(1030,'b75c3281d1eec342ccb22a3bee193a24',0,0,83,256,0,'FF',9,0,3,'Max:','','on',7,12),(1031,'0b50cb2ab04fdaa006ac96adf97ae35d',0,0,83,255,27,'FF',4,0,1,'Qcache Free Blocks','','',7,13),(1032,'b24088faf725466c6530a1c97eaadbae',0,0,83,255,0,'FF',9,0,4,'Cur:','','',7,14),(1033,'dc90dea268cdd22177897808896476d5',0,0,83,255,0,'FF',9,0,1,'Avg:','','',7,15),(1034,'06dbaaab66a804d1620de61487c01478',0,0,83,255,0,'FF',9,0,3,'Max:','','on',7,16),(1035,'dd4cfe720debada3fcb1961c84e471d6',0,0,84,267,38,'FF',7,0,1,'Questions','','',7,1),(1036,'e4a799bf9a7870f7bff19cc2f0b79673',0,0,84,267,0,'FF',9,0,4,'Cur:','','',7,2),(1037,'f8c1d6ae910e50bd43c07320040e6920',0,0,84,267,0,'FF',9,0,1,'Avg:','','',7,3),(1038,'37da97f97ac6b285ab9e30a01091e816',0,0,84,267,0,'FF',9,0,3,'Max:','','on',7,4),(1039,'f988355c1132303304229ac370107765',0,0,84,258,9,'FF',7,0,1,'Com Select','','',7,5),(1040,'e3398e7b6fe32ed9c177a4163d9dc962',0,0,84,258,0,'FF',9,0,4,'Cur:','','',7,6),(1041,'2dc358f556cec8486d3f8e96d35f2ecb',0,0,84,258,0,'FF',9,0,1,'Avg:','','',7,7),(1042,'07982dbac050337aab5e626125212b03',0,0,84,258,0,'FF',9,0,3,'Max:','','on',7,8),(1043,'76c5acf3f9a59df641737fe0b1ee13d1',0,0,84,260,33,'FF',8,0,1,'Com Delete','','',7,9),(1044,'58c78115c89f747177e99d5877d376a6',0,0,84,260,0,'FF',9,0,4,'Cur:','','',7,10),(1045,'586c293f1edc2a839f7a7918e678b02f',0,0,84,260,0,'FF',9,0,1,'Avg:','','',7,11),(1046,'98eea6e171cb9e34b35609d51acc997c',0,0,84,260,0,'FF',9,0,3,'Max:','','on',7,12),(1047,'aa9c8ebf0964d91e14b5e5bf4a4906d5',0,0,84,261,25,'FF',8,0,1,'Com Insert','','',7,13),(1048,'1aef77b53c48414f73d58618b5f09372',0,0,84,261,0,'FF',9,0,4,'Cur:','','',7,14),(1049,'a11aec0916bfeb24bedfb4bcbb214fa2',0,0,84,261,0,'FF',9,0,1,'Avg:','','',7,15),(1050,'dea965401d3c9436a614506c6e83ddf9',0,0,84,261,0,'FF',9,0,3,'Max:','','on',7,16),(1051,'833825c84a7385e8c7e8b45e03977f64',0,0,84,266,22,'FF',8,0,1,'Com Update','','',7,17),(1052,'05032a6da48c0a78e6f431f15bdb3fb2',0,0,84,266,0,'FF',9,0,4,'Cur:','','',7,18),(1053,'3052797946ac2189b7a6edc614a79160',0,0,84,266,0,'FF',9,0,1,'Avg:','','',7,19),(1054,'6b567169e0176fe6d268f8fdd2203f20',0,0,84,266,0,'FF',9,0,3,'Max:','','on',7,20),(1055,'18335556eca0e60a267defd7d7451ae3',0,0,84,262,73,'FF',8,0,1,'Com Replace','','',7,21),(1056,'c10c102e58bfebf98c56ef7632a138b1',0,0,84,262,0,'FF',9,0,4,'Cur:','','',7,22),(1057,'76d2eecc801620b60bd8a3fc977a9c4a',0,0,84,262,0,'FF',9,0,1,'Avg:','','',7,23),(1058,'508839deb9410e2c84a1ed191a7fa573',0,0,84,262,0,'FF',9,0,3,'Max:','','on',7,24),(1059,'f85a1ad9451f5a623dff9e9fe4e5986a',0,0,84,268,60,'FF',8,0,1,'Com Load','','',7,25),(1060,'71581e77f435e6ba99839826189e5d19',0,0,84,268,0,'FF',9,0,4,'Cur:','','',7,26),(1061,'621923a4994b8042c83f6217060440fc',0,0,84,268,0,'FF',9,0,1,'Avg:','','',7,27),(1062,'b99a194be758ab516d788333dd51b4ba',0,0,84,268,0,'FF',9,0,3,'Max:','','on',7,28),(1063,'a738ba150a6d303730ecabd1a94d583b',0,0,84,259,43,'FF',8,0,1,'Com Delete Multi','','',7,29),(1064,'dfd186b06f5e60e6a659ccac9c42b80b',0,0,84,259,0,'FF',9,0,4,'Cur:','','',7,30),(1065,'b0e2b3108540b28d4b7a70bced22b546',0,0,84,259,0,'FF',9,0,1,'Avg:','','',7,31),(1066,'50fe9877c336e254a47ebe60b73ad6a0',0,0,84,259,0,'FF',9,0,3,'Max:','','on',7,32),(1067,'2a110db33939221b333fd09e0f1c2f8f',0,0,84,265,101,'FF',8,0,1,'Com Insert Select','','',7,33),(1068,'9497318c48ce3ec4c35498df138bbf0b',0,0,84,265,0,'FF',9,0,4,'Cur:','','',7,34),(1069,'59ef500abc9ff965b7687673d2a32c9f',0,0,84,265,0,'FF',9,0,1,'Avg:','','',7,35),(1070,'23ce3c7e3251618d01adec036fdc771e',0,0,84,265,0,'FF',9,0,3,'Max:','','on',7,36),(1071,'a7fd4e8e86393642ab667e12d1406c0f',0,0,84,263,55,'FF',8,0,1,'Com Update Multi','','',7,37),(1072,'d8030b1ab622b89ba28b5289862ff7f0',0,0,84,263,0,'FF',9,0,4,'Cur:','','',7,38),(1073,'49286bd17cdbd1d6623741eab9a94f2c',0,0,84,263,0,'FF',9,0,1,'Avg:','','',7,39),(1074,'6088d896b040bc39d927c170c1e61a7d',0,0,84,263,0,'FF',9,0,3,'Max:','','on',7,40),(1075,'621220646f1e0759cfb28054d45a00d2',0,0,84,264,87,'FF',8,0,1,'Com Replace Select','','',7,41),(1076,'7bb1d93a79d6bd49f8bd94f3d4205798',0,0,84,264,0,'FF',9,0,4,'Cur:','','',7,42),(1077,'9c9e48155bf23719d46efc12497a38e3',0,0,84,264,0,'FF',9,0,1,'Avg:','','',7,43),(1078,'af052fe308d3a2d4249448e3a4ad4d1b',0,0,84,264,0,'FF',9,0,3,'Max:','','on',7,44),(1079,'78a1882c6d0940ed5d85785f02fb46dd',0,0,85,270,194,'FF',7,0,1,'Select Full Join','','',7,1),(1080,'aa97bb9f53938f76b9cd0580f352f725',0,0,85,270,0,'FF',9,0,4,'Cur:','','',7,2),(1081,'30f19fdb2c2ec28e0f31c8fa64e6f542',0,0,85,270,0,'FF',9,0,1,'Avg:','','',7,3),(1082,'2fedeb05dc800c03f19e674c89b54113',0,0,85,270,0,'FF',9,0,3,'Max:','','on',7,4),(1083,'1ce5170cdf3d815e6008b799d449af71',0,0,85,272,196,'FF',8,0,1,'Select Full Range Join','','',7,5),(1084,'65dc9971cb10a5c30440249e1fba029e',0,0,85,272,0,'FF',9,0,4,'Cur:','','',7,6),(1085,'3c6cf3efb0129ad98d9778f78c848282',0,0,85,272,0,'FF',9,0,1,'Avg:','','',7,7),(1086,'5878df8aed34db668c2ca4394eeaea7b',0,0,85,272,0,'FF',9,0,3,'Max:','','on',7,8),(1087,'eb43d2d63adbdc3787f6c8580956e0bf',0,0,85,269,195,'FF',8,0,1,'Select Range','','',7,9),(1088,'a56b898dbe16b35fd01cab804d493ff2',0,0,85,269,0,'FF',9,0,4,'Cur:','','',7,10),(1089,'79600ab93c52ee1449139c1366961a7f',0,0,85,269,0,'FF',9,0,1,'Avg:','','',7,11),(1090,'6f57169512eb3ceaa40196373fbd5f49',0,0,85,269,0,'FF',9,0,3,'Max:','','on',7,12),(1091,'825d1f721a60c3ce4233fda267592367',0,0,85,273,197,'FF',8,0,1,'Select Range Check','','',7,13),(1092,'d826fae1ecbb27193d7b5a9f67ca3e3a',0,0,85,273,0,'FF',9,0,4,'Cur:','','',7,14),(1093,'c542c42a2cbcb3c6f5cc83ca9e0558ec',0,0,85,273,0,'FF',9,0,1,'Avg:','','',7,15),(1094,'305b4eebdb07692cdb7ad699936cf683',0,0,85,273,0,'FF',9,0,3,'Max:','','on',7,16),(1095,'98401b1b5f0dfb597c5f4099a3a8dc76',0,0,85,271,206,'FF',8,0,1,'Select Scan','','',7,17),(1096,'08bc850d4eec26b9e3c8d7452321087e',0,0,85,271,0,'FF',9,0,4,'Cur:','','',7,18),(1097,'835c1210d74eafa7761a8a842649ffa3',0,0,85,271,0,'FF',9,0,1,'Avg:','','',7,19),(1098,'6656e6af8c3cf5591e79c630bc516f29',0,0,85,271,0,'FF',9,0,3,'Max:','','on',7,20),(1099,'a740b7c69014ea8e1fcf6b5bb4747f7f',0,0,86,274,31,'FF',7,0,1,'Sort Rows','','',7,1),(1100,'9a3a20b574368271d24f111ff1f6fdcc',0,0,86,274,0,'FF',9,0,4,'Cur:','','',7,2),(1101,'81870741cd7488e5e4b9a926fffa93bd',0,0,86,274,0,'FF',9,0,1,'Avg:','','',7,3),(1102,'86b880de007dcedf9a9498f1ed09e4d3',0,0,86,274,0,'FF',9,0,3,'Max:','','on',7,4),(1103,'b192171fe1add8e2b5bf10d2a5d4c120',0,0,86,277,17,'FF',4,0,1,'Sort Range','','',7,5),(1104,'fd4338ae50341d4a81e11b1216b369c9',0,0,86,277,0,'FF',9,0,4,'Cur:','','',7,6),(1105,'3ef873dce479a66ac8b80f1e2b594ac9',0,0,86,277,0,'FF',9,0,1,'Avg:','','',7,7),(1106,'630ba9a1c2315021fce22e5fa83485be',0,0,86,277,0,'FF',9,0,3,'Max:','','on',7,8),(1107,'e3b157d7d5ceec409a04655ae22b69c2',0,0,86,275,42,'FF',4,0,1,'Sort Merge Passes','','',7,9),(1108,'f3d30ac75381dd99434f982a2a00d6fa',0,0,86,275,0,'FF',9,0,4,'Cur:','','',7,10),(1109,'6b67fe5b72c13f4c47329aff687eb013',0,0,86,275,0,'FF',9,0,1,'Avg:','','',7,11),(1110,'b55c762a65cee114206cf813e3d29134',0,0,86,275,0,'FF',9,0,3,'Max:','','on',7,12),(1111,'e83dabc71fc26a31551142612092b534',0,0,86,276,10,'FF',4,0,1,'Sort Scan','','',7,13),(1112,'8c2bc89bfa192ec86a0b02c5e2d8742a',0,0,86,276,0,'FF',9,0,4,'Cur:','','',7,14),(1113,'6c1f0f59b6bf0a023ab30faf54f32897',0,0,86,276,0,'FF',9,0,1,'Avg:','','',7,15),(1114,'89548663a29e888184d8a0c679915323',0,0,86,276,0,'FF',9,0,3,'Max:','','on',7,16),(1115,'266aee17a394dac4674e907a560cd583',0,0,87,278,31,'FF',7,0,1,'Created Tmp Tables','','on',7,1),(1116,'1afc8483110fe70199aade6a3ab7172a',0,0,87,278,27,'FF',4,0,1,'Created Tmp Tables','','',7,2),(1117,'1b823a55371813c10c19428653385130',0,0,87,278,0,'FF',9,0,4,'Cur:','','',7,3),(1118,'28d77a44ac6340af4b8b55d0d5fb5b11',0,0,87,278,0,'FF',9,0,1,'Avg:','','',7,4),(1119,'5cf32b30f3239125797b714af0ef776e',0,0,87,278,0,'FF',9,0,3,'Max:','','on',7,5),(1120,'ad410eb0d87c37bba36d6b3e0529a9e5',0,0,87,280,48,'FF',4,0,1,'Created Tmp Disk Tables','','',7,6),(1121,'6bed1f7b2a46d9ec239cd7b346657e43',0,0,87,280,0,'FF',9,0,4,'Cur:','','',7,7),(1122,'c38df420a06a7f213f156e093392d0d3',0,0,87,280,0,'FF',9,0,1,'Avg:','','',7,8),(1123,'01d71ae3b70ff36f6d0f99f1e2d90b06',0,0,87,280,0,'FF',9,0,3,'Max:','','on',7,9),(1124,'38d2340d467bcc7448d4ad39a7a3f541',0,0,87,279,17,'FF',5,0,1,'Created Tmp Files','','',7,10),(1125,'dbfcd210b13b12d75d6319326d257060',0,0,87,279,0,'FF',9,0,4,'Cur:','','',7,11),(1126,'2f7226d9f536f05a222f7399591dbfe0',0,0,87,279,0,'FF',9,0,1,'Avg:','','',7,12),(1127,'91337469aac81c5d0da9914b6f60ebc5',0,0,87,279,0,'FF',9,0,3,'Max:','','on',7,13),(1128,'32e487739b9c79f27ed89c1d15f7a988',0,0,88,282,207,'FF',7,0,1,'Bytes Sent','','',7,1),(1129,'84e485be0cebbd7020277f9ebb6d97cb',0,0,88,282,0,'FF',9,0,4,'Cur:','','',7,2),(1130,'49080ba06909f73558576bdb03364452',0,0,88,282,0,'FF',9,0,1,'Avg:','','',7,3),(1131,'0c3f8d73e16a10be01b289a7e8ffd0c2',0,0,88,282,0,'FF',9,0,3,'Max:','','on',7,4),(1132,'11dff519e843d101fcfdaa3a1e357456',0,0,88,281,208,'FF',7,17,1,'Bytes Received','','',7,5),(1133,'d3b37188a1245b589102539f8eca2f60',0,0,88,281,0,'FF',9,0,4,'Cur:','','',7,6),(1134,'c62cb1631a5af6c4667f6f4fd681042e',0,0,88,281,0,'FF',9,0,1,'Avg:','','',7,7),(1135,'6dd4537ed59f8578fb70bbfa700aec67',0,0,88,281,0,'FF',9,0,3,'Max:','','on',7,8),(1136,'783842a5a255edd82e62bf70e697cdb9',0,0,89,285,209,'FF',5,0,1,'Pages Created','','',7,1),(1137,'362d7530e26d26a96d4aec9babe4aa85',0,0,89,285,0,'FF',9,0,4,'Cur:','','',7,2),(1138,'2d3230c6f3a22211c424f467f362b33c',0,0,89,285,0,'FF',9,0,1,'Avg:','','',7,3),(1139,'35a5944f6cb3912c31f62d8a9c9fbe24',0,0,89,285,0,'FF',9,0,3,'Max:','','on',7,4),(1140,'59c8c129997e3143dcc1ebb30ac2969b',0,0,89,284,210,'FF',5,0,1,'Pages Read','','',7,5),(1141,'f2e3648338a0b76651b0f2db5c62efc9',0,0,89,284,0,'FF',9,0,4,'Cur:','','',7,6),(1142,'40370c1f675e05b242163f98b178081d',0,0,89,284,0,'FF',9,0,1,'Avg:','','',7,7),(1143,'ea3e43bb706076c720069e9b55a50f9d',0,0,89,284,0,'FF',9,0,3,'Max:','','on',7,8),(1144,'9da42c140202242d3b92df799f61b3cb',0,0,89,283,211,'FF',5,0,1,'Pages Written','','',7,9),(1145,'a01e24e2b221c690f65aa173512a5a9a',0,0,89,283,0,'FF',9,0,4,'Cur:','','',7,10),(1146,'a0e6214cf1c317e520e1fcc7bee51724',0,0,89,283,0,'FF',9,0,1,'Avg:','','',7,11),(1147,'52f4a0a610e34a6e1ea9d62ffac827a9',0,0,89,283,0,'FF',9,0,3,'Max:','','on',7,12),(1148,'dd439e4b49c45bbf62c20b746b7cf944',0,0,90,291,9,'FF',4,0,1,'Pending Aio Log Ios','','',7,1),(1149,'8d65bc74cd5102d8674118428458cfa6',0,0,90,291,0,'FF',9,0,4,'Cur:','','',7,2),(1150,'1936b847692aaa6fbeda562d94403c26',0,0,90,291,0,'FF',9,0,1,'Avg:','','',7,3),(1151,'7524d5c2a0d8c767ee6a44d5adce8f36',0,0,90,291,0,'FF',9,0,3,'Max:','','on',7,4),(1152,'5512e0674dd0a22caed4818febdf7a8b',0,0,90,287,33,'FF',4,0,1,'Pending Aio Sync Ios','','',7,5),(1153,'b44a8e5c738147d97b473847bfa90b39',0,0,90,287,0,'FF',9,0,4,'Cur:','','',7,6),(1154,'8c23b992ee316813b9e474fb394e2657',0,0,90,287,0,'FF',9,0,1,'Avg:','','',7,7),(1155,'6d1471e3ea89f4ff9c08383505bddb3d',0,0,90,287,0,'FF',9,0,3,'Max:','','on',7,8),(1156,'e41b3643de6b0d0df93d4eba6affb91d',0,0,90,290,25,'FF',4,0,1,'Pending Buf Pool Flushes','','',7,9),(1157,'1805372f87352f13d84dae6a8af685da',0,0,90,290,0,'FF',9,0,4,'Cur:','','',7,10),(1158,'4beda20fc795edcb8b0bb742b9408c2f',0,0,90,290,0,'FF',9,0,1,'Avg:','','',7,11),(1159,'7576b99ae04ad98c66263b3ce26132ff',0,0,90,290,0,'FF',9,0,3,'Max:','','on',7,12),(1160,'de313f62d55c7dc3375d19a831c2edea',0,0,90,288,90,'FF',4,0,1,'Pending Chkp Writes','','',7,13),(1161,'15314fd3f31b9edd4b6c715465617277',0,0,90,288,0,'FF',9,0,4,'Cur:','','',7,14),(1162,'7503f98f651c28f8a163589ecf6d1633',0,0,90,288,0,'FF',9,0,1,'Avg:','','',7,15),(1163,'f21cc51e23b0485d9c21787ad6be20dd',0,0,90,288,0,'FF',9,0,3,'Max:','','on',7,16),(1164,'29ef5333addb20d373a2cbc7f75436a4',0,0,90,286,7,'FF',4,0,1,'Pending Ibuf Aio Reads','','',7,17),(1165,'c012d3c95d817dae73f0ef41b7907d43',0,0,90,286,0,'FF',9,0,4,'Cur:','','',7,18),(1166,'6367306163494734a25de57dbc28c6ac',0,0,90,286,0,'FF',9,0,1,'Avg:','','',7,19),(1167,'db9ccc5c7fca0eb9233b496f4128f5de',0,0,90,286,0,'FF',9,0,3,'Max:','','on',7,20),(1168,'ccbec78d1677a7092ae758474c479cf5',0,0,90,294,10,'FF',4,0,1,'Pending Log Flushes','','',7,21),(1169,'28ef7d7fe29f98dd0b4332f97bd2d073',0,0,90,294,0,'FF',9,0,4,'Cur:','','',7,22),(1170,'07d2fe457909f46046e1a792fa77b570',0,0,90,294,0,'FF',9,0,1,'Avg:','','',7,23),(1171,'5577dc6729f7ed31b857ad414e54aa7a',0,0,90,294,0,'FF',9,0,3,'Max:','','on',7,24),(1172,'d2e09c1f703e8b83736c32e19aa519f9',0,0,90,292,60,'FF',4,0,1,'Pending Log Writes','','',7,25),(1173,'75615a7d416993bd4df845e6a7577421',0,0,90,292,0,'FF',9,0,4,'Cur:','','',7,26),(1174,'3d1839e4a2a2c1f15225c147ad87220b',0,0,90,292,0,'FF',9,0,1,'Avg:','','',7,27),(1175,'45ceda6e1720c745d3d0ef029d47f51f',0,0,90,292,0,'FF',9,0,3,'Max:','','on',7,28),(1176,'daf69bca7e1cffa32458699e9ab8ba25',0,0,90,289,51,'FF',4,0,1,'Pending Normal Aio Reads','','',7,29),(1177,'373f7ba96ddb5d85e1331e9fb321f4b2',0,0,90,289,0,'FF',9,0,4,'Cur:','','',7,30),(1178,'9b01205230ce16501cccfe974ddec096',0,0,90,289,0,'FF',9,0,1,'Avg:','','',7,31),(1179,'ad4ff238ff6e4446e0cb9dd58f2ffc3f',0,0,90,289,0,'FF',9,0,3,'Max:','','on',7,32),(1180,'beb503ebfe31d7c29899e200f026ee83',0,0,90,293,102,'FF',4,0,1,'Pending Normal Aio Writes','','',7,33),(1181,'9c4ec2393579d1713cb93c7976f055ae',0,0,90,293,0,'FF',9,0,4,'Cur:','','',7,34),(1182,'2c580ae9c0f556f85e86e794de7810bf',0,0,90,293,0,'FF',9,0,1,'Avg:','','',7,35),(1183,'5464695dd6a4843f70c47da852903fb9',0,0,90,293,0,'FF',9,0,3,'Max:','','on',7,36),(1184,'02e289c1613b1a283a54f6c99aeeadaf',0,0,91,298,212,'FF',7,0,1,'Innodb Log Buffer Size','','',7,1),(1185,'1671c2356f1ea5d6e9128f22f56c619c',0,0,91,298,0,'FF',9,0,4,'Cur:','','on',7,2),(1186,'c64350e5653b5e9fb14818de1a413476',0,0,91,296,213,'FF',7,0,1,'Log Bytes Written','','',7,3),(1187,'7d717c2499f9713b5783c76316541708',0,0,91,296,0,'FF',9,0,4,'Cur:','','',7,4),(1188,'78e153e29946be1448a2b4ed4db3a7c7',0,0,91,296,0,'FF',9,0,1,'Avg:','','',7,5),(1189,'37762f7e8e2f4d4dc83e28a18cd982d6',0,0,91,296,0,'FF',9,0,3,'Max:','','on',7,6),(1190,'0bd7d8e50984d8f32686abab1a32293a',0,0,91,297,214,'FF',4,0,1,'Log Bytes Flushed','','',7,7),(1191,'c2cbbfd6949982cda5ff8371222d443b',0,0,91,297,0,'FF',9,0,4,'Cur:','','',7,8),(1192,'ce5e716d94990bca8316915fc8c6d295',0,0,91,297,0,'FF',9,0,1,'Avg:','','',7,9),(1193,'d3fcc946db121ed4de8d8f1f730c6609',0,0,91,297,0,'FF',9,0,3,'Max:','','on',7,10),(1194,'d085a73e94ab72fbbdaf6eff679203a4',0,0,91,295,80,'FF',7,0,1,'Unflushed Log','','',7,11),(1195,'1ece8b77f3cd5f215adfb889a60fdea3',0,0,91,295,0,'FF',9,0,4,'Cur:','','',7,12),(1196,'6f381800df776acad71d99b235af8929',0,0,91,295,0,'FF',9,0,1,'Avg:','','',7,13),(1197,'c13258cea0f7dc8aebdba8f58a2d09c8',0,0,91,295,0,'FF',9,0,3,'Max:','','on',7,14),(1198,'bdfbb1b39980e88ed94f16c39985fa4f',0,0,92,299,94,'FF',4,0,1,'Binlog Cache Use','','',7,1),(1199,'8616af578f90be7a458083fabfeab4e1',0,0,92,299,0,'FF',9,0,4,'Cur:','','',7,2),(1200,'0ed6c0a25486bc879a034f811e36da34',0,0,92,299,0,'FF',9,0,1,'Avg:','','',7,3),(1201,'a2c965ce35d96fbce8c3ba07475510de',0,0,92,299,0,'FF',9,0,3,'Max:','','on',7,4),(1202,'5b61415534d6fd0b7f68e6c75d9fbe51',0,0,92,302,9,'FF',4,0,1,'Binlog Cache Disk Use','','',7,5),(1203,'3fec21b5b651fd4c7af44cd0af8c9e35',0,0,92,302,0,'FF',9,0,4,'Cur:','','',7,6),(1204,'3df6144459058a6b8b3c0c0743ac15b1',0,0,92,302,0,'FF',9,0,1,'Avg:','','',7,7),(1205,'2a0c45b03f2ffeb60090760abae23b86',0,0,92,302,0,'FF',9,0,3,'Max:','','on',7,8),(1206,'ce9f0c0ab443b3a79da9b94335ac1b71',0,0,92,300,58,'FF',4,0,1,'Binary Log Space','','',7,9),(1207,'1b57843bf293f4385ef8e346b40f5c71',0,0,92,300,0,'FF',9,0,4,'Cur:','','',7,10),(1208,'94000e439d20c8ab3890c06419cb253f',0,0,92,300,0,'FF',9,0,1,'Avg:','','',7,11),(1209,'1720ffc5fda1501119fb88a70ff8afc0',0,0,92,300,0,'FF',9,0,3,'Max:','','on',7,12),(1210,'f380d5f2072fedbc4db97a04ca573559',0,0,92,301,52,'FF',4,0,1,'Relay Log Space','','',7,13),(1211,'a778cfaad5b84bc4219bef37ea908bce',0,0,92,301,0,'FF',9,0,4,'Cur:','','',7,14),(1212,'b5b1c10f5e77f9af13c951341d11c0da',0,0,92,301,0,'FF',9,0,1,'Avg:','','',7,15),(1213,'5393c8b1c590861e3f01e4154ed91c68',0,0,92,301,0,'FF',9,0,3,'Max:','','on',7,16),(1214,'555887c11b68bbedd6a8524c6247cb31',0,0,93,303,52,'FF',4,0,1,'Innodb Transactions','','',7,1),(1215,'7fc8892111a6f33cbbf4cd5b9886a953',0,0,93,303,0,'FF',9,0,4,'Cur:','','',7,2),(1216,'04f220a42b67c3d288b5ab77e4d8f88d',0,0,93,303,0,'FF',9,0,1,'Avg:','','',7,3),(1217,'e7acbf4c739cc677be448af321410730',0,0,93,303,0,'FF',9,0,3,'Max:','','on',7,4),(1218,'05580498fdfe184e3fad1fbbf77ada6b',0,0,93,304,33,'FF',4,0,1,'History List','','',7,5),(1219,'283cd600fb6ae61b3024df06dd8623e5',0,0,93,304,0,'FF',9,0,4,'Cur:','','',7,6),(1220,'af966d9a850275d8c0b12fad13ccf71c',0,0,93,304,0,'FF',9,0,1,'Avg:','','',7,7),(1221,'9e51b283869de058844e0fe9e3cacecb',0,0,93,304,0,'FF',9,0,3,'Max:','','on',7,8),(1222,'36ea72dd02d1b5b59e7f252b17a3bfbf',0,0,94,307,5,'FF',7,0,1,'Active Transactions','','',7,1),(1223,'f8114ffe652ccc28835504de31d292b7',0,0,94,307,0,'FF',9,0,4,'Cur:','','',7,2),(1224,'c6aaa0053e9a9d58d2681734c27b2832',0,0,94,307,0,'FF',9,0,1,'Avg:','','',7,3),(1225,'654467ff63e010a2ef4912d2e29a1036',0,0,94,307,0,'FF',9,0,3,'Max:','','on',7,4),(1226,'bb93454d739f7dbbdb75468cd4352ec5',0,0,94,306,9,'FF',4,0,1,'Locked Transactions','','',7,5),(1227,'5eed22688ab4e23de578a87a4287fb65',0,0,94,306,0,'FF',9,0,4,'Cur:','','',7,6),(1228,'e674989440124391c9d25220ba00d86b',0,0,94,306,0,'FF',9,0,1,'Avg:','','',7,7),(1229,'4390b5b70c9bf2b9ac5b58b77dd1687b',0,0,94,306,0,'FF',9,0,3,'Max:','','on',7,8),(1230,'8c5e57c2540c8b4a0e2aca517ac4c9dd',0,0,94,305,10,'FF',4,0,1,'Current Transactions','','',7,9),(1231,'6cd40ed62a23c46f7d0c74282dcc2235',0,0,94,305,0,'FF',9,0,4,'Cur:','','',7,10),(1232,'608844643878340a2103bb7dd7908fc8',0,0,94,305,0,'FF',9,0,1,'Avg:','','',7,11),(1233,'eccae20cfab8cccabffcb10d824e8b66',0,0,94,305,0,'FF',9,0,3,'Max:','','on',7,12),(1234,'458bdc7c36ea9ea78b9eade5ef1b3c0f',0,0,94,308,6,'FF',4,0,1,'Read Views','','',7,13),(1235,'4a743812dad30ce95ce2f4942a1b1015',0,0,94,308,0,'FF',9,0,4,'Cur:','','',7,14),(1236,'fbd96b8c03c65a46bd26b4ed3c2ebaf8',0,0,94,308,0,'FF',9,0,1,'Avg:','','',7,15),(1237,'9f25d39e551924c1ef6dd7b9feb8376a',0,0,94,308,0,'FF',9,0,3,'Max:','','on',7,16),(1238,'bb43289317b8771c767d0e22bba00218',0,0,95,312,215,'FF',7,0,1,'Table Cache','','',7,1),(1239,'c8366fca8f60ed626fcd72fea8348e55',0,0,95,312,0,'FF',9,0,4,'Cur:','','on',7,2),(1240,'c7c1fe4a8856989ad6ab1740bfec0d46',0,0,95,311,216,'FF',4,0,1,'Open Tables','','',7,3),(1241,'497dcd91cd8f2aea215041831e55588d',0,0,95,311,0,'FF',9,0,4,'Cur:','','',7,4),(1242,'f591f5e9ab50e932b438dad53a7ad088',0,0,95,311,0,'FF',9,0,1,'Avg:','','',7,5),(1243,'24105e9231849eb7d53440cd1ea107d9',0,0,95,311,0,'FF',9,0,3,'Max:','','on',7,6),(1244,'ee28157b1a7e0cba078e916bc3d1cf9c',0,0,95,310,217,'FF',4,0,1,'Open Files','','',7,7),(1245,'797a0953a24f77b4d65f4497ed921659',0,0,95,310,0,'FF',9,0,4,'Cur:','','',7,8),(1246,'e285cce25b143ad285ac6402744120ee',0,0,95,310,0,'FF',9,0,1,'Avg:','','',7,9),(1247,'b54bb9acce4f9103099ac687aad182b7',0,0,95,310,0,'FF',9,0,3,'Max:','','on',7,10),(1248,'00849b44ebd02a9e748620bc7081ee4b',0,0,95,309,49,'FF',4,0,1,'Opened Tables','','',7,11),(1249,'4ecff81d0dac519307b50a4ec8ccc1a0',0,0,95,309,0,'FF',9,0,4,'Cur:','','',7,12),(1250,'f497bf0917d531bfc09693159966e9c3',0,0,95,309,0,'FF',9,0,1,'Avg:','','',7,13),(1251,'d86f135fc819c1e7c645b66ca3fd3526',0,0,95,309,0,'FF',9,0,3,'Max:','','on',7,14),(1252,'e95f3f5d815d18a499c0fbb46dde74c1',0,0,96,317,54,'FF',7,0,1,'Thread Cache Size','','',7,1),(1253,'cc06406bf5330f48f9f72131eb7811b4',0,0,96,317,0,'FF',9,0,4,'Cur:','','on',7,2),(1254,'75f05f3bdbf2da679ff2dea32d070cf8',0,0,96,313,129,'FF',4,0,1,'Threads Connected','','',7,3),(1255,'b76504d4ed47e962092138e2890dfdeb',0,0,96,313,0,'FF',9,0,4,'Cur:','','',7,4),(1256,'c85c607bc3651d479babbd9ce71c1dc2',0,0,96,313,0,'FF',9,0,1,'Avg:','','',7,5),(1257,'0cc56033a63b1ba94739d0ce522570af',0,0,96,313,0,'FF',9,0,3,'Max:','','on',7,6),(1258,'b95b673dfad1d598fcd5ccf82dc7a469',0,0,96,315,44,'FF',4,0,1,'Threads Running','','',7,7),(1259,'8a6f588dc568bbfa43bca11303afd99e',0,0,96,315,0,'FF',9,0,4,'Cur:','','',7,8),(1260,'b3e6c5362bc7261180708bd529b3ed76',0,0,96,315,0,'FF',9,0,1,'Avg:','','',7,9),(1261,'72f139dc196375878fe3a8095b3b8dc6',0,0,96,315,0,'FF',9,0,3,'Max:','','on',7,10),(1262,'be5566c7e73156652bba54572da521ec',0,0,96,314,10,'FF',4,0,1,'Threads Created','','',7,11),(1263,'45af6233f84badff7b1d371d6ce936bf',0,0,96,314,0,'FF',9,0,4,'Cur:','','',7,12),(1264,'ab20f1a21c6381e85d07467e61a5c365',0,0,96,314,0,'FF',9,0,1,'Avg:','','',7,13),(1265,'4d4dd16dbc33ac4baa5cbc77f66497c9',0,0,96,314,0,'FF',9,0,3,'Max:','','on',7,14),(1266,'f5f4248474a749206629369d6bebdb2b',0,0,96,316,126,'FF',4,0,1,'Threads Cached','','',7,15),(1267,'05a580f4c0a613c5ddf78a1ec430b306',0,0,96,316,0,'FF',9,0,4,'Cur:','','',7,16),(1268,'d4ac79bee93510730f57e0cbb68b8980',0,0,96,316,0,'FF',9,0,1,'Avg:','','',7,17),(1269,'493acce101ff1bddec0f6b3a7cedd732',0,0,96,316,0,'FF',9,0,3,'Max:','','on',7,18),(1270,'b235fb497a3b734da32b8902bdfd823b',0,0,97,318,140,'FF',7,0,1,'Total Mem Alloc','','',7,1),(1271,'29de8c74aa79b58262c224607b869551',0,0,97,318,0,'FF',9,0,4,'Cur:','','',7,2),(1272,'31c861c9014aa0ab83311b4398dfbf69',0,0,97,318,0,'FF',9,0,1,'Avg:','','',7,3),(1273,'55d7c8bac42f254e55f882fa014b81bd',0,0,97,318,0,'FF',9,0,3,'Max:','','on',7,4),(1274,'4c0565a8268db17867eaf80c18b6ff82',0,0,97,319,142,'FF',4,0,1,'Additional Pool Alloc','','',7,5),(1275,'21fc38509908af75117fdc4bc9728b1a',0,0,97,319,0,'FF',9,0,4,'Cur:','','',7,6),(1276,'63937e5acb5247b393c7f25f0db048d6',0,0,97,319,0,'FF',9,0,1,'Avg:','','',7,7),(1277,'03f430c061c1c952c79350380b62ac22',0,0,97,319,0,'FF',9,0,3,'Max:','','on',7,8),(1278,'5150fb687ff7dce913f9a5c266d334f8',0,0,98,320,218,'FF',7,0,1,'Hash Index Cells Total','','',7,1),(1279,'b7f6e003a168fe885fc5cfe51316d1ca',0,0,98,320,0,'FF',9,0,4,'Cur:','','',7,2),(1280,'604569890dfcc29d3b919b222e91ceff',0,0,98,320,0,'FF',9,0,1,'Avg:','','',7,3),(1281,'a904dcbec9e75d9619e536405bfea63d',0,0,98,320,0,'FF',9,0,3,'Max:','','on',7,4),(1282,'e095ab3a1ccabab2f3aab6bb43e05bee',0,0,98,321,219,'FF',7,0,1,'Hash Index Cells Used','','',7,5),(1283,'f5741589db6d478ecb1e8303fdffdff8',0,0,98,321,0,'FF',9,0,4,'Cur:','','',7,6),(1284,'d7fa02e162fd9d66ce6e490909018190',0,0,98,321,0,'FF',9,0,1,'Avg:','','',7,7),(1285,'d4d48ab8e82a1e2eb402da0cf4f8b711',0,0,98,321,0,'FF',9,0,3,'Max:','','on',7,8),(1286,'d31c7e26a724c41b9353a378284de56e',0,0,99,328,202,'FF',7,0,1,'Adaptive Hash Memory','','',7,1),(1287,'51427f33667849783485b7bf120690d4',0,0,99,328,0,'FF',9,0,4,'Cur:','','',7,2),(1288,'c4861fdf9ceb2f49dfbd4c72dbf8351f',0,0,99,328,0,'FF',9,0,1,'Avg:','','',7,3),(1289,'e0d174344f94638ee20525364c70975f',0,0,99,328,0,'FF',9,0,3,'Max:','','on',7,4),(1290,'f99c6a6af4d2d8345870354091ba6ef1',0,0,99,324,203,'FF',8,0,1,'Page Hash Memory','','',7,5),(1291,'d829dda77d609ecfeda4c04ff5bb698c',0,0,99,324,0,'FF',9,0,4,'Cur:','','',7,6),(1292,'6a20bf1ab722d36a25281a5441676b31',0,0,99,324,0,'FF',9,0,1,'Avg:','','',7,7),(1293,'9f531be591cf40bdf25eca3634874b85',0,0,99,324,0,'FF',9,0,3,'Max:','','on',7,8),(1294,'6e2323aaa35a649e611fa7badc5efd5c',0,0,99,326,220,'FF',8,0,1,'Dictionary Cache Memory','','',7,9),(1295,'f2bea163ebd66b67a3709f02c93fe923',0,0,99,326,0,'FF',9,0,4,'Cur:','','',7,10),(1296,'c62a4f9581a873a086c17421d12d1e31',0,0,99,326,0,'FF',9,0,1,'Avg:','','',7,11),(1297,'1ad689a2b8c344e958d0aa1a72509c0e',0,0,99,326,0,'FF',9,0,3,'Max:','','on',7,12),(1298,'932619cd0c60041a8182a679c28f282f',0,0,99,323,221,'FF',8,0,1,'File System Memory','','',7,13),(1299,'d9f4d7ccabcd7da117ede5e13e32c6cb',0,0,99,323,0,'FF',9,0,4,'Cur:','','',7,14),(1300,'d7ec7cad87cba2dc64774df4c317b1dd',0,0,99,323,0,'FF',9,0,1,'Avg:','','',7,15),(1301,'701c24b70a76e5057d527a637260c476',0,0,99,323,0,'FF',9,0,3,'Max:','','on',7,16),(1302,'ac9fd6ffb0217ce291b1755f0b0ec6e8',0,0,99,322,204,'FF',8,0,1,'Lock System Memory','','',7,17),(1303,'07a6ded5ae577760e0be369f5a4478cc',0,0,99,322,0,'FF',9,0,4,'Cur:','','',7,18),(1304,'1d04d8cfab630e17ebd22002415520dc',0,0,99,322,0,'FF',9,0,1,'Avg:','','',7,19),(1305,'348a18e12f5ecfa51c7eec625ac29bb2',0,0,99,322,0,'FF',9,0,3,'Max:','','on',7,20),(1306,'01635daf329b44f4acc46ca64a3c2f83',0,0,99,327,222,'FF',8,0,1,'Recovery System Memory','','',7,21),(1307,'cd43b17517efc5ea763d0e27f0b15f99',0,0,99,327,0,'FF',9,0,4,'Cur:','','',7,22),(1308,'73ea06d7bf8dbb8b3c2b293a9100f59c',0,0,99,327,0,'FF',9,0,1,'Avg:','','',7,23),(1309,'db82c169c0ade793cabe30836eb0645f',0,0,99,327,0,'FF',9,0,3,'Max:','','on',7,24),(1310,'d1bb6b7a905bfe0ed61f8189fe866bc3',0,0,99,325,223,'FF',8,0,1,'Thread Hash Memory','','',7,25),(1311,'95558ded8baf5c50cc99024da2817eb6',0,0,99,325,0,'FF',9,0,4,'Cur:','','',7,26),(1312,'b3259ee760c7d6c7c28a202bd31eed5c',0,0,99,325,0,'FF',9,0,1,'Avg:','','',7,27),(1313,'eeb84fa744eb65f8e2078a7658e29ba2',0,0,99,325,0,'FF',9,0,3,'Max:','','on',7,28),(1314,'d10ad18a0a5548817430ca0f39881d0b',0,0,100,330,224,'FF',7,0,1,'Innodb Tables In Use','','',7,1),(1315,'67e7f1188608e9e7b5d73926caac50e0',0,0,100,330,0,'FF',9,0,4,'Cur:','','',7,2),(1316,'522fb5fbf1be97ff28ac65d6675f7a5c',0,0,100,330,0,'FF',9,0,1,'Avg:','','',7,3),(1317,'e042a60fe3a5d663a324dfb3b589e325',0,0,100,330,0,'FF',9,0,3,'Max:','','on',7,4),(1318,'3c552300a4817b7e479d7add8202830a',0,0,100,329,225,'FF',4,0,1,'Innodb Locked Tables','','',7,5),(1319,'22799eee7d56cce62fe31d7de536741d',0,0,100,329,0,'FF',9,0,4,'Cur:','','',7,6),(1320,'b3aebe60ad13347f8848d83a9eb53742',0,0,100,329,0,'FF',9,0,1,'Avg:','','',7,7),(1321,'dcf87c57b4ddec28ee3f16089b74993c',0,0,100,329,0,'FF',9,0,3,'Max:','','on',7,8),(1322,'44a5e04dd3e04f5d9378cd748a35dd79',0,0,101,331,226,'FF',4,0,1,'Innodb Lock Wait Secs','','',7,1),(1323,'d6181c515d6cc04de8d993671c58952a',0,0,101,331,0,'FF',9,0,4,'Cur:','','',7,2),(1324,'1edc473d4581ca63a6016ee877f18b56',0,0,101,331,0,'FF',9,0,1,'Avg:','','',7,3),(1325,'6e8e0ea8e1bca207eda7d5c06398a0b0',0,0,101,331,0,'FF',9,0,3,'Max:','','on',7,4),(1326,'26dfda88b3c8dc15d83e552191dcd378',0,0,102,332,218,'FF',4,0,1,'Innodb Lock Structs','','',7,1),(1327,'6876a981e759fca71acb125ed3d3a579',0,0,102,332,0,'FF',9,0,4,'Cur:','','',7,2),(1328,'f8b753cfff01918286f1ff5325070841',0,0,102,332,0,'FF',9,0,1,'Avg:','','',7,3),(1329,'f353178cef97cacb700e3d158aa60b86',0,0,102,332,0,'FF',9,0,3,'Max:','','on',7,4),(1330,'442eaef32ea745fd8603aa9a5ef80295',0,0,103,333,227,'FF',4,0,1,'Uncheckpointed Bytes','','',7,1),(1331,'8a0ff14d3bc4d6fad766e3e17c30d812',0,0,103,333,0,'FF',9,0,4,'Cur:','','',7,2),(1332,'b0af011746371356f90799a50336807d',0,0,103,333,0,'FF',9,0,1,'Avg:','','',7,3),(1333,'ee2efd28835e9e95d2e0386643769991',0,0,103,333,0,'FF',9,0,3,'Max:','','on',7,4),(1334,'3f2e6f7a9a769236a9cf324a076aa362',0,0,104,334,228,'FF',7,0,1,'Innodb Row Lock Time','','',7,1),(1335,'510a5f3b1584940506b9e04c882470f0',0,0,104,334,0,'FF',9,0,4,'Cur:','','',7,2),(1336,'a882d7cac776d2a73913140d07e24b9a',0,0,104,334,0,'FF',9,0,1,'Avg:','','',7,3),(1337,'c030f59dac8c01aadc5d875930c5b92e',0,0,104,334,0,'FF',9,0,3,'Max:','','on',7,4),(1338,'727d424d76d66234fe807a3476de9c4b',0,0,105,335,229,'FF',7,0,1,'Innodb Row Lock Waits','','',7,1),(1339,'bdf7cbeefd65c04eb3a34d5581e655af',0,0,105,335,0,'FF',9,0,4,'Cur:','','',7,2),(1340,'173303a1ce6b7151fff3473e3ab8bff8',0,0,105,335,0,'FF',9,0,1,'Avg:','','',7,3),(1341,'cfad38c2995f5efd0e190f3e3cccb484',0,0,105,335,0,'FF',9,0,3,'Max:','','on',7,4),(1342,'18c0d71e0d953e097d4f0f508a86d143',0,0,106,336,230,'FF',7,0,1,'Innodb Sem Waits','','',7,1),(1343,'c4d6758d17576cea4e41df82641d2585',0,0,106,336,0,'FF',9,0,4,'Cur:','','',7,2),(1344,'6c4a0de40b79e93f89a67d7cb87fb8f9',0,0,106,336,0,'FF',9,0,1,'Avg:','','',7,3),(1345,'49bd3bbfe1edeb6b9650829420a924f8',0,0,106,336,0,'FF',9,0,3,'Max:','','on',7,4),(1346,'359adb5a9ba05d61f32524e4c742866e',0,0,107,337,231,'FF',7,0,1,'Innodb Sem Wait Time Ms','','',7,1),(1347,'b44684a0de487063f4a5becda6f865b1',0,0,107,337,0,'FF',9,0,4,'Cur:','','',7,2),(1348,'73215cbee8031b0fb0abe022773d2eb2',0,0,107,337,0,'FF',9,0,1,'Avg:','','',7,3),(1349,'b676b2a9bf8ff59c5de5eeb3b3463c9b',0,0,107,337,0,'FF',9,0,3,'Max:','','on',7,4),(1350,'071a5d94c9f210bc89fc7ade424dbb22',0,0,108,339,49,'FF',7,0,1,'State Closing Tables','','',7,1),(1351,'42253ad481bbb9cae54005f8d843b61a',0,0,108,339,0,'FF',9,0,4,'Cur:','','',7,2),(1352,'fbefacceedfbd99e389ec2a2072e1f02',0,0,108,339,0,'FF',9,0,1,'Avg:','','',7,3),(1353,'b5fcf135e3d6ad27219e2923a07959e5',0,0,108,339,0,'FF',9,0,3,'Max:','','on',7,4),(1354,'792bf0158e312506b509312962b53a97',0,0,108,346,110,'FF',8,0,1,'State Copying To Tmp Table','','',7,5),(1355,'42eebae764eda85dc5df8e87b53ea43a',0,0,108,346,0,'FF',9,0,4,'Cur:','','',7,6),(1356,'72a9053d75b10f2215062a949f8e4186',0,0,108,346,0,'FF',9,0,1,'Avg:','','',7,7),(1357,'9d9132b6af540b2c142420d2912e6b99',0,0,108,346,0,'FF',9,0,3,'Max:','','on',7,8),(1358,'02a9c240201b1bbc33dfc64824dbc9f3',0,0,108,348,111,'FF',8,0,1,'State End','','',7,9),(1359,'13ad90254f2970ceae3b0481821a3fa6',0,0,108,348,0,'FF',9,0,4,'Cur:','','',7,10),(1360,'4db6d26c30231832b5c11975eeea8196',0,0,108,348,0,'FF',9,0,1,'Avg:','','',7,11),(1361,'050ccb6eef28c19629697021575fe801',0,0,108,348,0,'FF',9,0,3,'Max:','','on',7,12),(1362,'5fb54a5812c19b81a496199fc4867799',0,0,108,343,112,'FF',8,0,1,'State Freeing Items','','',7,13),(1363,'1e10f5e6eb83da370c00f85c9e682a21',0,0,108,343,0,'FF',9,0,4,'Cur:','','',7,14),(1364,'2780822e8ce29851048893a1e9077440',0,0,108,343,0,'FF',9,0,1,'Avg:','','',7,15),(1365,'32873c00b6dff5616ee005a2d7249fd8',0,0,108,343,0,'FF',9,0,3,'Max:','','on',7,16),(1366,'22f1ff4f9ed793904002ae6c1dac9e57',0,0,108,342,113,'FF',8,0,1,'State Init','','',7,17),(1367,'c16bb0bfbf4fbf5a578550cbd0ce0ebc',0,0,108,342,0,'FF',9,0,4,'Cur:','','',7,18),(1368,'835c4d6533cfbccd71876031f85a3b65',0,0,108,342,0,'FF',9,0,1,'Avg:','','',7,19),(1369,'dde4033fdfbf0d2eb2cb37d12f89c140',0,0,108,342,0,'FF',9,0,3,'Max:','','on',7,20),(1370,'f9e50ea99f9fae7e322fd807439f7e78',0,0,108,344,49,'FF',8,0,1,'State Locked','','',7,21),(1371,'7aafefdea99b722ca04bc6104b56c168',0,0,108,344,0,'FF',9,0,4,'Cur:','','',7,22),(1372,'941c34a80a36384a1fc2852034636b37',0,0,108,344,0,'FF',9,0,1,'Avg:','','',7,23),(1373,'1633a37dd00f4a20736c3462f7275959',0,0,108,344,0,'FF',9,0,3,'Max:','','on',7,24),(1374,'bb48336c5b8333a3ab7329ba66687615',0,0,108,338,114,'FF',8,0,1,'State Login','','',7,25),(1375,'9c8bb65e23f409afd7e4470cd70e0bdc',0,0,108,338,0,'FF',9,0,4,'Cur:','','',7,26),(1376,'376977e7f2a31232b81712f48ec71b25',0,0,108,338,0,'FF',9,0,1,'Avg:','','',7,27),(1377,'2812464e11245d6251b64767514fa2fc',0,0,108,338,0,'FF',9,0,3,'Max:','','on',7,28),(1378,'9e6cd95cd545e4b5923078d81cf503b1',0,0,108,341,232,'FF',8,0,1,'State Preparing','','',7,29),(1379,'1d816f92f071e1213648e359664b33c8',0,0,108,341,0,'FF',9,0,4,'Cur:','','',7,30),(1380,'affb34977c43ccbd62f21c4f3cd0277a',0,0,108,341,0,'FF',9,0,1,'Avg:','','',7,31),(1381,'1a8d7fbb69c0f6c7456240cbc96cbe57',0,0,108,341,0,'FF',9,0,3,'Max:','','on',7,32),(1382,'9863f562c387684477211e9751332522',0,0,108,350,233,'FF',8,0,1,'State Reading From Net','','',7,33),(1383,'be25a35a10a2e75a3e63144393992c6b',0,0,108,350,0,'FF',9,0,4,'Cur:','','',7,34),(1384,'c70d2cb3ea00989132f48a757bc0a9c5',0,0,108,350,0,'FF',9,0,1,'Avg:','','',7,35),(1385,'5d158dcf3f91477c63b2caf7d5c1a7ae',0,0,108,350,0,'FF',9,0,3,'Max:','','on',7,36),(1386,'9e2bb6e808a6b1454d53ed4ea6d125fc',0,0,108,351,234,'FF',8,0,1,'State Sending Data','','',7,37),(1387,'4f249198d06f5802f32856b8b9d0a6e7',0,0,108,351,0,'FF',9,0,4,'Cur:','','',7,38),(1388,'a4be0de027ec06f2a227ad0724579d63',0,0,108,351,0,'FF',9,0,1,'Avg:','','',7,39),(1389,'94285dee91aaed8eedd57936f9c7583d',0,0,108,351,0,'FF',9,0,3,'Max:','','on',7,40),(1390,'8794a02f7747ed219ee57e805c116ba8',0,0,108,340,115,'FF',8,0,1,'State Sorting Result','','',7,41),(1391,'68d82026091fbf3eb0ca4c600487f036',0,0,108,340,0,'FF',9,0,4,'Cur:','','',7,42),(1392,'1d9ce488ee0482369a8a39f6139965ea',0,0,108,340,0,'FF',9,0,1,'Avg:','','',7,43),(1393,'8124869cd8d39d201a302060faf190a2',0,0,108,340,0,'FF',9,0,3,'Max:','','on',7,44),(1394,'e8c8f4480cd23520ba18d996cd5e1fe3',0,0,108,352,212,'FF',8,0,1,'State Statistics','','',7,45),(1395,'383571f54ee493555ce4b8868b9eb28e',0,0,108,352,0,'FF',9,0,4,'Cur:','','',7,46),(1396,'e3250c78ef3ee96ace553e722a634899',0,0,108,352,0,'FF',9,0,1,'Avg:','','',7,47),(1397,'fe394d34223d47bf6078341387c0e922',0,0,108,352,0,'FF',9,0,3,'Max:','','on',7,48),(1398,'25cd6d32db03d451893308bf8b6607fc',0,0,108,353,235,'FF',8,0,1,'State Updating','','',7,49),(1399,'af0567d70f0d89d50ceb18ce0c611daf',0,0,108,353,0,'FF',9,0,4,'Cur:','','',7,50),(1400,'548bf880854df8978a67f047c5ceca0d',0,0,108,353,0,'FF',9,0,1,'Avg:','','',7,51),(1401,'c3fc41c87ce816dc584c2e7b1c64db62',0,0,108,353,0,'FF',9,0,3,'Max:','','on',7,52),(1402,'2c8d51eacb721f743cf6dc766a760695',0,0,108,345,117,'FF',8,0,1,'State Writing To Net','','',7,53),(1403,'6a1e3fdfb0e6f16376081e5d9b045178',0,0,108,345,0,'FF',9,0,4,'Cur:','','',7,54),(1404,'7f38a8b8a558743adf138551c9eea039',0,0,108,345,0,'FF',9,0,1,'Avg:','','',7,55),(1405,'9e1a4760a22b3ccd43a2d3b125366d48',0,0,108,345,0,'FF',9,0,3,'Max:','','on',7,56),(1406,'fefcb5f9079a04c61ed44cc8e713d458',0,0,108,349,236,'FF',8,0,1,'State None','','',7,57),(1407,'75e27a36187562a334b9c6e1acc924cf',0,0,108,349,0,'FF',9,0,4,'Cur:','','',7,58),(1408,'7908ca613ed4ef2431f2b7f90cdd8a61',0,0,108,349,0,'FF',9,0,1,'Avg:','','',7,59),(1409,'59c29c0738d4ea1eefad8a21ab7b0820',0,0,108,349,0,'FF',9,0,3,'Max:','','on',7,60),(1410,'730cf658ad8101066e5571b5ed71de73',0,0,108,347,237,'FF',8,0,1,'State Other','','',7,61),(1411,'917a903cc2943a25983a4b2c8f561337',0,0,108,347,0,'FF',9,0,4,'Cur:','','',7,62),(1412,'54fa0c9fc9c3d0ebb8b01a1a0a8962bb',0,0,108,347,0,'FF',9,0,1,'Avg:','','',7,63),(1413,'107a62ac2c454b1f851a288a329c3b7e',0,0,108,347,0,'FF',9,0,3,'Max:','','on',7,64),(1414,'98505c91f609a8b020bf2d059789b3b7',0,0,109,354,49,'FF',4,0,1,'Handler Commit','','',7,1),(1415,'6a2a5794e67abb03d9898a8a66722fea',0,0,109,354,0,'FF',9,0,4,'Cur:','','',7,2),(1416,'96e7e505f2a52ceb0227423373a8063f',0,0,109,354,0,'FF',9,0,1,'Avg:','','',7,3),(1417,'1cc06b191eaa191b392eeb53323c35b6',0,0,109,354,0,'FF',9,0,3,'Max:','','on',7,4),(1418,'b685716756b63e333d1949eace7f70ea',0,0,109,357,110,'FF',4,0,1,'Handler Rollback','','',7,5),(1419,'1c8c92ed2eb917bff5438f4c15078dfa',0,0,109,357,0,'FF',9,0,4,'Cur:','','',7,6),(1420,'42598c06533e800fd53be723b47b6d5b',0,0,109,357,0,'FF',9,0,1,'Avg:','','',7,7),(1421,'a9d38eb0ced6e4db7a30b9bbb6c24f06',0,0,109,357,0,'FF',9,0,3,'Max:','','on',7,8),(1422,'5bf03010e3ac42c28ac02de2f4680870',0,0,109,355,111,'FF',4,0,1,'Handler Savepoint','','',7,9),(1423,'9825136839f88f2da94e8d624dc67a8d',0,0,109,355,0,'FF',9,0,4,'Cur:','','',7,10),(1424,'5b1f6c15fadfcfefbb646b9a591a5029',0,0,109,355,0,'FF',9,0,1,'Avg:','','',7,11),(1425,'35b68e1ed02d23c1093b17116f5c9600',0,0,109,355,0,'FF',9,0,3,'Max:','','on',7,12),(1426,'420abbb9c30789fdfd3388bafb3aa025',0,0,109,356,112,'FF',4,0,1,'Handler Savepoint Rollback','','',7,13),(1427,'abd2ddb6eeba337040feb70e24586007',0,0,109,356,0,'FF',9,0,4,'Cur:','','',7,14),(1428,'ff9c72e9fb520259e4716a6df4119bc9',0,0,109,356,0,'FF',9,0,1,'Avg:','','',7,15),(1429,'0a8a1ec90dcb13202d0a9581124da57a',0,0,109,356,0,'FF',9,0,3,'Max:','','on',7,16),(1430,'a56efbbe29d026f02862bfca809bf590',0,0,110,363,238,'FF',7,0,1,'Handler Write','','',7,1),(1431,'333b129b710713ea08607822cbed2038',0,0,110,363,0,'FF',9,0,4,'Cur:','','',7,2),(1432,'18adb81f9b92e701a6712b2409e10173',0,0,110,363,0,'FF',9,0,1,'Avg:','','',7,3),(1433,'b75669a310ca424b58b66fcf47defe0a',0,0,110,363,0,'FF',9,0,3,'Max:','','on',7,4),(1434,'99e8c4ac20ef9382cf78d1ffb28fe54d',0,0,110,365,239,'FF',8,0,1,'Handler Update','','',7,5),(1435,'996f53689776466699d40ab2781f5e82',0,0,110,365,0,'FF',9,0,4,'Cur:','','',7,6),(1436,'b3929273258422fa2177e6d149b31ab7',0,0,110,365,0,'FF',9,0,1,'Avg:','','',7,7),(1437,'93a6e48d691eff462e8231b30316a8c2',0,0,110,365,0,'FF',9,0,3,'Max:','','on',7,8),(1438,'9f24f4b567f0a4b2fe129db2e35d15aa',0,0,110,358,240,'FF',8,0,1,'Handler Delete','','',7,9),(1439,'e2c31117289de032f8c08cc14ec477f8',0,0,110,358,0,'FF',9,0,4,'Cur:','','',7,10),(1440,'e25437c079a454c5271f477fe7ea17e6',0,0,110,358,0,'FF',9,0,1,'Avg:','','',7,11),(1441,'eb8a68723d201d3aec1543199a888956',0,0,110,358,0,'FF',9,0,3,'Max:','','on',7,12),(1442,'d1d5a2571291994279b7d9f25d0adcb4',0,0,110,359,241,'FF',8,0,1,'Handler Read First','','',7,13),(1443,'80a47e2fb44870cf631ef6d4de1851c9',0,0,110,359,0,'FF',9,0,4,'Cur:','','',7,14),(1444,'4476dc4103d83887aca2673a247cd08e',0,0,110,359,0,'FF',9,0,1,'Avg:','','',7,15),(1445,'f2cf8af8e7ec95afc7b61a18b47eb540',0,0,110,359,0,'FF',9,0,3,'Max:','','on',7,16),(1446,'a7720b8b3e1acb2bf891dcaa670002b4',0,0,110,361,242,'FF',8,0,1,'Handler Read Key','','',7,17),(1447,'fe520c3c770514eeef8d56b30edb49b4',0,0,110,361,0,'FF',9,0,4,'Cur:','','',7,18),(1448,'1e83f4d79d966e8b166b5198c5f428bf',0,0,110,361,0,'FF',9,0,1,'Avg:','','',7,19),(1449,'34dc1f997d19abdf11736d7afff0c344',0,0,110,361,0,'FF',9,0,3,'Max:','','on',7,20),(1450,'b0b798535b8d75d4a9585945254f2b4b',0,0,110,366,142,'FF',8,0,1,'Handler Read Next','','',7,21),(1451,'2e5c22d4cdcea1c9f30ad32211d3836c',0,0,110,366,0,'FF',9,0,4,'Cur:','','',7,22),(1452,'702f8e111b48c715157ac958658c4b8c',0,0,110,366,0,'FF',9,0,1,'Avg:','','',7,23),(1453,'7c54b76ce9f272518e8a0ee0bfd39b47',0,0,110,366,0,'FF',9,0,3,'Max:','','on',7,24),(1454,'5f186d6015dfba3d1106952f4c1bb0ca',0,0,110,360,243,'FF',8,0,1,'Handler Read Prev','','',7,25),(1455,'252858053548203416049c303ec097a8',0,0,110,360,0,'FF',9,0,4,'Cur:','','',7,26),(1456,'304e8fb4d95ebea5d589e8ed877d582b',0,0,110,360,0,'FF',9,0,1,'Avg:','','',7,27),(1457,'14841f4538dadbd51e7ac76e942d0321',0,0,110,360,0,'FF',9,0,3,'Max:','','on',7,28),(1458,'a987368e5eff28db9cbfe423b5642c0f',0,0,110,364,244,'FF',8,0,1,'Handler Read Rnd','','',7,29),(1459,'06a1bfbd8f6ba3fd905aa8ab7e938a7b',0,0,110,364,0,'FF',9,0,4,'Cur:','','',7,30),(1460,'e69ecc53865b44b285fc650265f37c03',0,0,110,364,0,'FF',9,0,1,'Avg:','','',7,31),(1461,'e05ff5595224800ec56b61c5f225ee9b',0,0,110,364,0,'FF',9,0,3,'Max:','','on',7,32),(1462,'6d59cc406cd1e7e49c08385942df665f',0,0,110,362,245,'FF',8,0,1,'Handler Read Rnd Next','','',7,33),(1463,'faeefb662aaa2e819e2601db4ce53dd2',0,0,110,362,0,'FF',9,0,4,'Cur:','','',7,34),(1464,'39af5daeca97920d8ac6912ec8c62c78',0,0,110,362,0,'FF',9,0,1,'Avg:','','',7,35),(1465,'f67c01dffaa9f72981b9ec0a36c37004',0,0,110,362,0,'FF',9,0,3,'Max:','','on',7,36),(1466,'08c10338a942c47eb5d8061d98f89729',0,0,111,380,49,'FF',7,0,1,'Query Time Count 00','','',7,1),(1467,'f52cf6ca1f6ed26dbfac4b7ad4dfbc5a',0,0,111,380,0,'FF',9,0,4,'Cur:','','',7,2),(1468,'9dbf8bf3ea1fa803460975f4c5da5f24',0,0,111,380,0,'FF',9,0,1,'Avg:','','',7,3),(1469,'e683dde882800122c2118a9f743dec95',0,0,111,380,0,'FF',9,0,3,'Max:','','',7,4),(1470,'5d0981d0c6528379ba4909fed38c652c',0,0,111,380,0,'FF',9,0,2,'Min:','','on',7,5),(1471,'4b693f09a81ab1db783ab17de3789f26',0,0,111,376,110,'FF',8,0,1,'Query Time Count 01','','',7,6),(1472,'c26e712241285a2cf22fd73ebb39d020',0,0,111,376,0,'FF',9,0,4,'Cur:','','',7,7),(1473,'efd33d54976eacc8e0f04636c2185142',0,0,111,376,0,'FF',9,0,1,'Avg:','','',7,8),(1474,'d97e8b46a4ba423207865222e1dfc9bf',0,0,111,376,0,'FF',9,0,3,'Max:','','',7,9),(1475,'a6e618818edf9b5ee34084f620564ebe',0,0,111,376,0,'FF',9,0,2,'Min:','','on',7,10),(1476,'9e785847208c8738d150c9c20ab799a4',0,0,111,374,111,'FF',8,0,1,'Query Time Count 02','','',7,11),(1477,'4cabdffca2bc82a688911d369883a78a',0,0,111,374,0,'FF',9,0,4,'Cur:','','',7,12),(1478,'6521db9ce70360fafb032dbeadd69774',0,0,111,374,0,'FF',9,0,1,'Avg:','','',7,13),(1479,'7152e2a2db4a5dfe0aff0e5f19c1410d',0,0,111,374,0,'FF',9,0,3,'Max:','','',7,14),(1480,'366bf607ef34d4a72606bd4bac52fbf2',0,0,111,374,0,'FF',9,0,2,'Min:','','on',7,15),(1481,'62c4840df6b20c9bb01665a26642ec68',0,0,111,378,112,'FF',8,0,1,'Query Time Count 03','','',7,16),(1482,'2924e8784904f6b5589685cfceaa610d',0,0,111,378,0,'FF',9,0,4,'Cur:','','',7,17),(1483,'ab7480fa463217e43aca45bb971f926e',0,0,111,378,0,'FF',9,0,1,'Avg:','','',7,18),(1484,'fe0febf8c7788002fc7fbb732b95d13e',0,0,111,378,0,'FF',9,0,3,'Max:','','',7,19),(1485,'33a9d7c5a761bca9c3ff7eb6f78eb4e4',0,0,111,378,0,'FF',9,0,2,'Min:','','on',7,20),(1486,'345a48dacb7cc1a6ca65fdc1cf9550fa',0,0,111,370,113,'FF',8,0,1,'Query Time Count 04','','',7,21),(1487,'2eb28eda894a2e0563b535baf5c55c0e',0,0,111,370,0,'FF',9,0,4,'Cur:','','',7,22),(1488,'04393d034850669377a7a8648eba0b72',0,0,111,370,0,'FF',9,0,1,'Avg:','','',7,23),(1489,'0b2f05ad0d8fbbe04886a5503c8c1307',0,0,111,370,0,'FF',9,0,3,'Max:','','',7,24),(1490,'f2c1e091ca84baf054e5944f6a6fa2fe',0,0,111,370,0,'FF',9,0,2,'Min:','','on',7,25),(1491,'04a95cdbf902b5fc977eb122b33e99b1',0,0,111,377,49,'FF',8,0,1,'Query Time Count 05','','',7,26),(1492,'843ac8ffe0fcba8a34d07e8cbac867a8',0,0,111,377,0,'FF',9,0,4,'Cur:','','',7,27),(1493,'16d27f325b51f989281f3a4189f60b82',0,0,111,377,0,'FF',9,0,1,'Avg:','','',7,28),(1494,'ed0fa015ed32e13de13a589f3d3f2960',0,0,111,377,0,'FF',9,0,3,'Max:','','',7,29),(1495,'6408b0165000992280538aa93a78f3f0',0,0,111,377,0,'FF',9,0,2,'Min:','','on',7,30),(1496,'57c53baab6f0f75e59f0492b7b914ca8',0,0,111,379,114,'FF',8,0,1,'Query Time Count 06','','',7,31),(1497,'df699c9622780c8b33510bac3e4e55da',0,0,111,379,0,'FF',9,0,4,'Cur:','','',7,32),(1498,'dd648b011a8f158f92c08d6d4ee5570c',0,0,111,379,0,'FF',9,0,1,'Avg:','','',7,33),(1499,'31863aa8b141a94cfc34cf2ea3e09ebe',0,0,111,379,0,'FF',9,0,3,'Max:','','',7,34),(1500,'5d52fd9ab2cea7e63b38fda279d76b7d',0,0,111,379,0,'FF',9,0,2,'Min:','','on',7,35),(1501,'5e94c82b137828def8daef5a4199e072',0,0,111,367,232,'FF',8,0,1,'Query Time Count 07','','',7,36),(1502,'b681bd2e23fb54cdb32baec84dfcf128',0,0,111,367,0,'FF',9,0,4,'Cur:','','',7,37),(1503,'0f56ee1e90b63609d58f939aa43fcd6b',0,0,111,367,0,'FF',9,0,1,'Avg:','','',7,38),(1504,'15fd8728f91049dc79f639db7d311c36',0,0,111,367,0,'FF',9,0,3,'Max:','','',7,39),(1505,'feb4e695c759de471fce8ada5f4681ee',0,0,111,367,0,'FF',9,0,2,'Min:','','on',7,40),(1506,'c5a2d216430ec1f09c65613af56efa35',0,0,111,373,233,'FF',8,0,1,'Query Time Count 08','','',7,41),(1507,'69cc8cb6981c01a55dbeb808ac8945c0',0,0,111,373,0,'FF',9,0,4,'Cur:','','',7,42),(1508,'190770cf3101e3c57ad8931d5ce2cfd8',0,0,111,373,0,'FF',9,0,1,'Avg:','','',7,43),(1509,'cf1fa0ae56fbd81e550b035bcde7d847',0,0,111,373,0,'FF',9,0,3,'Max:','','',7,44),(1510,'d3e081a61f7810c6a088af805a78ade0',0,0,111,373,0,'FF',9,0,2,'Min:','','on',7,45),(1511,'aa66dffd2932c3bd553e089638d6083d',0,0,111,371,234,'FF',8,0,1,'Query Time Count 09','','',7,46),(1512,'d92523843f91425e89929eea018f8d10',0,0,111,371,0,'FF',9,0,4,'Cur:','','',7,47),(1513,'4c9cfcc3fb8388158f3dab4fdd7e7603',0,0,111,371,0,'FF',9,0,1,'Avg:','','',7,48),(1514,'ad38f1e9bb8ed809d77bc70bbf6c2226',0,0,111,371,0,'FF',9,0,3,'Max:','','',7,49),(1515,'fbac3ece36f63d9baa1dd24fa35711be',0,0,111,371,0,'FF',9,0,2,'Min:','','on',7,50),(1516,'f80f931d32592fb52c8540ec35fe4033',0,0,111,372,115,'FF',8,0,1,'Query Time Count 10','','',7,51),(1517,'748227f6c32d810e66e17c93b09f23b7',0,0,111,372,0,'FF',9,0,4,'Cur:','','',7,52),(1518,'e950775b39dab441e347c0ce89946d57',0,0,111,372,0,'FF',9,0,1,'Avg:','','',7,53),(1519,'95eef605153a2d5c99a1690711140eb0',0,0,111,372,0,'FF',9,0,3,'Max:','','',7,54),(1520,'27fdc023a94306b75720021a69eba423',0,0,111,372,0,'FF',9,0,2,'Min:','','on',7,55),(1521,'5017a55ae7fb1cced36916a9361941da',0,0,111,375,212,'FF',8,0,1,'Query Time Count 11','','',7,56),(1522,'cdb84bac943b2c9170eef588346d8075',0,0,111,375,0,'FF',9,0,4,'Cur:','','',7,57),(1523,'14695d26f2801042fd6462b590e539b7',0,0,111,375,0,'FF',9,0,1,'Avg:','','',7,58),(1524,'ee094474bf06bee4d907157f3864c88c',0,0,111,375,0,'FF',9,0,3,'Max:','','',7,59),(1525,'5d4f0cf98ae0d9db8f70de927148f468',0,0,111,375,0,'FF',9,0,2,'Min:','','on',7,60),(1526,'ebd2e2ef8df079f10ac6dc757bda4b3d',0,0,111,368,235,'FF',8,0,1,'Query Time Count 12','','',7,61),(1527,'219b5f095258b79b7d95bc56304e9066',0,0,111,368,0,'FF',9,0,4,'Cur:','','',7,62),(1528,'999392ab047be4eb9f6e90b353ce67cb',0,0,111,368,0,'FF',9,0,1,'Avg:','','',7,63),(1529,'c23afd50d436aef4ff79ccd164d431c7',0,0,111,368,0,'FF',9,0,3,'Max:','','',7,64),(1530,'d606c6c732905a5b973d7bb20481bb2e',0,0,111,368,0,'FF',9,0,2,'Min:','','on',7,65),(1531,'771f79379aedbb487ae905ac0413ce0b',0,0,111,369,117,'FF',8,0,1,'Query Time Count 13','','',7,66),(1532,'a3cbcaf44a5c29a027703c2855544de0',0,0,111,369,0,'FF',9,0,4,'Cur:','','',7,67),(1533,'54cbe6ba1a056431e26bb3832f23aa7d',0,0,111,369,0,'FF',9,0,1,'Avg:','','',7,68),(1534,'0438a386e5e83580f913aa8e75f64758',0,0,111,369,0,'FF',9,0,3,'Max:','','',7,69),(1535,'0acf541af361f6e37e650c28e6840371',0,0,111,369,0,'FF',9,0,2,'Min:','','on',7,70),(1536,'e1d2019589af76c53450ab4f9e171be7',0,0,112,389,49,'FF',7,0,1,'Query Time Total 00','','',7,1),(1537,'efbb16cf094e50101d1993b89bbe67ad',0,0,112,389,0,'FF',9,0,4,'Cur:','','',7,2),(1538,'f168475a43854da77b135fc5f3d2df45',0,0,112,389,0,'FF',9,0,1,'Avg:','','',7,3),(1539,'6d1aaa24140bfb2394671cc8872ac3e9',0,0,112,389,0,'FF',9,0,3,'Max:','','',7,4),(1540,'37ea49ebcace4e140e6fdfda2615a942',0,0,112,389,0,'FF',9,0,2,'Min:','','on',7,5),(1541,'e2a85644503c7fec6975039841d97599',0,0,112,385,110,'FF',8,0,1,'Query Time Total 01','','',7,6),(1542,'e27d1c3ef2fbd75712806cfa094f67b7',0,0,112,385,0,'FF',9,0,4,'Cur:','','',7,7),(1543,'4a0c8006b77be53170e372aebd2a7be7',0,0,112,385,0,'FF',9,0,1,'Avg:','','',7,8),(1544,'142d619cc8906561a22e6731906e1ca8',0,0,112,385,0,'FF',9,0,3,'Max:','','',7,9),(1545,'2e3da103f231035fc142fefacf4df953',0,0,112,385,0,'FF',9,0,2,'Min:','','on',7,10),(1546,'5facfda4f89ede6002c1f76a62dc624e',0,0,112,393,111,'FF',8,0,1,'Query Time Total 02','','',7,11),(1547,'45b150955a90d567c8ce8297569f8443',0,0,112,393,0,'FF',9,0,4,'Cur:','','',7,12),(1548,'ed1ce7dc2fc7a6179b7bfff8df26c225',0,0,112,393,0,'FF',9,0,1,'Avg:','','',7,13),(1549,'edf9beec29bd86e55a8165f36e50f642',0,0,112,393,0,'FF',9,0,3,'Max:','','',7,14),(1550,'e0a3433d0bb05bbe9b932e48dc9f56b2',0,0,112,393,0,'FF',9,0,2,'Min:','','on',7,15),(1551,'6ae93a14f632c2936c913214abc43d58',0,0,112,382,112,'FF',8,0,1,'Query Time Total 03','','',7,16),(1552,'2a0d115b7db025d1b2c32f7229e93654',0,0,112,382,0,'FF',9,0,4,'Cur:','','',7,17),(1553,'55d6915220da6a09e7c4da21a1953762',0,0,112,382,0,'FF',9,0,1,'Avg:','','',7,18),(1554,'492ff15474b7922ccc8cd024486ee562',0,0,112,382,0,'FF',9,0,3,'Max:','','',7,19),(1555,'8816294fc01f726eec82f16101b6157e',0,0,112,382,0,'FF',9,0,2,'Min:','','on',7,20),(1556,'0a48371a4691be6172fa5c409b38fe8c',0,0,112,381,113,'FF',8,0,1,'Query Time Total 04','','',7,21),(1557,'106463f932a67b2fc35f9a36ca23580a',0,0,112,381,0,'FF',9,0,4,'Cur:','','',7,22),(1558,'eb61f46a528669f247c84d44288860f4',0,0,112,381,0,'FF',9,0,1,'Avg:','','',7,23),(1559,'241e0023b6736388df0ab3d6c444993d',0,0,112,381,0,'FF',9,0,3,'Max:','','',7,24),(1560,'77ef0c17d4811858a0ec0e3db09239f4',0,0,112,381,0,'FF',9,0,2,'Min:','','on',7,25),(1561,'5657e012b35fbc79f46cc82b85e9f3c6',0,0,112,392,49,'FF',8,0,1,'Query Time Total 05','','',7,26),(1562,'4fb328de7c91f7e1301d666d661b8c18',0,0,112,392,0,'FF',9,0,4,'Cur:','','',7,27),(1563,'a8c8ebea881cc1160b84467ecfdcc3c4',0,0,112,392,0,'FF',9,0,1,'Avg:','','',7,28),(1564,'e19d0c2950098c39c1ff2e6b523fcaa7',0,0,112,392,0,'FF',9,0,3,'Max:','','',7,29),(1565,'ba336afbf63fe3523fa445e6d866b935',0,0,112,392,0,'FF',9,0,2,'Min:','','on',7,30),(1566,'725c6ba1ffc5bf2f1ec10507b6c66cfe',0,0,112,384,114,'FF',8,0,1,'Query Time Total 06','','',7,31),(1567,'1b8d7c1386c46ae29263aa1df4a99866',0,0,112,384,0,'FF',9,0,4,'Cur:','','',7,32),(1568,'2b59a07e15a73e793e235736fd7da322',0,0,112,384,0,'FF',9,0,1,'Avg:','','',7,33),(1569,'2fdbc95247f61d14bc9442f1bc1004a9',0,0,112,384,0,'FF',9,0,3,'Max:','','',7,34),(1570,'58576524edeb3b8cdc3ca0f9e79d62aa',0,0,112,384,0,'FF',9,0,2,'Min:','','on',7,35),(1571,'54ee5a3c083d259f8f5dee1ce953be7a',0,0,112,391,232,'FF',8,0,1,'Query Time Total 07','','',7,36),(1572,'ef3356ef4ca699e2ff48aaca9bc9388a',0,0,112,391,0,'FF',9,0,4,'Cur:','','',7,37),(1573,'2cecffd7a5f0f0ba3add3ee6c08fee10',0,0,112,391,0,'FF',9,0,1,'Avg:','','',7,38),(1574,'d9917cff306b99aaddee1e4fcb62617d',0,0,112,391,0,'FF',9,0,3,'Max:','','',7,39),(1575,'0141da3c850d13e871633b521ab65a58',0,0,112,391,0,'FF',9,0,2,'Min:','','on',7,40),(1576,'1cce50ca8301bf88ba2193b4503bff85',0,0,112,383,233,'FF',8,0,1,'Query Time Total 08','','',7,41),(1577,'41e529cd908214ba17227fa7712df770',0,0,112,383,0,'FF',9,0,4,'Cur:','','',7,42),(1578,'ec93a5acc82cfe73ea9658e0990dc9c0',0,0,112,383,0,'FF',9,0,1,'Avg:','','',7,43),(1579,'35a8f35b2596163d53742519066b82a7',0,0,112,383,0,'FF',9,0,3,'Max:','','',7,44),(1580,'8eba750335a568105ffcc7ef6854079f',0,0,112,383,0,'FF',9,0,2,'Min:','','on',7,45),(1581,'f54959e7f1cf6545f0d99ab283543f3b',0,0,112,387,234,'FF',8,0,1,'Query Time Total 09','','',7,46),(1582,'73f11005aebe709369dcea268ef59694',0,0,112,387,0,'FF',9,0,4,'Cur:','','',7,47),(1583,'adc2e983d40d41140206bdd83fc51602',0,0,112,387,0,'FF',9,0,1,'Avg:','','',7,48),(1584,'ee8d27530927d2488fcffe9c8de37e43',0,0,112,387,0,'FF',9,0,3,'Max:','','',7,49),(1585,'641cc473c0ca42be68870a5e6c20faad',0,0,112,387,0,'FF',9,0,2,'Min:','','on',7,50),(1586,'6a901fe7956543adbcf7b24e1975a15b',0,0,112,394,115,'FF',8,0,1,'Query Time Total 10','','',7,51),(1587,'b5aeceb2edb13f110fc25cfd564f48df',0,0,112,394,0,'FF',9,0,4,'Cur:','','',7,52),(1588,'aedd2c00ccf7b5bb6811062d33854976',0,0,112,394,0,'FF',9,0,1,'Avg:','','',7,53),(1589,'2fc712167821cc286587e69cb2c1313f',0,0,112,394,0,'FF',9,0,3,'Max:','','',7,54),(1590,'5a532ab7b308a5bcfa32d65e7c6c8116',0,0,112,394,0,'FF',9,0,2,'Min:','','on',7,55),(1591,'aea9e8368be028e1c5b2573ce281cc1a',0,0,112,388,212,'FF',8,0,1,'Query Time Total 11','','',7,56),(1592,'e612717b8dcd55412d7c9031382e0a6b',0,0,112,388,0,'FF',9,0,4,'Cur:','','',7,57),(1593,'bf6f16bf2d45e1c35552b1671fa7b95a',0,0,112,388,0,'FF',9,0,1,'Avg:','','',7,58),(1594,'b7708c92e6d2b262eff9983c96a766e2',0,0,112,388,0,'FF',9,0,3,'Max:','','',7,59),(1595,'93f737d5a504cac6f2a585107b250011',0,0,112,388,0,'FF',9,0,2,'Min:','','on',7,60),(1596,'56e5c4fd0019766685021e1cff8986b3',0,0,112,386,235,'FF',8,0,1,'Query Time Total 12','','',7,61),(1597,'1c0b9d90aa235d05151f95c6304cfbe9',0,0,112,386,0,'FF',9,0,4,'Cur:','','',7,62),(1598,'6e4edb3a607c6cec1883627ee7bee077',0,0,112,386,0,'FF',9,0,1,'Avg:','','',7,63),(1599,'82a3879bb2836967a354cf175452eed3',0,0,112,386,0,'FF',9,0,3,'Max:','','',7,64),(1600,'396b869defb45151523ef7786572c0b8',0,0,112,386,0,'FF',9,0,2,'Min:','','on',7,65),(1601,'ec8dfa4676e12924b5d8828965c618e6',0,0,112,390,117,'FF',8,0,1,'Query Time Total 13','','',7,66),(1602,'8b9cb15559436564f7f3dc6c738cf06f',0,0,112,390,0,'FF',9,0,4,'Cur:','','',7,67),(1603,'0b700548bc01e90ea4f89a00188269ee',0,0,112,390,0,'FF',9,0,1,'Avg:','','',7,68),(1604,'e025ce79a232edd22ef5945dfe99e6ce',0,0,112,390,0,'FF',9,0,3,'Max:','','',7,69),(1605,'763f563b10716bbe86f824c73395420d',0,0,112,390,0,'FF',9,0,2,'Min:','','on',7,70),(1606,'eab4958981ab6316d4e71369340a3b82',0,0,113,395,96,'FF',4,0,1,'Pool Read Requests','','',7,1),(1607,'b2a3deb5aebe1626f6d0ae80a6df8d94',0,0,113,395,0,'FF',9,0,4,'Cur:','','',7,2),(1608,'fd53819289f90c5604c225e73072c6ac',0,0,113,395,0,'FF',9,0,1,'Avg:','','',7,3),(1609,'cbd52390554edff0b5c80ff9ebf7cbb1',0,0,113,395,0,'FF',9,0,3,'Max:','','on',7,4),(1610,'325a658eb3078e8df227f74169758625',0,0,113,396,196,'FF',4,0,1,'Pool Reads','','',7,5),(1611,'bd2f1b82625bb5ceca91ea1638e37191',0,0,113,396,0,'FF',9,0,4,'Cur:','','',7,6),(1612,'14a612f04dbee94b108c295e80032ee9',0,0,113,396,0,'FF',9,0,1,'Avg:','','',7,7),(1613,'85bea1a4c2b53fd3d877eed8d6b6ed03',0,0,113,396,0,'FF',9,0,3,'Max:','','on',7,8),(1614,'8f1a408d208c6eb010c366f866c8249f',0,0,114,397,105,'FF',7,0,1,'Server Requests','','',7,1),(1615,'0752bc700706aff79d3318f4500bd6ce',0,0,114,397,0,'FF',9,0,4,'Cur:','','',7,2),(1616,'7e56ae1f6a3e052d4958e724d72282f8',0,0,114,397,0,'FF',9,0,1,'Avg:','','',7,3),(1617,'7825e173dd0dfbc2ecb1646250c07de6',0,0,114,397,0,'FF',9,0,3,'Max:','','on',7,4),(1618,'ca4b91ff62f252670bae30270f442501',0,0,115,399,106,'FF',4,0,1,'Server Accepts','','',7,1),(1619,'b302b21fff645b08054aac3bf279344f',0,0,115,399,0,'FF',9,0,4,'Cur:','','',7,2),(1620,'f13cee7f8aaf6f9d57997b842eecc2e8',0,0,115,399,0,'FF',9,0,1,'Avg:','','',7,3),(1621,'60b2f40a0578cfa580c701b6e85f7ae2',0,0,115,399,0,'FF',9,0,3,'Max:','','on',7,4),(1622,'c0e7d14fd1ce1471648bd539f645976e',0,0,115,398,107,'FF',4,0,1,'Server Handled','','',7,5),(1623,'1014f34b7cf221e971b868d4df043748',0,0,115,398,0,'FF',9,0,4,'Cur:','','',7,6),(1624,'a493b2e5588648e4413ac6a76de26348',0,0,115,398,0,'FF',9,0,1,'Avg:','','',7,7),(1625,'33beaeb3c26f6093bcffa03cfbb21ef1',0,0,115,398,0,'FF',9,0,3,'Max:','','on',7,8),(1626,'32a523b00ce83f764b4aade10c8d2f94',0,0,116,402,111,'FF',7,0,1,'Reading','','',7,1),(1627,'011d2b6f5796a48e26099bd89f7cf38a',0,0,116,402,0,'FF',9,0,4,'Cur:','','',7,2),(1628,'f170e75edda4d227571720584a5d3ab9',0,0,116,402,0,'FF',9,0,1,'Avg:','','',7,3),(1629,'da114762a0db71075e732b8eb86dc7e4',0,0,116,402,0,'FF',9,0,3,'Max:','','on',7,4),(1630,'0eb7146137e715b542eb4fb6d844a983',0,0,116,401,130,'FF',8,0,1,'Writing','','',7,5),(1631,'2c9263204877861f9103a2be226fab5a',0,0,116,401,0,'FF',9,0,4,'Cur:','','',7,6),(1632,'a629b3ec8570915d3a2429e0d0e1af79',0,0,116,401,0,'FF',9,0,1,'Avg:','','',7,7),(1633,'f0e5211ed4317e663304c36e3516af8a',0,0,116,401,0,'FF',9,0,3,'Max:','','on',7,8),(1634,'daee0e7a3d4c8433d577783aba28e1ca',0,0,116,400,112,'FF',8,0,1,'Waiting','','',7,9),(1635,'5e116ad9e52624731df31a96882f3578',0,0,116,400,0,'FF',9,0,4,'Cur:','','',7,10),(1636,'0c7374008cd24f835a7d5a686136ac0d',0,0,116,400,0,'FF',9,0,1,'Avg:','','',7,11),(1637,'fe1fd71d28096adac28c0b91c5b0a224',0,0,116,400,0,'FF',9,0,3,'Max:','','on',7,12),(1638,'664b06edecb5fc929a12e399422372b6',0,0,116,403,1,'FF',4,0,1,'Active Connections','','',7,13),(1639,'6d97ceb690c8014850786cb89162435e',0,0,116,403,0,'FF',9,0,4,'Cur:','','',7,14),(1640,'5cb8466200eefceab5bd51673bfd0127',0,0,116,403,0,'FF',9,0,1,'Avg:','','',7,15),(1641,'f6cd85c87f663417c3bca18d259c064a',0,0,116,403,0,'FF',9,0,3,'Max:','','on',7,16);
/*!40000 ALTER TABLE `graph_templates_item` ENABLE KEYS */;
UNLOCK TABLES;

--
-- Table structure for table `graph_tree`
--

DROP TABLE IF EXISTS `graph_tree`;
/*!40101 SET @saved_cs_client     = @@character_set_client */;
/*!40101 SET character_set_client = utf8 */;
CREATE TABLE `graph_tree` (
  `id` smallint(5) unsigned NOT NULL AUTO_INCREMENT,
  `sort_type` tinyint(3) unsigned NOT NULL DEFAULT '1',
  `name` varchar(255) NOT NULL DEFAULT '',
  PRIMARY KEY (`id`)
) ENGINE=MyISAM AUTO_INCREMENT=2 DEFAULT CHARSET=latin1;
/*!40101 SET character_set_client = @saved_cs_client */;

--
-- Dumping data for table `graph_tree`
--

LOCK TABLES `graph_tree` WRITE;
/*!40000 ALTER TABLE `graph_tree` DISABLE KEYS */;
INSERT INTO `graph_tree` VALUES (1,1,'Default Tree');
/*!40000 ALTER TABLE `graph_tree` ENABLE KEYS */;
UNLOCK TABLES;

--
-- Table structure for table `graph_tree_items`
--

DROP TABLE IF EXISTS `graph_tree_items`;
/*!40101 SET @saved_cs_client     = @@character_set_client */;
/*!40101 SET character_set_client = utf8 */;
CREATE TABLE `graph_tree_items` (
  `id` mediumint(8) unsigned NOT NULL AUTO_INCREMENT,
  `graph_tree_id` smallint(5) unsigned NOT NULL DEFAULT '0',
  `local_graph_id` mediumint(8) unsigned NOT NULL DEFAULT '0',
  `rra_id` smallint(8) unsigned NOT NULL DEFAULT '0',
  `title` varchar(255) DEFAULT NULL,
  `host_id` mediumint(8) unsigned NOT NULL DEFAULT '0',
  `order_key` varchar(100) NOT NULL DEFAULT '0',
  `host_grouping_type` tinyint(3) unsigned NOT NULL DEFAULT '1',
  `sort_children_type` tinyint(3) unsigned NOT NULL DEFAULT '1',
  PRIMARY KEY (`id`),
  KEY `graph_tree_id` (`graph_tree_id`),
  KEY `host_id` (`host_id`),
  KEY `local_graph_id` (`local_graph_id`),
  KEY `order_key` (`order_key`)
) ENGINE=MyISAM AUTO_INCREMENT=9 DEFAULT CHARSET=latin1;
/*!40101 SET character_set_client = @saved_cs_client */;

--
-- Dumping data for table `graph_tree_items`
--

LOCK TABLES `graph_tree_items` WRITE;
/*!40000 ALTER TABLE `graph_tree_items` DISABLE KEYS */;
/*!40000 ALTER TABLE `graph_tree_items` ENABLE KEYS */;
UNLOCK TABLES;

--
-- Table structure for table `host`
--

DROP TABLE IF EXISTS `host`;
/*!40101 SET @saved_cs_client     = @@character_set_client */;
/*!40101 SET character_set_client = utf8 */;
CREATE TABLE `host` (
  `id` mediumint(8) unsigned NOT NULL AUTO_INCREMENT,
  `host_template_id` mediumint(8) unsigned NOT NULL DEFAULT '0',
  `description` varchar(150) NOT NULL DEFAULT '',
  `hostname` varchar(250) DEFAULT NULL,
  `notes` text,
  `snmp_community` varchar(100) DEFAULT NULL,
  `snmp_version` tinyint(1) unsigned NOT NULL DEFAULT '1',
  `snmp_username` varchar(50) DEFAULT NULL,
  `snmp_password` varchar(50) DEFAULT NULL,
  `snmp_auth_protocol` char(5) DEFAULT '',
  `snmp_priv_passphrase` varchar(200) DEFAULT '',
  `snmp_priv_protocol` char(6) DEFAULT '',
  `snmp_context` varchar(64) DEFAULT '',
  `snmp_port` mediumint(5) unsigned NOT NULL DEFAULT '161',
  `snmp_timeout` mediumint(8) unsigned NOT NULL DEFAULT '500',
  `availability_method` smallint(5) unsigned NOT NULL DEFAULT '1',
  `ping_method` smallint(5) unsigned DEFAULT '0',
  `ping_port` int(12) unsigned DEFAULT '0',
  `ping_timeout` int(12) unsigned DEFAULT '500',
  `ping_retries` int(12) unsigned DEFAULT '2',
  `max_oids` int(12) unsigned DEFAULT '10',
  `device_threads` tinyint(2) unsigned NOT NULL DEFAULT '1',
  `disabled` char(2) DEFAULT NULL,
  `status` tinyint(2) NOT NULL DEFAULT '0',
  `status_event_count` mediumint(8) unsigned NOT NULL DEFAULT '0',
  `status_fail_date` datetime NOT NULL DEFAULT '0000-00-00 00:00:00',
  `status_rec_date` datetime NOT NULL DEFAULT '0000-00-00 00:00:00',
  `status_last_error` varchar(255) DEFAULT '',
  `min_time` decimal(10,5) DEFAULT '9.99999',
  `max_time` decimal(10,5) DEFAULT '0.00000',
  `cur_time` decimal(10,5) DEFAULT '0.00000',
  `avg_time` decimal(10,5) DEFAULT '0.00000',
  `total_polls` int(12) unsigned DEFAULT '0',
  `failed_polls` int(12) unsigned DEFAULT '0',
  `availability` decimal(8,5) NOT NULL DEFAULT '100.00000',
  PRIMARY KEY (`id`),
  KEY `disabled` (`disabled`)
) ENGINE=MyISAM AUTO_INCREMENT=3 DEFAULT CHARSET=latin1;
/*!40101 SET character_set_client = @saved_cs_client */;

--
-- Dumping data for table `host`
--

LOCK TABLES `host` WRITE;
/*!40000 ALTER TABLE `host` DISABLE KEYS */;
/*!40000 ALTER TABLE `host` ENABLE KEYS */;
UNLOCK TABLES;

--
-- Table structure for table `host_graph`
--

DROP TABLE IF EXISTS `host_graph`;
/*!40101 SET @saved_cs_client     = @@character_set_client */;
/*!40101 SET character_set_client = utf8 */;
CREATE TABLE `host_graph` (
  `host_id` mediumint(8) unsigned NOT NULL DEFAULT '0',
  `graph_template_id` mediumint(8) unsigned NOT NULL DEFAULT '0',
  PRIMARY KEY (`host_id`,`graph_template_id`)
) ENGINE=MyISAM DEFAULT CHARSET=latin1;
/*!40101 SET character_set_client = @saved_cs_client */;

--
-- Dumping data for table `host_graph`
--

LOCK TABLES `host_graph` WRITE;
/*!40000 ALTER TABLE `host_graph` DISABLE KEYS */;
/*!40000 ALTER TABLE `host_graph` ENABLE KEYS */;
UNLOCK TABLES;

--
-- Table structure for table `host_snmp_cache`
--

DROP TABLE IF EXISTS `host_snmp_cache`;
/*!40101 SET @saved_cs_client     = @@character_set_client */;
/*!40101 SET character_set_client = utf8 */;
CREATE TABLE `host_snmp_cache` (
  `host_id` mediumint(8) unsigned NOT NULL DEFAULT '0',
  `snmp_query_id` mediumint(8) unsigned NOT NULL DEFAULT '0',
  `field_name` varchar(50) NOT NULL DEFAULT '',
  `field_value` varchar(255) DEFAULT NULL,
  `snmp_index` varchar(255) NOT NULL DEFAULT '',
  `oid` text NOT NULL,
  `present` tinyint(4) NOT NULL DEFAULT '1',
  PRIMARY KEY (`host_id`,`snmp_query_id`,`field_name`,`snmp_index`),
  KEY `host_id` (`host_id`,`field_name`),
  KEY `snmp_index` (`snmp_index`),
  KEY `field_name` (`field_name`),
  KEY `field_value` (`field_value`),
  KEY `snmp_query_id` (`snmp_query_id`),
  KEY `present` (`present`)
) ENGINE=MyISAM DEFAULT CHARSET=latin1;
/*!40101 SET character_set_client = @saved_cs_client */;

--
-- Dumping data for table `host_snmp_cache`
--

LOCK TABLES `host_snmp_cache` WRITE;
/*!40000 ALTER TABLE `host_snmp_cache` DISABLE KEYS */;
/*!40000 ALTER TABLE `host_snmp_cache` ENABLE KEYS */;
UNLOCK TABLES;

--
-- Table structure for table `host_snmp_query`
--

DROP TABLE IF EXISTS `host_snmp_query`;
/*!40101 SET @saved_cs_client     = @@character_set_client */;
/*!40101 SET character_set_client = utf8 */;
CREATE TABLE `host_snmp_query` (
  `host_id` mediumint(8) unsigned NOT NULL DEFAULT '0',
  `snmp_query_id` mediumint(8) unsigned NOT NULL DEFAULT '0',
  `sort_field` varchar(50) NOT NULL DEFAULT '',
  `title_format` varchar(50) NOT NULL DEFAULT '',
  `reindex_method` tinyint(3) unsigned NOT NULL DEFAULT '0',
  PRIMARY KEY (`host_id`,`snmp_query_id`),
  KEY `host_id` (`host_id`)
) ENGINE=MyISAM DEFAULT CHARSET=latin1;
/*!40101 SET character_set_client = @saved_cs_client */;

--
-- Dumping data for table `host_snmp_query`
--

LOCK TABLES `host_snmp_query` WRITE;
/*!40000 ALTER TABLE `host_snmp_query` DISABLE KEYS */;
/*!40000 ALTER TABLE `host_snmp_query` ENABLE KEYS */;
UNLOCK TABLES;

--
-- Table structure for table `host_template`
--

DROP TABLE IF EXISTS `host_template`;
/*!40101 SET @saved_cs_client     = @@character_set_client */;
/*!40101 SET character_set_client = utf8 */;
CREATE TABLE `host_template` (
  `id` mediumint(8) unsigned NOT NULL AUTO_INCREMENT,
  `hash` varchar(32) NOT NULL DEFAULT '',
  `name` varchar(100) NOT NULL DEFAULT '',
  PRIMARY KEY (`id`)
) ENGINE=MyISAM AUTO_INCREMENT=15 DEFAULT CHARSET=latin1;
/*!40101 SET character_set_client = @saved_cs_client */;

--
-- Dumping data for table `host_template`
--

LOCK TABLES `host_template` WRITE;
/*!40000 ALTER TABLE `host_template` DISABLE KEYS */;
INSERT INTO `host_template` VALUES (1,'4855b0e3e553085ed57219690285f91f','Generic SNMP-enabled Host'),(3,'07d3fe6a52915f99e642d22e27d967a4','ucd/net SNMP Host'),(10,'7f3cc974b740a9d134ca9e53c854e016','Percona GNU/Linux Server HT'),(7,'5b8300be607dce4f030b026a381b91cd','Windows 2000/XP Host'),(9,'73892c19311e1fcf88bc41b0daed18c7','Percona Apache Server HT'),(11,'7f7efd1ec6e7a010d305e52a55eaaf3c','Percona Memcached Server HT'),(12,'964285787036ca169bbc3e8d6b4bd9ca','Percona MongoDB Server HT'),(13,'5144c02c3ca3bb2bfef6030202387bfb','Percona MySQL Server HT'),(14,'e7de4d351f346629172af6742e82d228','Percona Nginx Server HT');
/*!40000 ALTER TABLE `host_template` ENABLE KEYS */;
UNLOCK TABLES;

--
-- Table structure for table `host_template_graph`
--

DROP TABLE IF EXISTS `host_template_graph`;
/*!40101 SET @saved_cs_client     = @@character_set_client */;
/*!40101 SET character_set_client = utf8 */;
CREATE TABLE `host_template_graph` (
  `host_template_id` mediumint(8) unsigned NOT NULL DEFAULT '0',
  `graph_template_id` mediumint(8) unsigned NOT NULL DEFAULT '0',
  PRIMARY KEY (`host_template_id`,`graph_template_id`),
  KEY `host_template_id` (`host_template_id`)
) ENGINE=MyISAM DEFAULT CHARSET=latin1;
/*!40101 SET character_set_client = @saved_cs_client */;

--
-- Dumping data for table `host_template_graph`
--

LOCK TABLES `host_template_graph` WRITE;
/*!40000 ALTER TABLE `host_template_graph` DISABLE KEYS */;
INSERT INTO `host_template_graph` VALUES (7,28),(7,29),(9,35),(9,36),(9,37),(9,38),(9,39),(10,40),(10,41),(10,42),(10,43),(10,44),(10,45),(10,46),(10,47),(10,48),(10,49),(10,50),(10,51),(10,52),(10,53),(10,54),(10,55),(10,56),(10,57),(11,58),(11,59),(11,60),(11,61),(11,62),(11,63),(11,64),(12,65),(12,66),(12,67),(12,68),(12,69),(12,70),(13,71),(13,72),(13,73),(13,74),(13,75),(13,76),(13,77),(13,78),(13,79),(13,80),(13,81),(13,82),(13,83),(13,84),(13,85),(13,86),(13,87),(13,88),(13,89),(13,90),(13,91),(13,92),(13,93),(13,94),(13,95),(13,96),(13,97),(13,98),(13,99),(13,100),(13,101),(13,102),(13,103),(13,104),(13,105),(13,106),(13,107),(13,108),(13,109),(13,110),(13,111),(13,112),(13,113),(14,114),(14,115),(14,116);
/*!40000 ALTER TABLE `host_template_graph` ENABLE KEYS */;
UNLOCK TABLES;

--
-- Table structure for table `host_template_snmp_query`
--

DROP TABLE IF EXISTS `host_template_snmp_query`;
/*!40101 SET @saved_cs_client     = @@character_set_client */;
/*!40101 SET character_set_client = utf8 */;
CREATE TABLE `host_template_snmp_query` (
  `host_template_id` mediumint(8) unsigned NOT NULL DEFAULT '0',
  `snmp_query_id` mediumint(8) unsigned NOT NULL DEFAULT '0',
  PRIMARY KEY (`host_template_id`,`snmp_query_id`),
  KEY `host_template_id` (`host_template_id`)
) ENGINE=MyISAM DEFAULT CHARSET=latin1;
/*!40101 SET character_set_client = @saved_cs_client */;

--
-- Dumping data for table `host_template_snmp_query`
--

LOCK TABLES `host_template_snmp_query` WRITE;
/*!40000 ALTER TABLE `host_template_snmp_query` DISABLE KEYS */;
INSERT INTO `host_template_snmp_query` VALUES (1,1),(3,1),(3,2),(7,1),(7,8),(7,9);
/*!40000 ALTER TABLE `host_template_snmp_query` ENABLE KEYS */;
UNLOCK TABLES;

--
-- Table structure for table `plugin_config`
--

DROP TABLE IF EXISTS `plugin_config`;
/*!40101 SET @saved_cs_client     = @@character_set_client */;
/*!40101 SET character_set_client = utf8 */;
CREATE TABLE `plugin_config` (
  `id` int(8) NOT NULL AUTO_INCREMENT,
  `directory` varchar(32) NOT NULL DEFAULT '',
  `name` varchar(64) NOT NULL DEFAULT '',
  `status` tinyint(2) NOT NULL DEFAULT '0',
  `author` varchar(64) NOT NULL DEFAULT '',
  `webpage` varchar(255) NOT NULL DEFAULT '',
  `version` varchar(8) NOT NULL DEFAULT '',
  PRIMARY KEY (`id`),
  KEY `status` (`status`),
  KEY `directory` (`directory`)
) ENGINE=MyISAM DEFAULT CHARSET=latin1;
/*!40101 SET character_set_client = @saved_cs_client */;

--
-- Dumping data for table `plugin_config`
--

LOCK TABLES `plugin_config` WRITE;
/*!40000 ALTER TABLE `plugin_config` DISABLE KEYS */;
/*!40000 ALTER TABLE `plugin_config` ENABLE KEYS */;
UNLOCK TABLES;

--
-- Table structure for table `plugin_db_changes`
--

DROP TABLE IF EXISTS `plugin_db_changes`;
/*!40101 SET @saved_cs_client     = @@character_set_client */;
/*!40101 SET character_set_client = utf8 */;
CREATE TABLE `plugin_db_changes` (
  `id` int(10) NOT NULL AUTO_INCREMENT,
  `plugin` varchar(16) NOT NULL DEFAULT '',
  `table` varchar(64) NOT NULL DEFAULT '',
  `column` varchar(64) NOT NULL,
  `method` varchar(16) NOT NULL DEFAULT '',
  PRIMARY KEY (`id`),
  KEY `plugin` (`plugin`),
  KEY `method` (`method`)
) ENGINE=MyISAM DEFAULT CHARSET=latin1;
/*!40101 SET character_set_client = @saved_cs_client */;

--
-- Dumping data for table `plugin_db_changes`
--

LOCK TABLES `plugin_db_changes` WRITE;
/*!40000 ALTER TABLE `plugin_db_changes` DISABLE KEYS */;
/*!40000 ALTER TABLE `plugin_db_changes` ENABLE KEYS */;
UNLOCK TABLES;

--
-- Table structure for table `plugin_hooks`
--

DROP TABLE IF EXISTS `plugin_hooks`;
/*!40101 SET @saved_cs_client     = @@character_set_client */;
/*!40101 SET character_set_client = utf8 */;
CREATE TABLE `plugin_hooks` (
  `id` int(8) NOT NULL AUTO_INCREMENT,
  `name` varchar(32) NOT NULL DEFAULT '',
  `hook` varchar(64) NOT NULL DEFAULT '',
  `file` varchar(255) NOT NULL DEFAULT '',
  `function` varchar(128) NOT NULL DEFAULT '',
  `status` int(8) NOT NULL DEFAULT '0',
  PRIMARY KEY (`id`),
  KEY `hook` (`hook`),
  KEY `status` (`status`)
) ENGINE=MyISAM AUTO_INCREMENT=3 DEFAULT CHARSET=latin1;
/*!40101 SET character_set_client = @saved_cs_client */;

--
-- Dumping data for table `plugin_hooks`
--

LOCK TABLES `plugin_hooks` WRITE;
/*!40000 ALTER TABLE `plugin_hooks` DISABLE KEYS */;
INSERT INTO `plugin_hooks` VALUES (1,'internal','config_arrays','','plugin_config_arrays',1),(2,'internal','draw_navigation_text','','plugin_draw_navigation_text',1);
/*!40000 ALTER TABLE `plugin_hooks` ENABLE KEYS */;
UNLOCK TABLES;

--
-- Table structure for table `plugin_realms`
--

DROP TABLE IF EXISTS `plugin_realms`;
/*!40101 SET @saved_cs_client     = @@character_set_client */;
/*!40101 SET character_set_client = utf8 */;
CREATE TABLE `plugin_realms` (
  `id` int(8) NOT NULL AUTO_INCREMENT,
  `plugin` varchar(32) NOT NULL DEFAULT '',
  `file` text NOT NULL,
  `display` varchar(64) NOT NULL DEFAULT '',
  PRIMARY KEY (`id`),
  KEY `plugin` (`plugin`)
) ENGINE=MyISAM AUTO_INCREMENT=2 DEFAULT CHARSET=latin1;
/*!40101 SET character_set_client = @saved_cs_client */;

--
-- Dumping data for table `plugin_realms`
--

LOCK TABLES `plugin_realms` WRITE;
/*!40000 ALTER TABLE `plugin_realms` DISABLE KEYS */;
INSERT INTO `plugin_realms` VALUES (1,'internal','plugins.php','Plugin Management');
/*!40000 ALTER TABLE `plugin_realms` ENABLE KEYS */;
UNLOCK TABLES;

--
-- Table structure for table `poller`
--

DROP TABLE IF EXISTS `poller`;
/*!40101 SET @saved_cs_client     = @@character_set_client */;
/*!40101 SET character_set_client = utf8 */;
CREATE TABLE `poller` (
  `id` smallint(5) unsigned NOT NULL AUTO_INCREMENT,
  `hostname` varchar(250) NOT NULL DEFAULT '',
  `ip_address` int(11) unsigned NOT NULL DEFAULT '0',
  `last_update` datetime NOT NULL DEFAULT '0000-00-00 00:00:00',
  PRIMARY KEY (`id`)
) ENGINE=MyISAM DEFAULT CHARSET=latin1;
/*!40101 SET character_set_client = @saved_cs_client */;

--
-- Dumping data for table `poller`
--

LOCK TABLES `poller` WRITE;
/*!40000 ALTER TABLE `poller` DISABLE KEYS */;
/*!40000 ALTER TABLE `poller` ENABLE KEYS */;
UNLOCK TABLES;

--
-- Table structure for table `poller_command`
--

DROP TABLE IF EXISTS `poller_command`;
/*!40101 SET @saved_cs_client     = @@character_set_client */;
/*!40101 SET character_set_client = utf8 */;
CREATE TABLE `poller_command` (
  `poller_id` smallint(5) unsigned NOT NULL DEFAULT '0',
  `time` datetime NOT NULL DEFAULT '0000-00-00 00:00:00',
  `action` tinyint(3) unsigned NOT NULL DEFAULT '0',
  `command` varchar(200) NOT NULL DEFAULT '',
  PRIMARY KEY (`poller_id`,`action`,`command`)
) ENGINE=MyISAM DEFAULT CHARSET=latin1;
/*!40101 SET character_set_client = @saved_cs_client */;

--
-- Dumping data for table `poller_command`
--

LOCK TABLES `poller_command` WRITE;
/*!40000 ALTER TABLE `poller_command` DISABLE KEYS */;
/*!40000 ALTER TABLE `poller_command` ENABLE KEYS */;
UNLOCK TABLES;

--
-- Table structure for table `poller_item`
--

DROP TABLE IF EXISTS `poller_item`;
/*!40101 SET @saved_cs_client     = @@character_set_client */;
/*!40101 SET character_set_client = utf8 */;
CREATE TABLE `poller_item` (
  `local_data_id` mediumint(8) unsigned NOT NULL DEFAULT '0',
  `poller_id` smallint(5) unsigned NOT NULL DEFAULT '0',
  `host_id` mediumint(8) unsigned NOT NULL DEFAULT '0',
  `action` tinyint(2) unsigned NOT NULL DEFAULT '1',
  `present` tinyint(4) NOT NULL DEFAULT '1',
  `hostname` varchar(250) NOT NULL DEFAULT '',
  `snmp_community` varchar(100) NOT NULL DEFAULT '',
  `snmp_version` tinyint(1) unsigned NOT NULL DEFAULT '0',
  `snmp_username` varchar(50) NOT NULL DEFAULT '',
  `snmp_password` varchar(50) NOT NULL DEFAULT '',
  `snmp_auth_protocol` varchar(5) NOT NULL DEFAULT '',
  `snmp_priv_passphrase` varchar(200) NOT NULL DEFAULT '',
  `snmp_priv_protocol` varchar(6) NOT NULL DEFAULT '',
  `snmp_context` varchar(64) DEFAULT '',
  `snmp_port` mediumint(5) unsigned NOT NULL DEFAULT '161',
  `snmp_timeout` mediumint(8) unsigned NOT NULL DEFAULT '0',
  `rrd_name` varchar(19) NOT NULL DEFAULT '',
  `rrd_path` varchar(255) NOT NULL DEFAULT '',
  `rrd_num` tinyint(2) unsigned NOT NULL DEFAULT '0',
  `rrd_step` mediumint(8) NOT NULL DEFAULT '300',
  `rrd_next_step` mediumint(8) NOT NULL DEFAULT '0',
  `arg1` text,
  `arg2` varchar(255) DEFAULT NULL,
  `arg3` varchar(255) DEFAULT NULL,
  PRIMARY KEY (`local_data_id`,`rrd_name`),
  KEY `local_data_id` (`local_data_id`),
  KEY `host_id` (`host_id`),
  KEY `rrd_next_step` (`rrd_next_step`),
  KEY `action` (`action`),
  KEY `present` (`present`)
) ENGINE=MyISAM DEFAULT CHARSET=latin1;
/*!40101 SET character_set_client = @saved_cs_client */;

--
-- Dumping data for table `poller_item`
--

LOCK TABLES `poller_item` WRITE;
/*!40000 ALTER TABLE `poller_item` DISABLE KEYS */;
/*!40000 ALTER TABLE `poller_item` ENABLE KEYS */;
UNLOCK TABLES;

--
-- Table structure for table `poller_output`
--

DROP TABLE IF EXISTS `poller_output`;
/*!40101 SET @saved_cs_client     = @@character_set_client */;
/*!40101 SET character_set_client = utf8 */;
CREATE TABLE `poller_output` (
  `local_data_id` mediumint(8) unsigned NOT NULL DEFAULT '0',
  `rrd_name` varchar(19) NOT NULL DEFAULT '',
  `time` datetime NOT NULL DEFAULT '0000-00-00 00:00:00',
  `output` text NOT NULL,
  PRIMARY KEY (`local_data_id`,`rrd_name`,`time`) USING BTREE
) ENGINE=MyISAM DEFAULT CHARSET=latin1;
/*!40101 SET character_set_client = @saved_cs_client */;

--
-- Dumping data for table `poller_output`
--

LOCK TABLES `poller_output` WRITE;
/*!40000 ALTER TABLE `poller_output` DISABLE KEYS */;
/*!40000 ALTER TABLE `poller_output` ENABLE KEYS */;
UNLOCK TABLES;

--
-- Table structure for table `poller_reindex`
--

DROP TABLE IF EXISTS `poller_reindex`;
/*!40101 SET @saved_cs_client     = @@character_set_client */;
/*!40101 SET character_set_client = utf8 */;
CREATE TABLE `poller_reindex` (
  `host_id` mediumint(8) unsigned NOT NULL DEFAULT '0',
  `data_query_id` mediumint(8) unsigned NOT NULL DEFAULT '0',
  `action` tinyint(3) unsigned NOT NULL DEFAULT '0',
  `present` tinyint(4) NOT NULL DEFAULT '1',
  `op` char(1) NOT NULL DEFAULT '',
  `assert_value` varchar(100) NOT NULL DEFAULT '',
  `arg1` varchar(255) NOT NULL DEFAULT '',
  PRIMARY KEY (`host_id`,`data_query_id`,`arg1`),
  KEY `present` (`present`)
) ENGINE=MyISAM DEFAULT CHARSET=latin1;
/*!40101 SET character_set_client = @saved_cs_client */;

--
-- Dumping data for table `poller_reindex`
--

LOCK TABLES `poller_reindex` WRITE;
/*!40000 ALTER TABLE `poller_reindex` DISABLE KEYS */;
/*!40000 ALTER TABLE `poller_reindex` ENABLE KEYS */;
UNLOCK TABLES;

--
-- Table structure for table `poller_time`
--

DROP TABLE IF EXISTS `poller_time`;
/*!40101 SET @saved_cs_client     = @@character_set_client */;
/*!40101 SET character_set_client = utf8 */;
CREATE TABLE `poller_time` (
  `id` mediumint(8) unsigned NOT NULL AUTO_INCREMENT,
  `pid` int(11) unsigned NOT NULL DEFAULT '0',
  `poller_id` smallint(5) unsigned NOT NULL DEFAULT '0',
  `start_time` datetime NOT NULL DEFAULT '0000-00-00 00:00:00',
  `end_time` datetime NOT NULL DEFAULT '0000-00-00 00:00:00',
  PRIMARY KEY (`id`)
) ENGINE=MyISAM AUTO_INCREMENT=2 DEFAULT CHARSET=latin1;
/*!40101 SET character_set_client = @saved_cs_client */;

--
-- Dumping data for table `poller_time`
--

LOCK TABLES `poller_time` WRITE;
/*!40000 ALTER TABLE `poller_time` DISABLE KEYS */;
INSERT INTO `poller_time` VALUES (1,564,0,'2016-12-09 17:18:01','2016-12-09 17:18:01');
/*!40000 ALTER TABLE `poller_time` ENABLE KEYS */;
UNLOCK TABLES;

--
-- Table structure for table `rra`
--

DROP TABLE IF EXISTS `rra`;
/*!40101 SET @saved_cs_client     = @@character_set_client */;
/*!40101 SET character_set_client = utf8 */;
CREATE TABLE `rra` (
  `id` mediumint(8) unsigned NOT NULL AUTO_INCREMENT,
  `hash` varchar(32) NOT NULL DEFAULT '',
  `name` varchar(100) NOT NULL DEFAULT '',
  `x_files_factor` double NOT NULL DEFAULT '0.1',
  `steps` mediumint(8) DEFAULT '1',
  `rows` int(12) NOT NULL DEFAULT '600',
  `timespan` int(12) unsigned NOT NULL DEFAULT '0',
  PRIMARY KEY (`id`)
) ENGINE=MyISAM AUTO_INCREMENT=6 DEFAULT CHARSET=latin1;
/*!40101 SET character_set_client = @saved_cs_client */;

--
-- Dumping data for table `rra`
--

LOCK TABLES `rra` WRITE;
/*!40000 ALTER TABLE `rra` DISABLE KEYS */;
INSERT INTO `rra` VALUES (1,'c21df5178e5c955013591239eb0afd46','Daily (5 Minute Average)',0.5,5,25920,86400),(2,'0d9c0af8b8acdc7807943937b3208e29','Weekly (30 Minute Average)',0.5,30,9000,604800),(3,'6fc2d038fb42950138b0ce3e9874cc60','Monthly (2 Hour Average)',0.5,120,2250,2592000),(4,'e36f3adb9f152adfa5dc50fd2b23337e','Yearly (1 Day Average)',0.5,1440,797,33053184),(5,'283ea2bf1634d92ce081ec82a634f513','Hourly (1 Minute Average)',0.5,1,10080,14400);
/*!40000 ALTER TABLE `rra` ENABLE KEYS */;
UNLOCK TABLES;

--
-- Table structure for table `rra_cf`
--

DROP TABLE IF EXISTS `rra_cf`;
/*!40101 SET @saved_cs_client     = @@character_set_client */;
/*!40101 SET character_set_client = utf8 */;
CREATE TABLE `rra_cf` (
  `rra_id` mediumint(8) unsigned NOT NULL DEFAULT '0',
  `consolidation_function_id` smallint(5) unsigned NOT NULL DEFAULT '0',
  PRIMARY KEY (`rra_id`,`consolidation_function_id`),
  KEY `rra_id` (`rra_id`)
) ENGINE=MyISAM DEFAULT CHARSET=latin1;
/*!40101 SET character_set_client = @saved_cs_client */;

--
-- Dumping data for table `rra_cf`
--

LOCK TABLES `rra_cf` WRITE;
/*!40000 ALTER TABLE `rra_cf` DISABLE KEYS */;
INSERT INTO `rra_cf` VALUES (1,1),(1,3),(2,1),(2,3),(3,1),(3,3),(4,1),(4,3),(5,1),(5,3);
/*!40000 ALTER TABLE `rra_cf` ENABLE KEYS */;
UNLOCK TABLES;

--
-- Table structure for table `settings`
--

DROP TABLE IF EXISTS `settings`;
/*!40101 SET @saved_cs_client     = @@character_set_client */;
/*!40101 SET character_set_client = utf8 */;
CREATE TABLE `settings` (
  `name` varchar(50) NOT NULL DEFAULT '',
  `value` varchar(255) NOT NULL DEFAULT '',
  PRIMARY KEY (`name`)
) ENGINE=MyISAM DEFAULT CHARSET=latin1;
/*!40101 SET character_set_client = @saved_cs_client */;

--
-- Dumping data for table `settings`
--

LOCK TABLES `settings` WRITE;
/*!40000 ALTER TABLE `settings` DISABLE KEYS */;
INSERT INTO `settings` VALUES ('path_php_binary','/usr/bin/php'),('path_rrdtool','/usr/bin/rrdtool'),('path_snmpwalk','/usr/bin/snmpwalk'),('path_snmpget','/usr/bin/snmpget'),('path_snmpbulkwalk','/usr/bin/snmpbulkwalk'),('path_snmpgetnext','/usr/bin/snmpgetnext'),('path_cactilog','/var/log/cacti/cacti.log'),('snmp_version','net-snmp'),('rrdtool_version','rrd-1.4.x'),('poller_enabled','on'),('poller_type','1'),('poller_interval','60'),('cron_interval','60'),('concurrent_processes','1'),('process_leveling','on'),('max_threads','1'),('php_servers','1'),('script_timeout','25'),('max_get_size','10'),('availability_method','2'),('ping_method','2'),('ping_port','23'),('ping_timeout','400'),('ping_retries','1'),('ping_failure_count','2'),('ping_recovery_count','3'),('poller_lastrun','1481303881'),('path_webroot','/usr/share/cacti/site'),('date','2016-12-09 17:18:01'),('stats_poller','Time:0.1107 Method:cmd.php Processes:1 Threads:N/A Hosts:2 HostsPerProcess:2 DataSources:1 RRDsProcessed:1'),('stats_recache','RecacheTime:0.0 HostsRecached:0');
/*!40000 ALTER TABLE `settings` ENABLE KEYS */;
UNLOCK TABLES;

--
-- Table structure for table `settings_graphs`
--

DROP TABLE IF EXISTS `settings_graphs`;
/*!40101 SET @saved_cs_client     = @@character_set_client */;
/*!40101 SET character_set_client = utf8 */;
CREATE TABLE `settings_graphs` (
  `user_id` smallint(8) unsigned NOT NULL DEFAULT '0',
  `name` varchar(50) NOT NULL DEFAULT '',
  `value` varchar(255) NOT NULL DEFAULT '',
  PRIMARY KEY (`user_id`,`name`)
) ENGINE=MyISAM DEFAULT CHARSET=latin1;
/*!40101 SET character_set_client = @saved_cs_client */;

--
-- Dumping data for table `settings_graphs`
--

LOCK TABLES `settings_graphs` WRITE;
/*!40000 ALTER TABLE `settings_graphs` DISABLE KEYS */;
/*!40000 ALTER TABLE `settings_graphs` ENABLE KEYS */;
UNLOCK TABLES;

--
-- Table structure for table `settings_tree`
--

DROP TABLE IF EXISTS `settings_tree`;
/*!40101 SET @saved_cs_client     = @@character_set_client */;
/*!40101 SET character_set_client = utf8 */;
CREATE TABLE `settings_tree` (
  `user_id` mediumint(8) unsigned NOT NULL DEFAULT '0',
  `graph_tree_item_id` mediumint(8) unsigned NOT NULL DEFAULT '0',
  `status` tinyint(1) NOT NULL DEFAULT '0',
  PRIMARY KEY (`user_id`,`graph_tree_item_id`)
) ENGINE=MyISAM DEFAULT CHARSET=latin1;
/*!40101 SET character_set_client = @saved_cs_client */;

--
-- Dumping data for table `settings_tree`
--

LOCK TABLES `settings_tree` WRITE;
/*!40000 ALTER TABLE `settings_tree` DISABLE KEYS */;
/*!40000 ALTER TABLE `settings_tree` ENABLE KEYS */;
UNLOCK TABLES;

--
-- Table structure for table `snmp_query`
--

DROP TABLE IF EXISTS `snmp_query`;
/*!40101 SET @saved_cs_client     = @@character_set_client */;
/*!40101 SET character_set_client = utf8 */;
CREATE TABLE `snmp_query` (
  `id` mediumint(8) unsigned NOT NULL AUTO_INCREMENT,
  `hash` varchar(32) NOT NULL DEFAULT '',
  `xml_path` varchar(255) NOT NULL DEFAULT '',
  `name` varchar(100) NOT NULL DEFAULT '',
  `description` varchar(255) DEFAULT NULL,
  `graph_template_id` mediumint(8) unsigned NOT NULL DEFAULT '0',
  `data_input_id` mediumint(8) unsigned NOT NULL DEFAULT '0',
  PRIMARY KEY (`id`),
  KEY `name` (`name`)
) ENGINE=MyISAM AUTO_INCREMENT=10 DEFAULT CHARSET=latin1;
/*!40101 SET character_set_client = @saved_cs_client */;

--
-- Dumping data for table `snmp_query`
--

LOCK TABLES `snmp_query` WRITE;
/*!40000 ALTER TABLE `snmp_query` DISABLE KEYS */;
INSERT INTO `snmp_query` VALUES (1,'d75e406fdeca4fcef45b8be3a9a63cbc','<path_cacti>/resource/snmp_queries/interface.xml','SNMP - Interface Statistics','Queries a host for a list of monitorable interfaces',0,2),(2,'3c1b27d94ad208a0090f293deadde753','<path_cacti>/resource/snmp_queries/net-snmp_disk.xml','ucd/net -  Get Monitored Partitions','Retrieves a list of monitored partitions/disks from a net-snmp enabled host.',0,2),(3,'59aab7b0feddc7860002ed9303085ba5','<path_cacti>/resource/snmp_queries/kbridge.xml','Karlnet - Wireless Bridge Statistics','Gets information about the wireless connectivity of each station from a Karlnet bridge.',0,2),(4,'ad06f46e22e991cb47c95c7233cfaee8','<path_cacti>/resource/snmp_queries/netware_disk.xml','Netware - Get Available Volumes','Retrieves a list of volumes from a Netware server.',0,2),(6,'8ffa36c1864124b38bcda2ae9bd61f46','<path_cacti>/resource/script_queries/unix_disk.xml','Unix - Get Mounted Partitions','Queries a list of mounted partitions on a unix-based host with the',0,11),(7,'30ec734bc0ae81a3d995be82c73f46c1','<path_cacti>/resource/snmp_queries/netware_cpu.xml','Netware - Get Processor Information','Gets information about running processors in a Netware server',0,2),(8,'9343eab1f4d88b0e61ffc9d020f35414','<path_cacti>/resource/script_server/host_disk.xml','SNMP - Get Mounted Partitions','Gets a list of partitions using SNMP',0,12),(9,'0d1ab53fe37487a5d0b9e1d3ee8c1d0d','<path_cacti>/resource/script_server/host_cpu.xml','SNMP - Get Processor Information','Gets usage for each processor in the system using the host MIB.',0,12);
/*!40000 ALTER TABLE `snmp_query` ENABLE KEYS */;
UNLOCK TABLES;

--
-- Table structure for table `snmp_query_graph`
--

DROP TABLE IF EXISTS `snmp_query_graph`;
/*!40101 SET @saved_cs_client     = @@character_set_client */;
/*!40101 SET character_set_client = utf8 */;
CREATE TABLE `snmp_query_graph` (
  `id` mediumint(8) unsigned NOT NULL AUTO_INCREMENT,
  `hash` varchar(32) NOT NULL DEFAULT '',
  `snmp_query_id` mediumint(8) unsigned NOT NULL DEFAULT '0',
  `name` varchar(100) NOT NULL DEFAULT '',
  `graph_template_id` mediumint(8) unsigned NOT NULL DEFAULT '0',
  PRIMARY KEY (`id`)
) ENGINE=MyISAM AUTO_INCREMENT=23 DEFAULT CHARSET=latin1;
/*!40101 SET character_set_client = @saved_cs_client */;

--
-- Dumping data for table `snmp_query_graph`
--

LOCK TABLES `snmp_query_graph` WRITE;
/*!40000 ALTER TABLE `snmp_query_graph` DISABLE KEYS */;
INSERT INTO `snmp_query_graph` VALUES (2,'a4b829746fb45e35e10474c36c69c0cf',1,'In/Out Errors/Discarded Packets',22),(3,'01e33224f8b15997d3d09d6b1bf83e18',1,'In/Out Non-Unicast Packets',24),(4,'1e6edee3115c42d644dbd014f0577066',1,'In/Out Unicast Packets',23),(6,'da43655bf1f641b07579256227806977',2,'Available/Used Disk Space',3),(7,'1cc468ef92a5779d37a26349e27ef3ba',3,'Wireless Levels',5),(8,'bef2dc94bc84bf91827f45424aac8d2a',3,'Wireless Transmissions',6),(9,'ab93b588c29731ab15db601ca0bc9dec',1,'In/Out Bytes (64-bit Counters)',25),(10,'5a5ce35edb4b195cbde99fd0161dfb4e',4,'Volume Information (free, freeable space)',19),(11,'c1c2cfd33eaf5064300e92e26e20bc56',4,'Directory Information (total/available entries)',20),(13,'ae34f5f385bed8c81a158bf3030f1089',1,'In/Out Bits',2),(14,'1e16a505ddefb40356221d7a50619d91',1,'In/Out Bits (64-bit Counters)',2),(15,'a0b3e7b63c2e66f9e1ea24a16ff245fc',6,'Available Disk Space',21),(16,'d1e0d9b8efd4af98d28ce2aad81a87e7',1,'In/Out Bytes',25),(17,'f6db4151aa07efa401a0af6c9b871844',7,'Get Processor Utilization',15),(18,'46c4ee688932cf6370459527eceb8ef3',8,'Available Disk Space',26),(19,'4a515b61441ea5f27ab7dee6c3cb7818',9,'Get Processor Utilization',27),(20,'ed7f68175d7bb83db8ead332fc945720',1,'In/Out Bits with 95th Percentile',31),(21,'f85386cd2fc94634ef167c7f1e5fbcd0',1,'In/Out Bits with Total Bandwidth',32),(22,'7d309bf200b6e3cdb59a33493c2e58e0',1,'In/Out Bytes with Total Bandwidth',33);
/*!40000 ALTER TABLE `snmp_query_graph` ENABLE KEYS */;
UNLOCK TABLES;

--
-- Table structure for table `snmp_query_graph_rrd`
--

DROP TABLE IF EXISTS `snmp_query_graph_rrd`;
/*!40101 SET @saved_cs_client     = @@character_set_client */;
/*!40101 SET character_set_client = utf8 */;
CREATE TABLE `snmp_query_graph_rrd` (
  `snmp_query_graph_id` mediumint(8) unsigned NOT NULL DEFAULT '0',
  `data_template_id` mediumint(8) unsigned NOT NULL DEFAULT '0',
  `data_template_rrd_id` mediumint(8) unsigned NOT NULL DEFAULT '0',
  `snmp_field_name` varchar(50) NOT NULL DEFAULT '0',
  PRIMARY KEY (`snmp_query_graph_id`,`data_template_id`,`data_template_rrd_id`),
  KEY `data_template_rrd_id` (`data_template_rrd_id`),
  KEY `snmp_query_graph_id` (`snmp_query_graph_id`)
) ENGINE=MyISAM DEFAULT CHARSET=latin1;
/*!40101 SET character_set_client = @saved_cs_client */;

--
-- Dumping data for table `snmp_query_graph_rrd`
--

LOCK TABLES `snmp_query_graph_rrd` WRITE;
/*!40000 ALTER TABLE `snmp_query_graph_rrd` DISABLE KEYS */;
INSERT INTO `snmp_query_graph_rrd` VALUES (2,38,47,'ifInDiscards'),(3,40,52,'ifOutNUcastPkts'),(3,40,53,'ifInNUcastPkts'),(4,39,48,'ifInUcastPkts'),(2,38,51,'ifOutErrors'),(9,41,55,'ifHCOutOctets'),(9,41,54,'ifHCInOctets'),(2,38,50,'ifOutDiscards'),(2,38,46,'ifInErrors'),(13,41,54,'ifInOctets'),(14,41,54,'ifHCInOctets'),(14,41,55,'ifHCOutOctets'),(13,41,55,'ifOutOctets'),(4,39,49,'ifOutUcastPkts'),(15,37,44,'dskAvailable'),(16,41,54,'ifInOctets'),(16,41,55,'ifOutOctets'),(15,37,56,'dskUsed'),(18,43,78,'hrStorageUsed'),(18,43,92,'hrStorageSize'),(19,44,79,'hrProcessorLoad'),(20,41,55,'ifOutOctets'),(20,41,54,'ifInOctets'),(21,41,55,'ifOutOctets'),(21,41,54,'ifInOctets'),(22,41,55,'ifOutOctets'),(22,41,54,'ifInOctets');
/*!40000 ALTER TABLE `snmp_query_graph_rrd` ENABLE KEYS */;
UNLOCK TABLES;

--
-- Table structure for table `snmp_query_graph_rrd_sv`
--

DROP TABLE IF EXISTS `snmp_query_graph_rrd_sv`;
/*!40101 SET @saved_cs_client     = @@character_set_client */;
/*!40101 SET character_set_client = utf8 */;
CREATE TABLE `snmp_query_graph_rrd_sv` (
  `id` mediumint(8) unsigned NOT NULL AUTO_INCREMENT,
  `hash` varchar(32) NOT NULL DEFAULT '',
  `snmp_query_graph_id` mediumint(8) unsigned NOT NULL DEFAULT '0',
  `data_template_id` mediumint(8) unsigned NOT NULL DEFAULT '0',
  `sequence` mediumint(8) unsigned NOT NULL DEFAULT '0',
  `field_name` varchar(100) NOT NULL DEFAULT '',
  `text` varchar(255) NOT NULL DEFAULT '',
  PRIMARY KEY (`id`),
  KEY `snmp_query_graph_id` (`snmp_query_graph_id`),
  KEY `data_template_id` (`data_template_id`)
) ENGINE=MyISAM AUTO_INCREMENT=110 DEFAULT CHARSET=latin1;
/*!40101 SET character_set_client = @saved_cs_client */;

--
-- Dumping data for table `snmp_query_graph_rrd_sv`
--

LOCK TABLES `snmp_query_graph_rrd_sv` WRITE;
/*!40000 ALTER TABLE `snmp_query_graph_rrd_sv` DISABLE KEYS */;
INSERT INTO `snmp_query_graph_rrd_sv` VALUES (80,'27eb220995925e1a5e0e41b2582a2af6',16,41,1,'rrd_maximum','|query_ifSpeed|'),(85,'e85ddc56efa677b70448f9e931360b77',14,41,1,'rrd_maximum','|query_ifSpeed|'),(84,'37bb8c5b38bb7e89ec88ea7ccacf44d4',14,41,4,'name','|host_description| - Traffic - |query_ifDescr|'),(83,'62a47c18be10f273a5f5a13a76b76f54',14,41,3,'name','|host_description| - Traffic - |query_ifIP|/|query_ifDescr|'),(32,'',12,37,1,'name','|host_description| - Partition - |query_dskDevice|'),(49,'6537b3209e0697fbec278e94e7317b52',2,38,1,'name','|host_description| - Errors - |query_ifIP| - |query_ifName|'),(50,'6d3f612051016f48c951af8901720a1c',2,38,2,'name','|host_description| - Errors - |query_ifName|'),(51,'62bc981690576d0b2bd0041ec2e4aa6f',2,38,3,'name','|host_description| - Errors - |query_ifIP|/|query_ifDescr|'),(52,'adb270d55ba521d205eac6a21478804a',2,38,4,'name','|host_description| - Errors - |query_ifDescr|'),(54,'77065435f3bbb2ff99bc3b43b81de8fe',3,40,1,'name','|host_description| - Non-Unicast Packets - |query_ifIP| - |query_ifName|'),(55,'240d8893092619c97a54265e8d0b86a1',3,40,2,'name','|host_description| - Non-Unicast Packets - |query_ifName|'),(56,'4b200ecf445bdeb4c84975b74991df34',3,40,3,'name','|host_description| - Non-Unicast Packets - |query_ifIP|/|query_ifDescr|'),(57,'d6da3887646078e4d01fe60a123c2179',3,40,4,'name','|host_description| - Non-Unicast Packets - |query_ifDescr|'),(59,'ce7769b97d80ca31d21f83dc18ba93c2',4,39,1,'name','|host_description| - Unicast Packets - |query_ifIP| - |query_ifName|'),(60,'1ee1f9717f3f4771f7f823ca5a8b83dd',4,39,2,'name','|host_description| - Unicast Packets - |query_ifName|'),(61,'a7dbd54604533b592d4fae6e67587e32',4,39,3,'name','|host_description| - Unicast Packets - |query_ifIP|/|query_ifDescr|'),(62,'b148fa7199edcf06cd71c89e5c5d7b63',4,39,4,'name','|host_description| - Unicast Packets - |query_ifDescr|'),(69,'cb09784ba05e401a3f1450126ed1e395',15,37,1,'name','|host_description| - Free Space - |query_dskDevice|'),(70,'87a659326af8c75158e5142874fd74b0',13,41,1,'name','|host_description| - Traffic - |query_ifIP| - |query_ifName|'),(72,'14aa2dead86bbad0f992f1514722c95e',13,41,2,'name','|host_description| - Traffic - |query_ifName|'),(73,'70390712158c3c5052a7d830fb456489',13,41,3,'name','|host_description| - Traffic - |query_ifIP|/|query_ifDescr|'),(74,'084efd82bbddb69fb2ac9bd0b0f16ac6',13,41,4,'name','|host_description| - Traffic - |query_ifDescr|'),(75,'7e093c535fa3d810fa76fc3d8c80c94b',13,41,1,'rrd_maximum','|query_ifSpeed|'),(76,'c7ee2110bf81639086d2da03d9d88286',16,41,1,'name','|host_description| - Traffic - |query_ifIP| - |query_ifName|'),(77,'8ef8ae2ef548892ab95bb6c9f0b3170e',16,41,2,'name','|host_description| - Traffic - |query_ifName|'),(78,'3a0f707d1c8fd0e061b70241541c7e2e',16,41,3,'name','|host_description| - Traffic - |query_ifIP|/|query_ifDescr|'),(79,'2347e9f53564a54d43f3c00d4b60040d',16,41,4,'name','|host_description| - Traffic - |query_ifDescr|'),(81,'2e8b27c63d98249096ad5bc320787f43',14,41,1,'name','|host_description| - Traffic - |query_ifIP| - |query_ifName|'),(82,'8d820d091ec1a9683cfa74a462f239ee',14,41,2,'name','|host_description| - Traffic - |query_ifName|'),(86,'c582d3b37f19e4a703d9bf4908dc6548',9,41,1,'name','|host_description| - Traffic - |query_ifIP| - |query_ifName|'),(88,'e1be83d708ed3c0b8715ccb6517a0365',9,41,2,'name','|host_description| - Traffic - |query_ifName|'),(89,'57a9ae1f197498ca8dcde90194f61cbc',9,41,3,'name','|host_description| - Traffic - |query_ifIP|/|query_ifDescr|'),(90,'0110e120981c7ff15304e4a85cb42cbe',9,41,4,'name','|host_description| - Traffic - |query_ifDescr|'),(91,'ce0b9c92a15759d3ddbd7161d26a98b7',9,41,1,'rrd_maximum','|query_ifSpeed|'),(93,'a3f280327b1592a1a948e256380b544f',18,43,1,'name','|host_description| - Used Space - |query_hrStorageDescr|'),(94,'b5a724edc36c10891fa2a5c370d55b6f',19,44,1,'name','|host_description| - CPU Utilization - CPU|query_hrProcessorFrwID|'),(95,'7e87efd0075caba9908e2e6e569b25b0',20,41,1,'name','|host_description| - Traffic - |query_ifIP| - |query_ifName|'),(96,'dd28d96a253ab86846aedb25d1cca712',20,41,2,'name','|host_description| - Traffic - |query_ifName|'),(97,'ce425fed4eb3174e4f1cde9713eeafa0',20,41,3,'name','|host_description| - Traffic - |query_ifIP|/|query_ifDescr|'),(98,'d0d05156ddb2c65181588db4b64d3907',20,41,4,'name','|host_description| - Traffic - |query_ifDescr|'),(99,'3b018f789ff72cc5693ef79e3a794370',20,41,1,'rrd_maximum','|query_ifSpeed|'),(100,'b225229dbbb48c1766cf90298674ceed',21,41,1,'name','|host_description| - Traffic - |query_ifIP| - |query_ifName|'),(101,'c79248ddbbd195907260887b021a055d',21,41,2,'name','|host_description| - Traffic - |query_ifName|'),(102,'12a6750d973b7f14783f205d86220082',21,41,3,'name','|host_description| - Traffic - |query_ifIP|/|query_ifDescr|'),(103,'25b151fcfe093812cb5c208e36dd697e',21,41,4,'name','|host_description| - Traffic - |query_ifDescr|'),(104,'e9ab404a294e406c20fdd30df766161f',21,41,1,'rrd_maximum','|query_ifSpeed|'),(105,'119578a4f01ab47e820b0e894e5e5bb3',22,41,1,'name','|host_description| - Traffic - |query_ifIP| - |query_ifName|'),(106,'940e57d24b2623849c77b59ed05931b9',22,41,2,'name','|host_description| - Traffic - |query_ifName|'),(107,'0f045eab01bbc4437b30da568ed5cb03',22,41,3,'name','|host_description| - Traffic - |query_ifIP|/|query_ifDescr|'),(108,'bd70bf71108d32f0bf91b24c85b87ff0',22,41,4,'name','|host_description| - Traffic - |query_ifDescr|'),(109,'fdc4cb976c4b9053bfa2af791a21c5b5',22,41,1,'rrd_maximum','|query_ifSpeed|');
/*!40000 ALTER TABLE `snmp_query_graph_rrd_sv` ENABLE KEYS */;
UNLOCK TABLES;

--
-- Table structure for table `snmp_query_graph_sv`
--

DROP TABLE IF EXISTS `snmp_query_graph_sv`;
/*!40101 SET @saved_cs_client     = @@character_set_client */;
/*!40101 SET character_set_client = utf8 */;
CREATE TABLE `snmp_query_graph_sv` (
  `id` mediumint(8) unsigned NOT NULL AUTO_INCREMENT,
  `hash` varchar(32) NOT NULL DEFAULT '',
  `snmp_query_graph_id` mediumint(8) unsigned NOT NULL DEFAULT '0',
  `sequence` mediumint(8) unsigned NOT NULL DEFAULT '0',
  `field_name` varchar(100) NOT NULL DEFAULT '',
  `text` varchar(255) NOT NULL DEFAULT '',
  PRIMARY KEY (`id`),
  KEY `snmp_query_graph_id` (`snmp_query_graph_id`)
) ENGINE=MyISAM AUTO_INCREMENT=50 DEFAULT CHARSET=latin1;
/*!40101 SET character_set_client = @saved_cs_client */;

--
-- Dumping data for table `snmp_query_graph_sv`
--

LOCK TABLES `snmp_query_graph_sv` WRITE;
/*!40000 ALTER TABLE `snmp_query_graph_sv` DISABLE KEYS */;
INSERT INTO `snmp_query_graph_sv` VALUES (7,'437918b8dcd66a64625c6cee481fff61',6,1,'title','|host_description| - Disk Space - |query_dskPath|'),(5,'2ddc61ff4bd9634f33aedce9524b7690',7,1,'title','|host_description| - Wireless Levels (|query_kbWirelessStationName|)'),(6,'c72e2da7af2cdbd6b44a5eb42c5b4758',8,1,'title','|host_description| - Wireless Transmissions (|query_kbWirelessStationName|)'),(11,'a412c5dfa484b599ec0f570979fdbc9e',10,1,'title','|host_description| - Volume Information - |query_nwVolPhysicalName|'),(12,'48f4792dd49fefd7d640ec46b1d7bdb3',11,1,'title','|host_description| - Directory Information - |query_nwVolPhysicalName|'),(14,'',12,1,'title','|host_description| - Disk Space - |query_dskDevice|'),(15,'49dca5592ac26ff149a4fbd18d690644',13,1,'title','|host_description| - Traffic - |query_ifName|'),(16,'bda15298139ad22bdc8a3b0952d4e3ab',13,2,'title','|host_description| - Traffic - |query_ifIP| (|query_ifDescr|)'),(17,'29e48483d0471fcd996bfb702a5960aa',13,3,'title','|host_description| - Traffic - |query_ifDescr|/|query_ifIndex|'),(18,'3f42d358965cb94ce4f708b59e04f82b',14,1,'title','|host_description| - Traffic - |query_ifName|'),(19,'45f44b2f811ea8a8ace1cbed8ef906f1',14,2,'title','|host_description| - Traffic - |query_ifIP| (|query_ifDescr|)'),(20,'69c14fbcc23aecb9920b3cdad7f89901',14,3,'title','|host_description| - Traffic - |query_ifDescr|/|query_ifIndex|'),(21,'299d3434851fc0d5c0e105429069709d',2,1,'title','|host_description| - Errors - |query_ifName|'),(22,'8c8860b17fd67a9a500b4cb8b5e19d4b',2,2,'title','|host_description| - Errors - |query_ifIP| (|query_ifDescr|)'),(23,'d96360ae5094e5732e7e7496ceceb636',2,3,'title','|host_description| - Errors - |query_ifDescr|/|query_ifIndex|'),(24,'750a290cadc3dc60bb682a5c5f47df16',3,1,'title','|host_description| - Non-Unicast Packets - |query_ifName|'),(25,'bde195eecc256c42ca9725f1f22c1dc0',3,2,'title','|host_description| - Non-Unicast Packets - |query_ifIP| (|query_ifDescr|)'),(26,'d9e97d22689e4ffddaca23b46f2aa306',3,3,'title','|host_description| - Non-Unicast Packets - |query_ifDescr|/|query_ifIndex|'),(27,'48ceaba62e0c2671a810a7f1adc5f751',4,1,'title','|host_description| - Unicast Packets - |query_ifName|'),(28,'d6258884bed44abe46d264198adc7c5d',4,2,'title','|host_description| - Unicast Packets - |query_ifIP| (|query_ifDescr|)'),(29,'6eb58d9835b2b86222306d6ced9961d9',4,3,'title','|host_description| - Unicast Packets - |query_ifDescr|/|query_ifIndex|'),(30,'f21b23df740bc4a2d691d2d7b1b18dba',15,1,'title','|host_description| - Disk Space - |query_dskDevice|'),(31,'7fb4a267065f960df81c15f9022cd3a4',16,1,'title','|host_description| - Traffic - |query_ifName|'),(32,'e403f5a733bf5c8401a110609683deb3',16,2,'title','|host_description| - Traffic - |query_ifIP| (|query_ifDescr|)'),(33,'809c2e80552d56b65ca496c1c2fff398',16,3,'title','|host_description| - Traffic - |query_ifDescr|/|query_ifIndex|'),(34,'0a5eb36e98c04ad6be8e1ef66caeed3c',9,1,'title','|host_description| - Traffic - |query_ifName|'),(35,'4c4386a96e6057b7bd0b78095209ddfa',9,2,'title','|host_description| - Traffic - |query_ifIP| (|query_ifDescr|)'),(36,'fd3a384768b0388fa64119fe2f0cc113',9,3,'title','|host_description| - Traffic - |query_ifDescr|/|query_ifIndex|'),(38,'9852782792ede7c0805990e506ac9618',18,1,'title','|host_description| - Used Space - |query_hrStorageDescr|'),(39,'fa2f07ab54fce72eea684ba893dd9c95',19,1,'title','|host_description| - CPU Utilization - CPU|query_hrProcessorFrwID|'),(40,'d99f8db04fd07bcd2260d246916e03da',17,1,'title','|host_description| - CPU Utilization - CPU|query_nwhrProcessorNum|'),(41,'f434ec853c479d424276f367e9806a75',20,1,'title','|host_description| - Traffic - |query_ifName|'),(42,'9b085245847444c5fb90ebbf4448e265',20,2,'title','|host_description| - Traffic - |query_ifIP| (|query_ifDescr|)'),(43,'5977863f28629bd8eb93a2a9cbc3e306',20,3,'title','|host_description| - Traffic - |query_ifDescr|/|query_ifIndex|'),(44,'37b6711af3930c56309cf8956d8bbf14',21,1,'title','|host_description| - Traffic - |query_ifName|'),(45,'cc435c5884a75421329a9b08207c1c90',21,2,'title','|host_description| - Traffic - |query_ifIP| (|query_ifDescr|)'),(46,'82edeea1ec249c9818773e3145836492',21,3,'title','|host_description| - Traffic - |query_ifDescr|/|query_ifIndex|'),(47,'87522150ee8a601b4d6a1f6b9e919c47',22,1,'title','|host_description| - Traffic - |query_ifName|'),(48,'993a87c04f550f1209d689d584aa8b45',22,2,'title','|host_description| - Traffic - |query_ifIP| (|query_ifDescr|)'),(49,'183bb486c92a566fddcb0585ede37865',22,3,'title','|host_description| - Traffic - |query_ifDescr|/|query_ifIndex|');
/*!40000 ALTER TABLE `snmp_query_graph_sv` ENABLE KEYS */;
UNLOCK TABLES;

--
-- Table structure for table `user_auth`
--

DROP TABLE IF EXISTS `user_auth`;
/*!40101 SET @saved_cs_client     = @@character_set_client */;
/*!40101 SET character_set_client = utf8 */;
CREATE TABLE `user_auth` (
  `id` mediumint(8) unsigned NOT NULL AUTO_INCREMENT,
  `username` varchar(50) NOT NULL DEFAULT '0',
  `password` varchar(50) NOT NULL DEFAULT '0',
  `realm` mediumint(8) NOT NULL DEFAULT '0',
  `full_name` varchar(100) DEFAULT '0',
  `must_change_password` char(2) DEFAULT NULL,
  `show_tree` char(2) DEFAULT 'on',
  `show_list` char(2) DEFAULT 'on',
  `show_preview` char(2) NOT NULL DEFAULT 'on',
  `graph_settings` char(2) DEFAULT NULL,
  `login_opts` tinyint(1) NOT NULL DEFAULT '1',
  `policy_graphs` tinyint(1) unsigned NOT NULL DEFAULT '1',
  `policy_trees` tinyint(1) unsigned NOT NULL DEFAULT '1',
  `policy_hosts` tinyint(1) unsigned NOT NULL DEFAULT '1',
  `policy_graph_templates` tinyint(1) unsigned NOT NULL DEFAULT '1',
  `enabled` char(2) NOT NULL DEFAULT 'on',
  PRIMARY KEY (`id`),
  KEY `username` (`username`),
  KEY `realm` (`realm`),
  KEY `enabled` (`enabled`)
) ENGINE=MyISAM AUTO_INCREMENT=4 DEFAULT CHARSET=latin1;
/*!40101 SET character_set_client = @saved_cs_client */;

--
-- Dumping data for table `user_auth`
--

LOCK TABLES `user_auth` WRITE;
/*!40000 ALTER TABLE `user_auth` DISABLE KEYS */;
INSERT INTO `user_auth` VALUES (1,'admin','21232f297a57a5a743894a0e4a801fc3',0,'Administrator','on','on','on','on','on',1,1,1,1,1,'on'),(3,'guest','43e9a4ab75570f5b',0,'Guest Account','on','on','on','on','on',3,1,1,1,1,'');
/*!40000 ALTER TABLE `user_auth` ENABLE KEYS */;
UNLOCK TABLES;

--
-- Table structure for table `user_auth_perms`
--

DROP TABLE IF EXISTS `user_auth_perms`;
/*!40101 SET @saved_cs_client     = @@character_set_client */;
/*!40101 SET character_set_client = utf8 */;
CREATE TABLE `user_auth_perms` (
  `user_id` mediumint(8) unsigned NOT NULL DEFAULT '0',
  `item_id` mediumint(8) unsigned NOT NULL DEFAULT '0',
  `type` tinyint(2) unsigned NOT NULL DEFAULT '0',
  PRIMARY KEY (`user_id`,`item_id`,`type`),
  KEY `user_id` (`user_id`,`type`)
) ENGINE=MyISAM DEFAULT CHARSET=latin1;
/*!40101 SET character_set_client = @saved_cs_client */;

--
-- Dumping data for table `user_auth_perms`
--

LOCK TABLES `user_auth_perms` WRITE;
/*!40000 ALTER TABLE `user_auth_perms` DISABLE KEYS */;
/*!40000 ALTER TABLE `user_auth_perms` ENABLE KEYS */;
UNLOCK TABLES;

--
-- Table structure for table `user_auth_realm`
--

DROP TABLE IF EXISTS `user_auth_realm`;
/*!40101 SET @saved_cs_client     = @@character_set_client */;
/*!40101 SET character_set_client = utf8 */;
CREATE TABLE `user_auth_realm` (
  `realm_id` mediumint(8) unsigned NOT NULL DEFAULT '0',
  `user_id` mediumint(8) unsigned NOT NULL DEFAULT '0',
  PRIMARY KEY (`realm_id`,`user_id`),
  KEY `user_id` (`user_id`)
) ENGINE=MyISAM DEFAULT CHARSET=latin1;
/*!40101 SET character_set_client = @saved_cs_client */;

--
-- Dumping data for table `user_auth_realm`
--

LOCK TABLES `user_auth_realm` WRITE;
/*!40000 ALTER TABLE `user_auth_realm` DISABLE KEYS */;
INSERT INTO `user_auth_realm` VALUES (1,1),(2,1),(3,1),(4,1),(5,1),(7,1),(7,3),(8,1),(9,1),(10,1),(11,1),(12,1),(13,1),(14,1),(15,1),(16,1),(17,1),(101,1);
/*!40000 ALTER TABLE `user_auth_realm` ENABLE KEYS */;
UNLOCK TABLES;

--
-- Table structure for table `user_log`
--

DROP TABLE IF EXISTS `user_log`;
/*!40101 SET @saved_cs_client     = @@character_set_client */;
/*!40101 SET character_set_client = utf8 */;
CREATE TABLE `user_log` (
  `username` varchar(50) NOT NULL DEFAULT '0',
  `user_id` mediumint(8) NOT NULL DEFAULT '0',
  `time` datetime NOT NULL DEFAULT '0000-00-00 00:00:00',
  `result` tinyint(1) NOT NULL DEFAULT '0',
  `ip` varchar(40) NOT NULL DEFAULT '',
  PRIMARY KEY (`username`,`user_id`,`time`),
  KEY `username` (`username`),
  KEY `user_id` (`user_id`)
) ENGINE=MyISAM DEFAULT CHARSET=latin1;
/*!40101 SET character_set_client = @saved_cs_client */;

--
-- Dumping data for table `user_log`
--

LOCK TABLES `user_log` WRITE;
/*!40000 ALTER TABLE `user_log` DISABLE KEYS */;
INSERT INTO `user_log` VALUES ('admin',1,'2016-11-12 15:43:32',1,'192.168.235.1'),('admin',0,'0000-00-00 00:00:00',3,'192.168.235.1'),('admin',1,'2016-12-09 16:07:33',1,'192.168.235.1'),('admin',1,'2016-12-09 16:09:32',1,'192.168.235.1'),('admin',1,'2016-12-09 17:18:10',1,'192.168.235.1');
/*!40000 ALTER TABLE `user_log` ENABLE KEYS */;
UNLOCK TABLES;

--
-- Table structure for table `version`
--

DROP TABLE IF EXISTS `version`;
/*!40101 SET @saved_cs_client     = @@character_set_client */;
/*!40101 SET character_set_client = utf8 */;
CREATE TABLE `version` (
  `cacti` char(20) DEFAULT NULL
) ENGINE=MyISAM DEFAULT CHARSET=latin1;
/*!40101 SET character_set_client = @saved_cs_client */;

--
-- Dumping data for table `version`
--

LOCK TABLES `version` WRITE;
/*!40000 ALTER TABLE `version` DISABLE KEYS */;
INSERT INTO `version` VALUES ('0.8.8b');
/*!40000 ALTER TABLE `version` ENABLE KEYS */;
UNLOCK TABLES;
/*!40103 SET TIME_ZONE=@OLD_TIME_ZONE */;

/*!40101 SET SQL_MODE=@OLD_SQL_MODE */;
/*!40014 SET FOREIGN_KEY_CHECKS=@OLD_FOREIGN_KEY_CHECKS */;
/*!40014 SET UNIQUE_CHECKS=@OLD_UNIQUE_CHECKS */;
/*!40101 SET CHARACTER_SET_CLIENT=@OLD_CHARACTER_SET_CLIENT */;
/*!40101 SET CHARACTER_SET_RESULTS=@OLD_CHARACTER_SET_RESULTS */;
/*!40101 SET COLLATION_CONNECTION=@OLD_COLLATION_CONNECTION */;
/*!40111 SET SQL_NOTES=@OLD_SQL_NOTES */;

-- Dump completed on 2016-12-09 17:18:53
